CustomerID,CustomerName,Email,Country,Region,JoinDate,CustomerTier,LifetimeSpend
CUST000001,Customer 1,customer1@email.com,France,West,16/11/2023,Gold,191.65
CUST000002,Customer 2,customer2@email.com,France,South,14/02/2025,Platinum,155.22
CUST000003,Customer 3,customer3@email.com,Canada,South,02/06/2025,Platinum,605.89
CUST000004,Customer 4,customer4@email.com,Japan,Central,31/05/2026,Gold,712.9
CUST000005,Customer 5,customer5@email.com,USA,West,24/04/2023,Gold,116.05
CUST000006,Customer 6,customer6@email.com,USA,Central,03/02/2020,Platinum,1476.1
CUST000007,Customer 7,customer7@email.com,Germany,Central,18/03/2023,Gold,126.69
CUST000008,Customer 8,customer8@email.com,Germany,Central,16/06/2022,Gold,489.68
CUST000009,Customer 9,customer9@email.com,Canada,North,14/07/2021,Gold,717.32
CUST000010,Customer 10,customer10@email.com,USA,Central,10/12/2024,Gold,1123.85
CUST000011,Customer 11,customer11@email.com,Canada,East,22/06/2021,Gold,726.03
CUST000012,Customer 12,customer12@email.com,UK,South,28/08/2024,Silver,909.06
CUST000013,Customer 13,customer13@email.com,Japan,Central,18/01/2026,Gold,307.34
CUST000014,Customer 14,customer14@email.com,France,West,04/11/2021,Gold,943.23
CUST000015,Customer 15,customer15@email.com,Canada,West,19/10/2023,Bronze,141.75
CUST000016,Customer 16,customer16@email.com,Germany,West,30/07/2021,Gold,1226.03
CUST000017,Customer 17,customer17@email.com,Australia,North,04/01/2021,Gold,496.59
CUST000018,Customer 18,customer18@email.com,Canada,West,06/01/2026,Gold,949.95
CUST000019,Customer 19,customer19@email.com,Australia,East,09/12/2022,Bronze,401.03
CUST000020,Customer 20,customer20@email.com,India,North,15/08/2022,Gold,615.82
CUST000021,Customer 21,customer21@email.com,Germany,North,03/11/2026,Platinum,473.7
CUST000022,Customer 22,customer22@email.com,Australia,North,22/05/2023,Silver,757.62
CUST000023,Customer 23,customer23@email.com,USA,East,04/07/2020,Platinum,142.58
CUST000024,Customer 24,customer24@email.com,Canada,South,20/04/2021,Silver,131.13
CUST000025,Customer 25,customer25@email.com,India,East,10/05/2024,Platinum,241.91
CUST000026,Customer 26,customer26@email.com,UK,West,02/08/2026,Bronze,186.91
CUST000027,Customer 27,customer27@email.com,Australia,East,27/06/2025,Bronze,1127.02
CUST000028,Customer 28,customer28@email.com,Germany,West,26/02/2024,Platinum,223.73
CUST000029,Customer 29,customer29@email.com,Japan,North,25/08/2022,Gold,1962.05
CUST000030,Customer 30,customer30@email.com,Japan,North,08/02/2026,Platinum,305.41
CUST000031,Customer 31,customer31@email.com,Germany,North,04/02/2023,Platinum,200.52
CUST000032,Customer 32,customer32@email.com,Germany,Central,10/01/2021,Bronze,879.61
CUST000033,Customer 33,customer33@email.com,Japan,South,26/07/2020,Silver,637.51
CUST000034,Customer 34,customer34@email.com,Germany,North,01/05/2026,Silver,444.77
CUST000035,Customer 35,customer35@email.com,Germany,South,29/07/2026,Gold,505.25
CUST000036,Customer 36,customer36@email.com,USA,East,27/08/2021,Silver,735.06
CUST000037,Customer 37,customer37@email.com,France,South,16/06/2021,Bronze,229.68
CUST000038,Customer 38,customer38@email.com,UK,North,15/04/2020,Gold,2904.32
CUST000039,Customer 39,customer39@email.com,Japan,North,01/09/2022,Silver,1940.32
CUST000040,Customer 40,customer40@email.com,USA,South,22/12/2022,Platinum,625.38
CUST000041,Customer 41,customer41@email.com,Canada,North,24/11/2025,Platinum,211.29
CUST000042,Customer 42,customer42@email.com,Japan,Central,10/01/2025,Bronze,670.07
CUST000043,Customer 43,customer43@email.com,Germany,Central,25/01/2025,Bronze,137.47
CUST000044,Customer 44,customer44@email.com,France,West,05/11/2025,Bronze,115.57
CUST000045,Customer 45,customer45@email.com,India,West,06/09/2020,Platinum,248.99
CUST000046,Customer 46,customer46@email.com,India,West,18/03/2021,Bronze,410.53
CUST000047,Customer 47,customer47@email.com,Japan,Central,26/11/2020,Silver,1113.51
CUST000048,Customer 48,customer48@email.com,UK,East,26/09/2020,Gold,749.45
CUST000049,Customer 49,customer49@email.com,France,West,09/04/2024,Platinum,778.77
CUST000050,Customer 50,customer50@email.com,Canada,Central,10/02/2021,Silver,377.12
CUST000051,Customer 51,customer51@email.com,India,South,27/10/2024,Platinum,312.27
CUST000052,Customer 52,customer52@email.com,India,West,20/10/2023,Platinum,331.84
CUST000053,Customer 53,customer53@email.com,Japan,West,24/01/2021,Gold,2297.03
CUST000054,Customer 54,customer54@email.com,Japan,South,10/11/2022,Platinum,120.47
CUST000055,Customer 55,customer55@email.com,Canada,North,01/10/2020,Bronze,1108.82
CUST000056,Customer 56,customer56@email.com,Canada,East,03/11/2024,Silver,532.18
CUST000057,Customer 57,customer57@email.com,USA,Central,28/03/2026,Gold,388.67
CUST000058,Customer 58,customer58@email.com,Australia,East,15/05/2021,Platinum,745.96
CUST000059,Customer 59,customer59@email.com,France,Central,29/07/2020,Gold,433.42
CUST000060,Customer 60,customer60@email.com,Canada,Central,11/12/2023,Silver,1133.45
CUST000061,Customer 61,customer61@email.com,India,South,25/09/2021,Bronze,1254.81
CUST000062,Customer 62,customer62@email.com,Japan,North,05/12/2023,Gold,373.85
CUST000063,Customer 63,customer63@email.com,Germany,West,09/06/2026,Bronze,262.05
CUST000064,Customer 64,customer64@email.com,France,North,30/10/2026,Silver,548.67
CUST000065,Customer 65,customer65@email.com,France,East,24/01/2023,Gold,1317.28
CUST000066,Customer 66,customer66@email.com,UK,South,26/01/2020,Platinum,218.28
CUST000067,Customer 67,customer67@email.com,UK,North,12/10/2020,Bronze,587.71
CUST000068,Customer 68,customer68@email.com,Germany,West,12/12/2025,Platinum,599.24
CUST000069,Customer 69,customer69@email.com,Japan,South,01/02/2025,Gold,760.47
CUST000070,Customer 70,customer70@email.com,Japan,Central,30/06/2023,Bronze,170.53
CUST000071,Customer 71,customer71@email.com,UK,South,03/08/2020,Bronze,729.08
CUST000072,Customer 72,customer72@email.com,France,West,30/11/2020,Platinum,1298.63
CUST000073,Customer 73,customer73@email.com,India,West,12/06/2025,Gold,199.03
CUST000074,Customer 74,customer74@email.com,Canada,East,01/06/2022,Platinum,235.6
CUST000075,Customer 75,customer75@email.com,France,Central,30/03/2021,Platinum,1877.09
CUST000076,Customer 76,customer76@email.com,France,North,28/11/2025,Silver,199.82
CUST000077,Customer 77,customer77@email.com,USA,North,06/06/2024,Silver,1063.39
CUST000078,Customer 78,customer78@email.com,Germany,South,19/05/2023,Gold,438.91
CUST000079,Customer 79,customer79@email.com,Japan,North,31/03/2023,Bronze,242
CUST000080,Customer 80,customer80@email.com,Australia,South,30/07/2025,Silver,1123
CUST000081,Customer 81,customer81@email.com,Germany,Central,06/04/2024,Gold,394.67
CUST000082,Customer 82,customer82@email.com,Australia,North,22/10/2020,Platinum,461.61
CUST000083,Customer 83,customer83@email.com,India,North,17/03/2020,Gold,322.54
CUST000084,Customer 84,customer84@email.com,Australia,Central,16/06/2026,Platinum,549.41
CUST000085,Customer 85,customer85@email.com,France,North,06/09/2024,Platinum,189.28
CUST000086,Customer 86,customer86@email.com,Japan,South,26/03/2020,Platinum,348.04
CUST000087,Customer 87,customer87@email.com,Canada,West,22/01/2024,Bronze,1843.58
CUST000088,Customer 88,customer88@email.com,Australia,Central,23/09/2022,Platinum,249.29
CUST000089,Customer 89,customer89@email.com,Canada,West,16/11/2025,Gold,634.63
CUST000090,Customer 90,customer90@email.com,Germany,East,22/10/2023,Silver,296.66
CUST000091,Customer 91,customer91@email.com,Canada,Central,08/11/2020,Silver,842.45
CUST000092,Customer 92,customer92@email.com,Japan,South,02/12/2023,Silver,170.13
CUST000093,Customer 93,customer93@email.com,UK,East,25/02/2021,Silver,1850.31
CUST000094,Customer 94,customer94@email.com,UK,North,11/12/2021,Silver,402.38
CUST000095,Customer 95,customer95@email.com,India,Central,16/07/2025,Platinum,234.63
CUST000096,Customer 96,customer96@email.com,Japan,East,01/05/2026,Silver,138.17
CUST000097,Customer 97,customer97@email.com,Canada,West,06/12/2024,Platinum,193.02
CUST000098,Customer 98,customer98@email.com,France,Central,25/05/2023,Bronze,466.75
CUST000099,Customer 99,customer99@email.com,Canada,East,12/12/2023,Platinum,305.49
CUST000100,Customer 100,customer100@email.com,USA,North,25/01/2025,Gold,982.7
CUST000101,Customer 101,customer101@email.com,Canada,North,21/03/2023,Platinum,381.84
CUST000102,Customer 102,customer102@email.com,USA,West,10/03/2025,Silver,242.98
CUST000103,Customer 103,customer103@email.com,India,Central,09/08/2023,Silver,580.05
CUST000104,Customer 104,customer104@email.com,India,North,10/09/2020,Gold,713.41
CUST000105,Customer 105,customer105@email.com,UK,North,11/12/2020,Silver,191.39
CUST000106,Customer 106,customer106@email.com,India,Central,28/11/2024,Silver,191.73
CUST000107,Customer 107,customer107@email.com,Japan,East,30/01/2024,Platinum,118.68
CUST000108,Customer 108,customer108@email.com,Japan,Central,01/08/2024,Bronze,766.67
CUST000109,Customer 109,customer109@email.com,Canada,East,02/10/2023,Bronze,645.03
CUST000110,Customer 110,customer110@email.com,Australia,East,04/04/2026,Gold,421.83
CUST000111,Customer 111,customer111@email.com,UK,East,04/10/2026,Bronze,1029.5
CUST000112,Customer 112,customer112@email.com,UK,East,14/07/2026,Gold,919.1
CUST000113,Customer 113,customer113@email.com,UK,Central,24/05/2024,Bronze,540.17
CUST000114,Customer 114,customer114@email.com,Australia,East,22/06/2023,Silver,1113.51
CUST000115,Customer 115,customer115@email.com,Canada,West,26/11/2025,Gold,215.24
CUST000116,Customer 116,customer116@email.com,Japan,East,15/03/2020,Silver,159.35
CUST000117,Customer 117,customer117@email.com,Japan,West,27/05/2022,Silver,257.18
CUST000118,Customer 118,customer118@email.com,UK,South,16/07/2022,Bronze,129.39
CUST000119,Customer 119,customer119@email.com,Canada,Central,26/04/2023,Bronze,478.76
CUST000120,Customer 120,customer120@email.com,UK,Central,11/10/2023,Platinum,1479.19
CUST000121,Customer 121,customer121@email.com,UK,South,23/09/2021,Silver,120.07
CUST000122,Customer 122,customer122@email.com,USA,West,27/11/2024,Gold,165.12
CUST000123,Customer 123,customer123@email.com,India,Central,30/08/2022,Gold,400.92
CUST000124,Customer 124,customer124@email.com,Germany,Central,12/01/2025,Silver,1458.1
CUST000125,Customer 125,customer125@email.com,India,South,21/06/2023,Gold,290.01
CUST000126,Customer 126,customer126@email.com,India,West,25/05/2026,Gold,453.86
CUST000127,Customer 127,customer127@email.com,Australia,South,13/04/2024,Silver,121.23
CUST000128,Customer 128,customer128@email.com,UK,East,12/10/2026,Bronze,180.29
CUST000129,Customer 129,customer129@email.com,Japan,Central,22/05/2025,Bronze,2257.38
CUST000130,Customer 130,customer130@email.com,Canada,East,14/10/2025,Bronze,1777.9
CUST000131,Customer 131,customer131@email.com,France,West,18/10/2021,Silver,102.48
CUST000132,Customer 132,customer132@email.com,Canada,South,26/11/2024,Platinum,1616.32
CUST000133,Customer 133,customer133@email.com,USA,West,02/12/2023,Bronze,609.6
CUST000134,Customer 134,customer134@email.com,Japan,South,11/06/2024,Platinum,1112.17
CUST000135,Customer 135,customer135@email.com,Japan,South,30/11/2020,Bronze,403.25
CUST000136,Customer 136,customer136@email.com,Canada,East,29/07/2023,Silver,462.42
CUST000137,Customer 137,customer137@email.com,USA,East,17/07/2021,Platinum,435.54
CUST000138,Customer 138,customer138@email.com,India,West,22/07/2021,Bronze,649.6
CUST000139,Customer 139,customer139@email.com,USA,East,20/11/2020,Silver,175.21
CUST000140,Customer 140,customer140@email.com,Australia,North,04/09/2021,Gold,115.22
CUST000141,Customer 141,customer141@email.com,France,North,31/08/2022,Bronze,284.03
CUST000142,Customer 142,customer142@email.com,Australia,Central,03/09/2022,Platinum,709.85
CUST000143,Customer 143,customer143@email.com,Canada,West,14/09/2020,Bronze,212.73
CUST000144,Customer 144,customer144@email.com,Germany,South,11/10/2025,Gold,659.56
CUST000145,Customer 145,customer145@email.com,USA,Central,24/10/2024,Gold,1851.82
CUST000146,Customer 146,customer146@email.com,Australia,South,12/09/2022,Bronze,149.3
CUST000147,Customer 147,customer147@email.com,Japan,North,14/11/2025,Bronze,658.29
CUST000148,Customer 148,customer148@email.com,India,North,18/05/2024,Platinum,393.27
CUST000149,Customer 149,customer149@email.com,France,North,09/03/2024,Gold,1113.02
CUST000150,Customer 150,customer150@email.com,Japan,South,03/10/2020,Bronze,197.49
CUST000151,Customer 151,customer151@email.com,Japan,South,11/07/2026,Bronze,689.84
CUST000152,Customer 152,customer152@email.com,Japan,South,14/12/2023,Platinum,1010.44
CUST000153,Customer 153,customer153@email.com,UK,South,14/05/2025,Bronze,1546.72
CUST000154,Customer 154,customer154@email.com,USA,East,17/02/2025,Silver,674.82
CUST000155,Customer 155,customer155@email.com,Germany,North,28/06/2020,Gold,443.76
CUST000156,Customer 156,customer156@email.com,Australia,Central,24/06/2023,Platinum,580.97
CUST000157,Customer 157,customer157@email.com,USA,South,03/11/2022,Gold,1115.92
CUST000158,Customer 158,customer158@email.com,USA,East,02/01/2024,Gold,522.69
CUST000159,Customer 159,customer159@email.com,Japan,West,24/05/2021,Platinum,115.43
CUST000160,Customer 160,customer160@email.com,Australia,East,06/12/2024,Silver,1436.45
CUST000161,Customer 161,customer161@email.com,India,East,25/07/2025,Gold,684.83
CUST000162,Customer 162,customer162@email.com,Australia,North,04/12/2020,Platinum,664.3
CUST000163,Customer 163,customer163@email.com,UK,Central,03/10/2026,Gold,221.47
CUST000164,Customer 164,customer164@email.com,Canada,North,08/08/2023,Gold,637.77
CUST000165,Customer 165,customer165@email.com,France,West,25/04/2023,Platinum,350.33
CUST000166,Customer 166,customer166@email.com,India,East,13/11/2021,Platinum,626.68
CUST000167,Customer 167,customer167@email.com,Japan,Central,22/06/2020,Platinum,156.36
CUST000168,Customer 168,customer168@email.com,USA,North,29/01/2023,Platinum,636.25
CUST000169,Customer 169,customer169@email.com,UK,North,28/01/2024,Silver,3820.86
CUST000170,Customer 170,customer170@email.com,India,North,24/10/2026,Silver,124.71
CUST000171,Customer 171,customer171@email.com,Germany,East,02/10/2020,Gold,1989.93
CUST000172,Customer 172,customer172@email.com,USA,Central,17/04/2024,Silver,361.2
CUST000173,Customer 173,customer173@email.com,Japan,East,16/01/2025,Platinum,1123.02
CUST000174,Customer 174,customer174@email.com,UK,Central,10/11/2020,Gold,862.52
CUST000175,Customer 175,customer175@email.com,Japan,East,18/06/2024,Silver,518.53
CUST000176,Customer 176,customer176@email.com,USA,South,09/04/2021,Platinum,770.56
CUST000177,Customer 177,customer177@email.com,Australia,Central,21/10/2025,Bronze,1153.98
CUST000178,Customer 178,customer178@email.com,France,West,08/12/2022,Silver,358.88
CUST000179,Customer 179,customer179@email.com,France,West,11/11/2026,Silver,298.03
CUST000180,Customer 180,customer180@email.com,UK,North,17/05/2021,Platinum,650.7
CUST000181,Customer 181,customer181@email.com,India,North,08/12/2021,Gold,924.73
CUST000182,Customer 182,customer182@email.com,Canada,Central,24/11/2023,Gold,818.34
CUST000183,Customer 183,customer183@email.com,UK,South,13/05/2023,Gold,899.28
CUST000184,Customer 184,customer184@email.com,Germany,North,14/09/2025,Silver,385.98
CUST000185,Customer 185,customer185@email.com,Germany,West,22/07/2021,Bronze,951.42
CUST000186,Customer 186,customer186@email.com,Japan,West,18/01/2024,Silver,164.04
CUST000187,Customer 187,customer187@email.com,Canada,North,11/11/2026,Gold,493.17
CUST000188,Customer 188,customer188@email.com,India,Central,18/06/2024,Platinum,102.89
CUST000189,Customer 189,customer189@email.com,Canada,South,04/08/2024,Gold,296.21
CUST000190,Customer 190,customer190@email.com,India,West,30/10/2020,Gold,328.22
CUST000191,Customer 191,customer191@email.com,UK,South,09/06/2021,Platinum,352.23
CUST000192,Customer 192,customer192@email.com,USA,North,21/08/2025,Silver,694.49
CUST000193,Customer 193,customer193@email.com,UK,South,30/05/2023,Gold,345.97
CUST000194,Customer 194,customer194@email.com,Japan,Central,12/07/2022,Gold,397.73
CUST000195,Customer 195,customer195@email.com,France,South,19/11/2020,Gold,235.61
CUST000196,Customer 196,customer196@email.com,France,Central,27/05/2021,Bronze,333.61
CUST000197,Customer 197,customer197@email.com,UK,Central,20/08/2025,Silver,228.91
CUST000198,Customer 198,customer198@email.com,Japan,Central,02/12/2021,Bronze,138.01
CUST000199,Customer 199,customer199@email.com,Canada,North,26/04/2020,Gold,562.47
CUST000200,Customer 200,customer200@email.com,Australia,Central,13/05/2022,Bronze,651.63
CUST000201,Customer 201,customer201@email.com,France,East,01/08/2025,Platinum,583.12
CUST000202,Customer 202,customer202@email.com,Australia,East,30/09/2022,Platinum,411.34
CUST000203,Customer 203,customer203@email.com,USA,South,25/10/2020,Platinum,338.85
CUST000204,Customer 204,customer204@email.com,India,West,29/08/2024,Silver,1095.11
CUST000205,Customer 205,customer205@email.com,UK,East,25/10/2023,Gold,466.03
CUST000206,Customer 206,customer206@email.com,Australia,South,15/11/2023,Gold,426.18
CUST000207,Customer 207,customer207@email.com,Canada,East,10/10/2025,Silver,112.99
CUST000208,Customer 208,customer208@email.com,Canada,East,25/03/2025,Platinum,308.7
CUST000209,Customer 209,customer209@email.com,UK,North,12/10/2022,Bronze,339.18
CUST000210,Customer 210,customer210@email.com,Australia,Central,03/04/2023,Platinum,354.43
CUST000211,Customer 211,customer211@email.com,UK,East,13/10/2022,Gold,533.96
CUST000212,Customer 212,customer212@email.com,UK,West,16/02/2022,Platinum,481.36
CUST000213,Customer 213,customer213@email.com,France,West,04/08/2025,Bronze,568.13
CUST000214,Customer 214,customer214@email.com,Australia,Central,03/01/2021,Platinum,823.84
CUST000215,Customer 215,customer215@email.com,Germany,Central,13/09/2022,Gold,938.29
CUST000216,Customer 216,customer216@email.com,USA,East,18/07/2020,Platinum,733.14
CUST000217,Customer 217,customer217@email.com,India,East,13/09/2026,Bronze,1656.4
CUST000218,Customer 218,customer218@email.com,Australia,South,16/03/2021,Gold,109.2
CUST000219,Customer 219,customer219@email.com,Australia,East,07/02/2024,Bronze,208.94
CUST000220,Customer 220,customer220@email.com,USA,Central,28/06/2024,Silver,103.8
CUST000221,Customer 221,customer221@email.com,France,North,24/01/2024,Platinum,621.32
CUST000222,Customer 222,customer222@email.com,India,Central,27/08/2025,Gold,1241.54
CUST000223,Customer 223,customer223@email.com,Canada,South,27/12/2026,Bronze,239.51
CUST000224,Customer 224,customer224@email.com,Japan,East,01/06/2024,Gold,1408.88
CUST000225,Customer 225,customer225@email.com,Germany,Central,13/08/2021,Platinum,131.08
CUST000226,Customer 226,customer226@email.com,USA,North,10/08/2025,Bronze,1462.36
CUST000227,Customer 227,customer227@email.com,Japan,West,15/07/2021,Platinum,316.64
CUST000228,Customer 228,customer228@email.com,UK,East,02/09/2021,Gold,153.47
CUST000229,Customer 229,customer229@email.com,Australia,Central,27/10/2021,Gold,432.64
CUST000230,Customer 230,customer230@email.com,Japan,Central,28/08/2026,Platinum,248.38
CUST000231,Customer 231,customer231@email.com,France,West,24/04/2026,Bronze,267.65
CUST000232,Customer 232,customer232@email.com,Japan,North,17/02/2024,Platinum,283.57
CUST000233,Customer 233,customer233@email.com,France,North,18/07/2026,Platinum,912.34
CUST000234,Customer 234,customer234@email.com,Germany,North,23/12/2022,Platinum,487.35
CUST000235,Customer 235,customer235@email.com,Australia,South,29/11/2021,Silver,286.48
CUST000236,Customer 236,customer236@email.com,Canada,South,09/05/2020,Bronze,571.23
CUST000237,Customer 237,customer237@email.com,Japan,West,11/12/2024,Silver,729.66
CUST000238,Customer 238,customer238@email.com,Germany,West,18/08/2024,Platinum,259.16
CUST000239,Customer 239,customer239@email.com,UK,Central,12/09/2020,Silver,366.83
CUST000240,Customer 240,customer240@email.com,Japan,West,16/04/2026,Platinum,164.99
CUST000241,Customer 241,customer241@email.com,UK,West,09/07/2023,Gold,199.93
CUST000242,Customer 242,customer242@email.com,Japan,East,15/02/2026,Platinum,671.47
CUST000243,Customer 243,customer243@email.com,Germany,East,26/02/2022,Gold,200.1
CUST000244,Customer 244,customer244@email.com,France,East,10/07/2022,Silver,472.39
CUST000245,Customer 245,customer245@email.com,Japan,West,25/06/2025,Gold,717.3
CUST000246,Customer 246,customer246@email.com,France,East,14/04/2026,Bronze,156.52
CUST000247,Customer 247,customer247@email.com,Australia,West,06/06/2026,Gold,518.87
CUST000248,Customer 248,customer248@email.com,France,North,22/08/2021,Gold,248.24
CUST000249,Customer 249,customer249@email.com,Japan,West,19/11/2020,Gold,1747.43
CUST000250,Customer 250,customer250@email.com,Germany,South,16/05/2025,Gold,430.38
CUST000251,Customer 251,customer251@email.com,France,South,21/04/2026,Bronze,919.93
CUST000252,Customer 252,customer252@email.com,Germany,South,26/11/2026,Bronze,499.51
CUST000253,Customer 253,customer253@email.com,Germany,South,15/12/2025,Bronze,122.19
CUST000254,Customer 254,customer254@email.com,Australia,East,14/02/2021,Platinum,601.4
CUST000255,Customer 255,customer255@email.com,UK,North,15/02/2021,Silver,1612.1
CUST000256,Customer 256,customer256@email.com,India,West,24/07/2024,Silver,560.16
CUST000257,Customer 257,customer257@email.com,Japan,East,22/03/2023,Bronze,955.15
CUST000258,Customer 258,customer258@email.com,Germany,Central,01/01/2021,Bronze,1177.97
CUST000259,Customer 259,customer259@email.com,Australia,South,18/12/2021,Bronze,229.44
CUST000260,Customer 260,customer260@email.com,India,South,14/06/2024,Gold,219.16
CUST000261,Customer 261,customer261@email.com,USA,East,02/06/2020,Bronze,572.06
CUST000262,Customer 262,customer262@email.com,France,West,04/10/2023,Platinum,364.69
CUST000263,Customer 263,customer263@email.com,India,East,03/07/2021,Silver,1015.86
CUST000264,Customer 264,customer264@email.com,Japan,South,06/04/2021,Platinum,1251.41
CUST000265,Customer 265,customer265@email.com,UK,North,19/11/2022,Gold,318.03
CUST000266,Customer 266,customer266@email.com,Germany,South,23/04/2023,Platinum,235.16
CUST000267,Customer 267,customer267@email.com,Japan,North,17/10/2024,Platinum,858.26
CUST000268,Customer 268,customer268@email.com,UK,South,25/01/2021,Platinum,260.66
CUST000269,Customer 269,customer269@email.com,Germany,North,18/08/2023,Gold,964.71
CUST000270,Customer 270,customer270@email.com,Germany,West,20/04/2024,Gold,375.6
CUST000271,Customer 271,customer271@email.com,France,Central,12/09/2023,Bronze,650.63
CUST000272,Customer 272,customer272@email.com,Japan,South,07/12/2022,Bronze,150.21
CUST000273,Customer 273,customer273@email.com,India,East,29/04/2021,Silver,588.9
CUST000274,Customer 274,customer274@email.com,France,North,18/07/2024,Gold,400.53
CUST000275,Customer 275,customer275@email.com,Germany,South,14/02/2024,Silver,541.68
CUST000276,Customer 276,customer276@email.com,UK,West,12/05/2025,Gold,191.97
CUST000277,Customer 277,customer277@email.com,India,Central,30/08/2024,Silver,767.56
CUST000278,Customer 278,customer278@email.com,Canada,Central,10/10/2022,Platinum,1093.15
CUST000279,Customer 279,customer279@email.com,Japan,North,03/12/2025,Bronze,222.15
CUST000280,Customer 280,customer280@email.com,Germany,Central,09/09/2020,Silver,150.31
CUST000281,Customer 281,customer281@email.com,Japan,Central,04/11/2021,Platinum,111.96
CUST000282,Customer 282,customer282@email.com,Germany,Central,21/04/2021,Platinum,613.57
CUST000283,Customer 283,customer283@email.com,India,North,07/01/2021,Platinum,567.09
CUST000284,Customer 284,customer284@email.com,Australia,West,24/06/2021,Bronze,495.6
CUST000285,Customer 285,customer285@email.com,India,East,07/04/2026,Bronze,231.95
CUST000286,Customer 286,customer286@email.com,France,North,09/06/2024,Silver,347.89
CUST000287,Customer 287,customer287@email.com,Canada,North,26/06/2026,Platinum,551.29
CUST000288,Customer 288,customer288@email.com,Canada,Central,12/11/2023,Bronze,443.35
CUST000289,Customer 289,customer289@email.com,India,North,09/10/2020,Gold,2302.57
CUST000290,Customer 290,customer290@email.com,UK,South,01/08/2024,Platinum,173.35
CUST000291,Customer 291,customer291@email.com,Australia,West,13/03/2024,Platinum,693.96
CUST000292,Customer 292,customer292@email.com,Canada,Central,18/03/2024,Silver,359.02
CUST000293,Customer 293,customer293@email.com,Canada,South,25/11/2023,Platinum,379.48
CUST000294,Customer 294,customer294@email.com,UK,South,06/12/2025,Bronze,732.21
CUST000295,Customer 295,customer295@email.com,France,West,03/04/2020,Platinum,689.54
CUST000296,Customer 296,customer296@email.com,Australia,South,18/12/2025,Silver,2469.69
CUST000297,Customer 297,customer297@email.com,Japan,South,01/03/2025,Gold,168.71
CUST000298,Customer 298,customer298@email.com,Canada,North,11/02/2022,Platinum,154.97
CUST000299,Customer 299,customer299@email.com,USA,South,23/11/2026,Silver,744.29
CUST000300,Customer 300,customer300@email.com,Canada,Central,02/10/2020,Bronze,531.83
CUST000301,Customer 301,customer301@email.com,USA,South,02/01/2025,Bronze,260.21
CUST000302,Customer 302,customer302@email.com,India,South,05/07/2024,Silver,141.38
CUST000303,Customer 303,customer303@email.com,UK,Central,19/08/2020,Gold,144.78
CUST000304,Customer 304,customer304@email.com,Japan,Central,17/08/2022,Gold,1223.06
CUST000305,Customer 305,customer305@email.com,France,South,28/08/2022,Silver,206.51
CUST000306,Customer 306,customer306@email.com,France,East,20/08/2024,Bronze,295.32
CUST000307,Customer 307,customer307@email.com,UK,West,30/03/2026,Platinum,228.52
CUST000308,Customer 308,customer308@email.com,Japan,West,11/07/2020,Gold,319.25
CUST000309,Customer 309,customer309@email.com,Australia,South,01/09/2024,Gold,135.98
CUST000310,Customer 310,customer310@email.com,UK,Central,21/03/2024,Platinum,466.01
CUST000311,Customer 311,customer311@email.com,Germany,East,14/09/2022,Silver,135
CUST000312,Customer 312,customer312@email.com,USA,Central,11/03/2025,Platinum,905.61
CUST000313,Customer 313,customer313@email.com,UK,West,02/09/2024,Silver,233.1
CUST000314,Customer 314,customer314@email.com,Germany,East,10/11/2022,Bronze,488.28
CUST000315,Customer 315,customer315@email.com,Japan,North,16/01/2025,Silver,1160.46
CUST000316,Customer 316,customer316@email.com,France,West,30/07/2020,Bronze,626.17
CUST000317,Customer 317,customer317@email.com,Germany,Central,25/10/2020,Silver,480.67
CUST000318,Customer 318,customer318@email.com,Germany,East,17/05/2025,Gold,296.03
CUST000319,Customer 319,customer319@email.com,Germany,South,03/03/2020,Bronze,302.48
CUST000320,Customer 320,customer320@email.com,Germany,Central,15/05/2025,Silver,653.55
CUST000321,Customer 321,customer321@email.com,Germany,Central,12/06/2024,Gold,2669.75
CUST000322,Customer 322,customer322@email.com,Australia,West,05/03/2023,Gold,642.12
CUST000323,Customer 323,customer323@email.com,France,East,17/06/2023,Platinum,507.98
CUST000324,Customer 324,customer324@email.com,Canada,West,23/03/2025,Gold,755.87
CUST000325,Customer 325,customer325@email.com,Japan,East,12/04/2022,Platinum,412.94
CUST000326,Customer 326,customer326@email.com,Germany,South,06/07/2020,Bronze,131.01
CUST000327,Customer 327,customer327@email.com,Australia,East,04/12/2022,Silver,513.11
CUST000328,Customer 328,customer328@email.com,Japan,South,14/03/2022,Platinum,1680.6
CUST000329,Customer 329,customer329@email.com,Germany,West,22/05/2026,Gold,196.37
CUST000330,Customer 330,customer330@email.com,India,West,20/11/2022,Platinum,685.6
CUST000331,Customer 331,customer331@email.com,Japan,South,20/11/2021,Silver,212.16
CUST000332,Customer 332,customer332@email.com,India,South,16/02/2026,Bronze,483.75
CUST000333,Customer 333,customer333@email.com,USA,North,16/11/2025,Bronze,150.84
CUST000334,Customer 334,customer334@email.com,Australia,South,27/01/2020,Silver,399.26
CUST000335,Customer 335,customer335@email.com,UK,North,05/10/2020,Silver,805.63
CUST000336,Customer 336,customer336@email.com,India,East,02/09/2025,Bronze,313.53
CUST000337,Customer 337,customer337@email.com,India,West,05/12/2026,Bronze,646.68
CUST000338,Customer 338,customer338@email.com,Australia,North,28/01/2020,Bronze,893.47
CUST000339,Customer 339,customer339@email.com,France,Central,08/12/2025,Gold,1409.87
CUST000340,Customer 340,customer340@email.com,Australia,South,11/03/2020,Bronze,233.71
CUST000341,Customer 341,customer341@email.com,UK,South,29/01/2021,Silver,354.84
CUST000342,Customer 342,customer342@email.com,France,East,13/12/2026,Gold,182.68
CUST000343,Customer 343,customer343@email.com,Canada,East,13/06/2024,Platinum,2545.33
CUST000344,Customer 344,customer344@email.com,Germany,South,23/02/2025,Gold,1408.65
CUST000345,Customer 345,customer345@email.com,USA,North,26/11/2020,Platinum,488.22
CUST000346,Customer 346,customer346@email.com,Australia,Central,02/04/2024,Platinum,1022.69
CUST000347,Customer 347,customer347@email.com,USA,South,17/08/2020,Bronze,467.98
CUST000348,Customer 348,customer348@email.com,Australia,East,09/08/2025,Bronze,588.53
CUST000349,Customer 349,customer349@email.com,USA,South,03/12/2025,Silver,146.67
CUST000350,Customer 350,customer350@email.com,India,East,10/05/2026,Bronze,803.8
CUST000351,Customer 351,customer351@email.com,France,Central,31/10/2020,Bronze,168.32
CUST000352,Customer 352,customer352@email.com,Japan,North,04/01/2022,Silver,974.54
CUST000353,Customer 353,customer353@email.com,UK,West,01/08/2026,Bronze,861.69
CUST000354,Customer 354,customer354@email.com,UK,Central,10/05/2023,Silver,716.78
CUST000355,Customer 355,customer355@email.com,Australia,Central,10/05/2026,Gold,118.42
CUST000356,Customer 356,customer356@email.com,UK,North,21/04/2024,Gold,280.58
CUST000357,Customer 357,customer357@email.com,Canada,West,07/08/2020,Silver,252.66
CUST000358,Customer 358,customer358@email.com,Japan,Central,07/11/2020,Platinum,323.25
CUST000359,Customer 359,customer359@email.com,USA,East,29/08/2023,Platinum,145.86
CUST000360,Customer 360,customer360@email.com,Germany,East,02/07/2025,Platinum,1481.98
CUST000361,Customer 361,customer361@email.com,UK,Central,03/11/2024,Platinum,503.5
CUST000362,Customer 362,customer362@email.com,France,South,17/12/2020,Bronze,282.3
CUST000363,Customer 363,customer363@email.com,France,South,02/12/2020,Platinum,352.9
CUST000364,Customer 364,customer364@email.com,Australia,East,23/09/2021,Gold,396.38
CUST000365,Customer 365,customer365@email.com,Canada,North,12/03/2021,Gold,558.89
CUST000366,Customer 366,customer366@email.com,Japan,East,26/12/2024,Bronze,462.5
CUST000367,Customer 367,customer367@email.com,Canada,South,26/06/2021,Platinum,1359.08
CUST000368,Customer 368,customer368@email.com,Australia,North,12/01/2025,Bronze,443.55
CUST000369,Customer 369,customer369@email.com,Japan,Central,02/01/2021,Bronze,2524.13
CUST000370,Customer 370,customer370@email.com,Japan,West,11/09/2026,Bronze,1053.33
CUST000371,Customer 371,customer371@email.com,Australia,West,10/04/2023,Bronze,216.92
CUST000372,Customer 372,customer372@email.com,Germany,Central,10/04/2026,Silver,1433.9
CUST000373,Customer 373,customer373@email.com,UK,South,08/04/2024,Gold,161.86
CUST000374,Customer 374,customer374@email.com,France,West,18/05/2023,Silver,950.36
CUST000375,Customer 375,customer375@email.com,UK,West,16/09/2020,Gold,339.52
CUST000376,Customer 376,customer376@email.com,France,West,20/09/2024,Bronze,1151.76
CUST000377,Customer 377,customer377@email.com,France,South,19/01/2024,Platinum,1112.69
CUST000378,Customer 378,customer378@email.com,Germany,West,29/08/2026,Bronze,919.76
CUST000379,Customer 379,customer379@email.com,France,North,08/07/2021,Platinum,880.4
CUST000380,Customer 380,customer380@email.com,Australia,East,22/09/2023,Platinum,281.69
CUST000381,Customer 381,customer381@email.com,Australia,Central,03/10/2023,Silver,142.19
CUST000382,Customer 382,customer382@email.com,Japan,Central,15/05/2023,Silver,357.9
CUST000383,Customer 383,customer383@email.com,Japan,South,16/05/2025,Platinum,195.29
CUST000384,Customer 384,customer384@email.com,France,West,31/07/2023,Silver,693.64
CUST000385,Customer 385,customer385@email.com,Australia,East,27/08/2023,Platinum,312.4
CUST000386,Customer 386,customer386@email.com,Canada,Central,04/02/2024,Silver,1956.8
CUST000387,Customer 387,customer387@email.com,UK,Central,22/08/2026,Bronze,612.18
CUST000388,Customer 388,customer388@email.com,Germany,West,05/03/2025,Gold,964.34
CUST000389,Customer 389,customer389@email.com,Australia,West,10/10/2020,Silver,171.08
CUST000390,Customer 390,customer390@email.com,Germany,East,25/05/2023,Silver,1090.3
CUST000391,Customer 391,customer391@email.com,Australia,North,29/09/2024,Platinum,1380.4
CUST000392,Customer 392,customer392@email.com,India,Central,15/09/2026,Platinum,433.8
CUST000393,Customer 393,customer393@email.com,Australia,Central,28/12/2025,Bronze,566.02
CUST000394,Customer 394,customer394@email.com,Canada,North,12/01/2024,Silver,823.68
CUST000395,Customer 395,customer395@email.com,UK,Central,25/12/2023,Bronze,196.09
CUST000396,Customer 396,customer396@email.com,Australia,East,25/04/2026,Platinum,449.15
CUST000397,Customer 397,customer397@email.com,USA,North,09/03/2021,Gold,354.3
CUST000398,Customer 398,customer398@email.com,Germany,West,28/06/2022,Gold,179.13
CUST000399,Customer 399,customer399@email.com,India,Central,21/05/2024,Silver,329.06
CUST000400,Customer 400,customer400@email.com,USA,West,13/11/2023,Bronze,135.3
CUST000401,Customer 401,customer401@email.com,Australia,North,25/04/2023,Bronze,113.08
CUST000402,Customer 402,customer402@email.com,Japan,East,03/08/2021,Gold,172.61
CUST000403,Customer 403,customer403@email.com,Germany,Central,08/02/2025,Platinum,1749.98
CUST000404,Customer 404,customer404@email.com,India,North,27/11/2023,Platinum,498.73
CUST000405,Customer 405,customer405@email.com,Japan,North,27/01/2025,Gold,1788.09
CUST000406,Customer 406,customer406@email.com,Canada,North,02/07/2020,Gold,383.26
CUST000407,Customer 407,customer407@email.com,UK,South,23/03/2021,Silver,286.85
CUST000408,Customer 408,customer408@email.com,UK,East,10/03/2026,Platinum,452.75
CUST000409,Customer 409,customer409@email.com,Germany,West,07/03/2025,Silver,389.47
CUST000410,Customer 410,customer410@email.com,Australia,West,02/02/2022,Bronze,155.84
CUST000411,Customer 411,customer411@email.com,Germany,West,20/11/2026,Platinum,611.97
CUST000412,Customer 412,customer412@email.com,USA,South,11/05/2024,Silver,221.7
CUST000413,Customer 413,customer413@email.com,Canada,Central,14/02/2023,Bronze,583.25
CUST000414,Customer 414,customer414@email.com,UK,East,08/01/2026,Gold,625.2
CUST000415,Customer 415,customer415@email.com,India,North,18/03/2022,Gold,182.45
CUST000416,Customer 416,customer416@email.com,Japan,Central,27/06/2025,Platinum,131.66
CUST000417,Customer 417,customer417@email.com,Australia,Central,08/11/2026,Bronze,858.8
CUST000418,Customer 418,customer418@email.com,Japan,West,26/11/2023,Silver,407.91
CUST000419,Customer 419,customer419@email.com,Canada,South,03/05/2023,Gold,129.96
CUST000420,Customer 420,customer420@email.com,Germany,East,27/04/2021,Bronze,2735.97
CUST000421,Customer 421,customer421@email.com,Japan,South,19/01/2022,Platinum,129.76
CUST000422,Customer 422,customer422@email.com,UK,Central,09/09/2024,Platinum,693.78
CUST000423,Customer 423,customer423@email.com,UK,West,28/09/2024,Silver,2157.65
CUST000424,Customer 424,customer424@email.com,UK,West,22/03/2026,Gold,236.68
CUST000425,Customer 425,customer425@email.com,UK,East,28/07/2021,Platinum,176.72
CUST000426,Customer 426,customer426@email.com,USA,East,12/12/2026,Bronze,164.7
CUST000427,Customer 427,customer427@email.com,UK,South,07/06/2025,Platinum,280.68
CUST000428,Customer 428,customer428@email.com,India,West,19/04/2026,Platinum,153.26
CUST000429,Customer 429,customer429@email.com,India,West,29/08/2024,Silver,689.09
CUST000430,Customer 430,customer430@email.com,USA,South,04/12/2020,Gold,132.16
CUST000431,Customer 431,customer431@email.com,France,South,13/05/2020,Gold,456.09
CUST000432,Customer 432,customer432@email.com,India,Central,19/11/2021,Platinum,2956.44
CUST000433,Customer 433,customer433@email.com,Canada,Central,01/03/2026,Bronze,940.92
CUST000434,Customer 434,customer434@email.com,Japan,Central,02/01/2023,Bronze,577.54
CUST000435,Customer 435,customer435@email.com,Germany,West,12/12/2024,Bronze,282.82
CUST000436,Customer 436,customer436@email.com,France,North,10/10/2022,Platinum,588.94
CUST000437,Customer 437,customer437@email.com,Japan,North,12/12/2022,Platinum,474.37
CUST000438,Customer 438,customer438@email.com,Germany,South,25/04/2021,Gold,377.64
CUST000439,Customer 439,customer439@email.com,Australia,South,04/11/2026,Silver,170.04
CUST000440,Customer 440,customer440@email.com,Germany,North,26/04/2022,Gold,1188.44
CUST000441,Customer 441,customer441@email.com,France,Central,20/12/2025,Silver,398.72
CUST000442,Customer 442,customer442@email.com,France,East,18/08/2023,Gold,208.22
CUST000443,Customer 443,customer443@email.com,Canada,South,08/10/2025,Platinum,329.24
CUST000444,Customer 444,customer444@email.com,France,South,30/08/2020,Silver,367.33
CUST000445,Customer 445,customer445@email.com,UK,East,19/10/2022,Silver,978.79
CUST000446,Customer 446,customer446@email.com,India,South,27/05/2024,Gold,761.41
CUST000447,Customer 447,customer447@email.com,Australia,West,23/08/2024,Bronze,833.33
CUST000448,Customer 448,customer448@email.com,Australia,Central,16/01/2021,Gold,105.55
CUST000449,Customer 449,customer449@email.com,India,West,20/02/2024,Gold,369.06
CUST000450,Customer 450,customer450@email.com,USA,North,11/07/2026,Platinum,428.26
CUST000451,Customer 451,customer451@email.com,Canada,Central,07/01/2024,Platinum,109.69
CUST000452,Customer 452,customer452@email.com,Australia,South,11/06/2022,Platinum,250.43
CUST000453,Customer 453,customer453@email.com,Japan,East,04/01/2023,Gold,814.16
CUST000454,Customer 454,customer454@email.com,UK,Central,19/02/2026,Platinum,173.73
CUST000455,Customer 455,customer455@email.com,USA,North,08/11/2023,Bronze,483.19
CUST000456,Customer 456,customer456@email.com,USA,North,25/02/2025,Silver,221.16
CUST000457,Customer 457,customer457@email.com,India,North,12/12/2024,Platinum,106.1
CUST000458,Customer 458,customer458@email.com,UK,East,08/04/2022,Silver,238.01
CUST000459,Customer 459,customer459@email.com,Canada,East,27/01/2023,Gold,1962.23
CUST000460,Customer 460,customer460@email.com,Japan,South,03/12/2020,Bronze,908.58
CUST000461,Customer 461,customer461@email.com,France,South,11/06/2024,Platinum,1704.17
CUST000462,Customer 462,customer462@email.com,Canada,North,08/01/2021,Silver,434.57
CUST000463,Customer 463,customer463@email.com,Canada,South,07/05/2025,Silver,158.12
CUST000464,Customer 464,customer464@email.com,India,North,28/10/2025,Bronze,496.99
CUST000465,Customer 465,customer465@email.com,Canada,West,08/11/2023,Silver,402.91
CUST000466,Customer 466,customer466@email.com,Canada,South,10/05/2025,Platinum,1030.1
CUST000467,Customer 467,customer467@email.com,Canada,North,31/12/2020,Gold,151.62
CUST000468,Customer 468,customer468@email.com,France,South,14/02/2024,Platinum,434.95
CUST000469,Customer 469,customer469@email.com,UK,North,29/06/2021,Bronze,181.29
CUST000470,Customer 470,customer470@email.com,UK,West,04/11/2026,Gold,296.28
CUST000471,Customer 471,customer471@email.com,UK,West,22/05/2022,Platinum,768.48
CUST000472,Customer 472,customer472@email.com,Canada,North,08/06/2022,Silver,423.15
CUST000473,Customer 473,customer473@email.com,Australia,East,19/05/2021,Platinum,335.71
CUST000474,Customer 474,customer474@email.com,UK,South,12/07/2023,Gold,350.83
CUST000475,Customer 475,customer475@email.com,Germany,Central,11/12/2020,Gold,407.58
CUST000476,Customer 476,customer476@email.com,France,South,19/04/2020,Silver,868.6
CUST000477,Customer 477,customer477@email.com,France,North,23/05/2024,Silver,1213.2
CUST000478,Customer 478,customer478@email.com,Australia,North,20/07/2025,Silver,1654.28
CUST000479,Customer 479,customer479@email.com,Canada,Central,08/08/2025,Bronze,873
CUST000480,Customer 480,customer480@email.com,Japan,South,19/01/2024,Platinum,289.47
CUST000481,Customer 481,customer481@email.com,Australia,East,17/05/2026,Silver,682.59
CUST000482,Customer 482,customer482@email.com,Canada,North,13/04/2025,Bronze,387.77
CUST000483,Customer 483,customer483@email.com,France,South,26/02/2020,Bronze,246.96
CUST000484,Customer 484,customer484@email.com,Australia,Central,04/09/2020,Gold,1019.02
CUST000485,Customer 485,customer485@email.com,Australia,West,14/08/2025,Platinum,119.59
CUST000486,Customer 486,customer486@email.com,UK,East,03/12/2020,Bronze,1260.18
CUST000487,Customer 487,customer487@email.com,Canada,Central,23/06/2023,Silver,409.46
CUST000488,Customer 488,customer488@email.com,Japan,West,28/09/2021,Bronze,606.95
CUST000489,Customer 489,customer489@email.com,Australia,South,24/06/2023,Bronze,638.46
CUST000490,Customer 490,customer490@email.com,Canada,West,28/09/2022,Bronze,1227.46
CUST000491,Customer 491,customer491@email.com,USA,East,31/01/2025,Silver,606.22
CUST000492,Customer 492,customer492@email.com,USA,South,04/05/2021,Bronze,575.87
CUST000493,Customer 493,customer493@email.com,India,East,02/11/2021,Gold,134.49
CUST000494,Customer 494,customer494@email.com,Japan,South,14/11/2021,Gold,465.33
CUST000495,Customer 495,customer495@email.com,USA,East,28/04/2021,Platinum,181.36
CUST000496,Customer 496,customer496@email.com,Canada,East,19/01/2023,Bronze,768.63
CUST000497,Customer 497,customer497@email.com,India,Central,25/07/2025,Gold,458.95
CUST000498,Customer 498,customer498@email.com,India,Central,15/08/2020,Silver,670.07
CUST000499,Customer 499,customer499@email.com,UK,East,15/02/2024,Bronze,121.28
CUST000500,Customer 500,customer500@email.com,Canada,South,08/06/2026,Bronze,144.3
CUST000501,Customer 501,customer501@email.com,USA,South,29/06/2020,Bronze,729.96
CUST000502,Customer 502,customer502@email.com,Japan,West,16/04/2025,Silver,137.41
CUST000503,Customer 503,customer503@email.com,USA,Central,03/01/2022,Platinum,136.96
CUST000504,Customer 504,customer504@email.com,Japan,South,08/07/2022,Platinum,106.09
CUST000505,Customer 505,customer505@email.com,France,North,03/08/2023,Gold,1667.51
CUST000506,Customer 506,customer506@email.com,USA,South,04/05/2021,Silver,768.77
CUST000507,Customer 507,customer507@email.com,USA,West,13/10/2025,Bronze,317.9
CUST000508,Customer 508,customer508@email.com,France,East,20/03/2025,Gold,275.87
CUST000509,Customer 509,customer509@email.com,India,North,19/12/2020,Gold,315.16
CUST000510,Customer 510,customer510@email.com,France,Central,01/04/2022,Gold,845.06
CUST000511,Customer 511,customer511@email.com,Germany,West,25/12/2026,Gold,641.42
CUST000512,Customer 512,customer512@email.com,India,South,20/08/2026,Silver,202.4
CUST000513,Customer 513,customer513@email.com,USA,West,08/09/2021,Bronze,195.65
CUST000514,Customer 514,customer514@email.com,Japan,North,12/08/2022,Gold,151.79
CUST000515,Customer 515,customer515@email.com,Australia,East,06/01/2020,Bronze,639.85
CUST000516,Customer 516,customer516@email.com,Germany,West,20/04/2022,Platinum,822.75
CUST000517,Customer 517,customer517@email.com,UK,East,02/09/2020,Bronze,253.97
CUST000518,Customer 518,customer518@email.com,Germany,Central,28/06/2020,Platinum,110.58
CUST000519,Customer 519,customer519@email.com,India,North,05/03/2024,Bronze,142.87
CUST000520,Customer 520,customer520@email.com,UK,West,01/09/2025,Bronze,1818.83
CUST000521,Customer 521,customer521@email.com,USA,West,21/08/2026,Silver,275.09
CUST000522,Customer 522,customer522@email.com,France,East,27/08/2022,Gold,833.15
CUST000523,Customer 523,customer523@email.com,Japan,East,28/05/2024,Platinum,589.97
CUST000524,Customer 524,customer524@email.com,Germany,North,18/01/2023,Silver,340.58
CUST000525,Customer 525,customer525@email.com,Canada,South,11/07/2021,Bronze,215.14
CUST000526,Customer 526,customer526@email.com,India,West,04/11/2021,Gold,164.71
CUST000527,Customer 527,customer527@email.com,Canada,Central,23/07/2024,Gold,577.27
CUST000528,Customer 528,customer528@email.com,India,East,30/04/2022,Platinum,845.01
CUST000529,Customer 529,customer529@email.com,Canada,North,21/12/2022,Silver,616.28
CUST000530,Customer 530,customer530@email.com,USA,South,31/05/2023,Gold,477.83
CUST000531,Customer 531,customer531@email.com,Canada,South,30/08/2021,Gold,121.43
CUST000532,Customer 532,customer532@email.com,USA,East,11/06/2024,Gold,1828.71
CUST000533,Customer 533,customer533@email.com,USA,West,13/12/2021,Platinum,901.51
CUST000534,Customer 534,customer534@email.com,Germany,North,27/03/2026,Platinum,273.24
CUST000535,Customer 535,customer535@email.com,UK,North,21/02/2021,Bronze,2055.27
CUST000536,Customer 536,customer536@email.com,Germany,South,09/09/2020,Silver,560.5
CUST000537,Customer 537,customer537@email.com,Japan,North,28/06/2024,Gold,536.64
CUST000538,Customer 538,customer538@email.com,USA,North,03/11/2020,Silver,789.31
CUST000539,Customer 539,customer539@email.com,UK,North,21/12/2024,Gold,935.04
CUST000540,Customer 540,customer540@email.com,USA,West,16/05/2021,Bronze,634.25
CUST000541,Customer 541,customer541@email.com,Australia,West,19/11/2021,Platinum,168.54
CUST000542,Customer 542,customer542@email.com,Australia,West,30/04/2020,Silver,306.45
CUST000543,Customer 543,customer543@email.com,Germany,South,20/12/2023,Gold,1416.13
CUST000544,Customer 544,customer544@email.com,India,South,20/02/2023,Bronze,227.2
CUST000545,Customer 545,customer545@email.com,Germany,East,20/11/2026,Platinum,332.74
CUST000546,Customer 546,customer546@email.com,India,North,14/08/2024,Bronze,382.88
CUST000547,Customer 547,customer547@email.com,Australia,South,19/02/2023,Platinum,389.38
CUST000548,Customer 548,customer548@email.com,Germany,Central,27/03/2022,Bronze,574.59
CUST000549,Customer 549,customer549@email.com,Japan,West,15/04/2024,Platinum,1533.02
CUST000550,Customer 550,customer550@email.com,Japan,West,10/11/2023,Gold,237.67
CUST000551,Customer 551,customer551@email.com,USA,East,06/01/2022,Silver,164.77
CUST000552,Customer 552,customer552@email.com,France,North,30/04/2020,Platinum,209.99
CUST000553,Customer 553,customer553@email.com,Japan,Central,08/12/2025,Silver,1189.85
CUST000554,Customer 554,customer554@email.com,Canada,South,15/10/2021,Silver,618.96
CUST000555,Customer 555,customer555@email.com,USA,South,27/12/2022,Platinum,268.37
CUST000556,Customer 556,customer556@email.com,UK,South,24/12/2023,Silver,946.27
CUST000557,Customer 557,customer557@email.com,Japan,East,23/08/2026,Bronze,1087.97
CUST000558,Customer 558,customer558@email.com,UK,Central,11/12/2023,Silver,1037.07
CUST000559,Customer 559,customer559@email.com,France,South,09/07/2025,Platinum,1356.2
CUST000560,Customer 560,customer560@email.com,Canada,North,04/06/2020,Silver,245.34
CUST000561,Customer 561,customer561@email.com,Germany,North,30/09/2026,Platinum,803.33
CUST000562,Customer 562,customer562@email.com,Japan,Central,03/01/2020,Silver,408.59
CUST000563,Customer 563,customer563@email.com,Japan,South,18/06/2021,Gold,1022.58
CUST000564,Customer 564,customer564@email.com,USA,South,31/08/2020,Silver,751.88
CUST000565,Customer 565,customer565@email.com,Japan,North,30/03/2021,Gold,849.05
CUST000566,Customer 566,customer566@email.com,Canada,East,08/06/2024,Gold,633.79
CUST000567,Customer 567,customer567@email.com,UK,South,14/08/2023,Platinum,197.66
CUST000568,Customer 568,customer568@email.com,Japan,South,18/06/2025,Gold,493.76
CUST000569,Customer 569,customer569@email.com,UK,West,03/07/2022,Gold,2188.96
CUST000570,Customer 570,customer570@email.com,UK,South,21/04/2023,Bronze,1485.4
CUST000571,Customer 571,customer571@email.com,Australia,Central,04/06/2026,Bronze,122.07
CUST000572,Customer 572,customer572@email.com,Japan,Central,15/01/2022,Silver,190.05
CUST000573,Customer 573,customer573@email.com,Canada,West,05/05/2026,Silver,170.63
CUST000574,Customer 574,customer574@email.com,Canada,South,18/09/2023,Gold,747.28
CUST000575,Customer 575,customer575@email.com,UK,North,01/08/2023,Gold,951.28
CUST000576,Customer 576,customer576@email.com,USA,East,03/01/2025,Silver,220.09
CUST000577,Customer 577,customer577@email.com,Canada,East,19/10/2022,Gold,452.46
CUST000578,Customer 578,customer578@email.com,USA,North,18/03/2021,Platinum,1018.49
CUST000579,Customer 579,customer579@email.com,Australia,South,29/11/2024,Platinum,759.88
CUST000580,Customer 580,customer580@email.com,Australia,East,12/07/2025,Platinum,490.7
CUST000581,Customer 581,customer581@email.com,India,Central,19/02/2021,Silver,546.22
CUST000582,Customer 582,customer582@email.com,India,North,28/10/2021,Bronze,455
CUST000583,Customer 583,customer583@email.com,USA,East,22/04/2023,Gold,276.59
CUST000584,Customer 584,customer584@email.com,Canada,East,04/03/2021,Silver,516.23
CUST000585,Customer 585,customer585@email.com,UK,North,17/03/2024,Bronze,683.8
CUST000586,Customer 586,customer586@email.com,India,North,16/10/2023,Platinum,1133.06
CUST000587,Customer 587,customer587@email.com,Australia,South,06/11/2021,Bronze,605.7
CUST000588,Customer 588,customer588@email.com,Japan,South,18/02/2021,Silver,815.9
CUST000589,Customer 589,customer589@email.com,France,East,03/08/2024,Gold,187.22
CUST000590,Customer 590,customer590@email.com,Canada,North,30/08/2022,Platinum,409.54
CUST000591,Customer 591,customer591@email.com,India,South,30/05/2026,Bronze,104.69
CUST000592,Customer 592,customer592@email.com,USA,West,17/01/2024,Bronze,241.63
CUST000593,Customer 593,customer593@email.com,India,South,21/04/2023,Bronze,748.16
CUST000594,Customer 594,customer594@email.com,Germany,South,15/04/2020,Gold,2502.42
CUST000595,Customer 595,customer595@email.com,India,North,01/12/2020,Gold,152.22
CUST000596,Customer 596,customer596@email.com,India,West,16/06/2024,Gold,356.66
CUST000597,Customer 597,customer597@email.com,Australia,South,08/01/2021,Gold,904.9
CUST000598,Customer 598,customer598@email.com,Japan,South,11/04/2024,Platinum,214.1
CUST000599,Customer 599,customer599@email.com,France,West,01/07/2020,Platinum,504.94
CUST000600,Customer 600,customer600@email.com,Germany,East,14/12/2022,Bronze,760.39
CUST000601,Customer 601,customer601@email.com,Canada,North,11/09/2021,Gold,578.54
CUST000602,Customer 602,customer602@email.com,Australia,Central,26/01/2026,Silver,204.14
CUST000603,Customer 603,customer603@email.com,USA,West,17/03/2026,Platinum,319.55
CUST000604,Customer 604,customer604@email.com,India,Central,02/01/2026,Silver,865.76
CUST000605,Customer 605,customer605@email.com,France,North,04/05/2025,Platinum,503.97
CUST000606,Customer 606,customer606@email.com,UK,North,22/05/2020,Platinum,102.62
CUST000607,Customer 607,customer607@email.com,UK,South,09/12/2021,Silver,815.63
CUST000608,Customer 608,customer608@email.com,USA,West,31/05/2021,Bronze,117.97
CUST000609,Customer 609,customer609@email.com,Germany,South,18/11/2024,Gold,784.69
CUST000610,Customer 610,customer610@email.com,Canada,North,02/08/2023,Platinum,213.12
CUST000611,Customer 611,customer611@email.com,Australia,Central,28/03/2026,Gold,1685.92
CUST000612,Customer 612,customer612@email.com,India,North,05/02/2023,Platinum,329.39
CUST000613,Customer 613,customer613@email.com,Australia,South,05/04/2021,Silver,297.95
CUST000614,Customer 614,customer614@email.com,Canada,North,09/05/2026,Bronze,180.61
CUST000615,Customer 615,customer615@email.com,Japan,West,17/03/2023,Gold,282.36
CUST000616,Customer 616,customer616@email.com,India,Central,17/04/2024,Platinum,1146.37
CUST000617,Customer 617,customer617@email.com,UK,East,02/06/2020,Platinum,2904.37
CUST000618,Customer 618,customer618@email.com,Australia,North,12/08/2021,Platinum,329.68
CUST000619,Customer 619,customer619@email.com,Germany,North,19/09/2023,Platinum,397.66
CUST000620,Customer 620,customer620@email.com,Japan,North,05/01/2023,Gold,740.19
CUST000621,Customer 621,customer621@email.com,France,East,26/05/2023,Platinum,1186.64
CUST000622,Customer 622,customer622@email.com,Germany,South,06/02/2021,Gold,549.53
CUST000623,Customer 623,customer623@email.com,Japan,East,19/12/2024,Platinum,348.4
CUST000624,Customer 624,customer624@email.com,Canada,South,13/10/2026,Platinum,366.04
CUST000625,Customer 625,customer625@email.com,Australia,West,15/05/2022,Gold,694.74
CUST000626,Customer 626,customer626@email.com,UK,North,18/08/2020,Gold,101.61
CUST000627,Customer 627,customer627@email.com,Australia,South,06/09/2025,Bronze,583.25
CUST000628,Customer 628,customer628@email.com,Germany,South,12/12/2021,Bronze,319.63
CUST000629,Customer 629,customer629@email.com,USA,West,18/10/2022,Bronze,890.42
CUST000630,Customer 630,customer630@email.com,Germany,East,16/01/2024,Gold,148.8
CUST000631,Customer 631,customer631@email.com,Australia,North,16/03/2025,Bronze,543.61
CUST000632,Customer 632,customer632@email.com,Japan,West,17/09/2022,Platinum,427.9
CUST000633,Customer 633,customer633@email.com,India,Central,28/12/2021,Gold,614.07
CUST000634,Customer 634,customer634@email.com,UK,East,11/11/2023,Bronze,133.53
CUST000635,Customer 635,customer635@email.com,USA,West,13/03/2023,Bronze,533.73
CUST000636,Customer 636,customer636@email.com,Germany,South,29/10/2021,Silver,512.18
CUST000637,Customer 637,customer637@email.com,France,West,26/04/2022,Bronze,511.24
CUST000638,Customer 638,customer638@email.com,India,South,06/02/2020,Silver,562.52
CUST000639,Customer 639,customer639@email.com,USA,South,28/09/2026,Gold,664.23
CUST000640,Customer 640,customer640@email.com,France,East,27/10/2026,Platinum,917.35
CUST000641,Customer 641,customer641@email.com,Japan,West,22/03/2024,Gold,257.23
CUST000642,Customer 642,customer642@email.com,India,East,12/06/2022,Platinum,971.63
CUST000643,Customer 643,customer643@email.com,Canada,North,22/07/2026,Gold,444.83
CUST000644,Customer 644,customer644@email.com,France,East,18/04/2026,Bronze,140.09
CUST000645,Customer 645,customer645@email.com,Canada,East,27/05/2025,Gold,130.17
CUST000646,Customer 646,customer646@email.com,France,East,24/08/2023,Gold,303.41
CUST000647,Customer 647,customer647@email.com,UK,Central,10/02/2022,Silver,868.32
CUST000648,Customer 648,customer648@email.com,Australia,East,20/08/2020,Silver,714.95
CUST000649,Customer 649,customer649@email.com,India,East,14/04/2020,Gold,877.04
CUST000650,Customer 650,customer650@email.com,Australia,West,10/09/2024,Bronze,464.15
CUST000651,Customer 651,customer651@email.com,Germany,East,16/07/2026,Silver,390.09
CUST000652,Customer 652,customer652@email.com,India,East,29/12/2025,Gold,179.76
CUST000653,Customer 653,customer653@email.com,UK,East,27/11/2021,Bronze,298.89
CUST000654,Customer 654,customer654@email.com,UK,East,12/04/2025,Silver,384.6
CUST000655,Customer 655,customer655@email.com,Canada,South,06/10/2023,Gold,146.39
CUST000656,Customer 656,customer656@email.com,France,West,03/07/2022,Gold,224.62
CUST000657,Customer 657,customer657@email.com,France,Central,02/03/2024,Gold,555.93
CUST000658,Customer 658,customer658@email.com,Canada,West,14/03/2025,Bronze,765.27
CUST000659,Customer 659,customer659@email.com,Canada,West,18/07/2026,Silver,3302.74
CUST000660,Customer 660,customer660@email.com,Canada,West,11/08/2025,Gold,1452.38
CUST000661,Customer 661,customer661@email.com,USA,South,19/08/2024,Silver,614.4
CUST000662,Customer 662,customer662@email.com,Japan,West,31/03/2022,Platinum,373.44
CUST000663,Customer 663,customer663@email.com,Japan,South,09/08/2021,Bronze,605.54
CUST000664,Customer 664,customer664@email.com,Japan,South,20/06/2025,Gold,870.08
CUST000665,Customer 665,customer665@email.com,USA,West,25/08/2020,Gold,162.97
CUST000666,Customer 666,customer666@email.com,UK,Central,07/05/2022,Silver,363.74
CUST000667,Customer 667,customer667@email.com,Canada,South,28/06/2025,Platinum,1015.67
CUST000668,Customer 668,customer668@email.com,Australia,West,24/10/2024,Platinum,342.12
CUST000669,Customer 669,customer669@email.com,USA,North,19/04/2024,Silver,524.17
CUST000670,Customer 670,customer670@email.com,USA,East,08/03/2024,Silver,543.09
CUST000671,Customer 671,customer671@email.com,USA,South,14/03/2020,Silver,201.96
CUST000672,Customer 672,customer672@email.com,France,South,11/11/2023,Bronze,324.89
CUST000673,Customer 673,customer673@email.com,France,South,20/04/2024,Bronze,303.62
CUST000674,Customer 674,customer674@email.com,France,East,06/07/2020,Platinum,113.27
CUST000675,Customer 675,customer675@email.com,Japan,West,01/11/2025,Silver,112.24
CUST000676,Customer 676,customer676@email.com,India,East,04/11/2023,Silver,990.99
CUST000677,Customer 677,customer677@email.com,Australia,North,06/11/2021,Silver,259.46
CUST000678,Customer 678,customer678@email.com,UK,South,07/07/2022,Bronze,464.99
CUST000679,Customer 679,customer679@email.com,UK,North,12/08/2026,Gold,277.43
CUST000680,Customer 680,customer680@email.com,Australia,East,02/06/2020,Bronze,1512.4
CUST000681,Customer 681,customer681@email.com,USA,North,29/08/2026,Bronze,250.08
CUST000682,Customer 682,customer682@email.com,Canada,West,16/07/2020,Platinum,380.76
CUST000683,Customer 683,customer683@email.com,Canada,Central,06/04/2024,Gold,1130.72
CUST000684,Customer 684,customer684@email.com,UK,South,27/04/2025,Bronze,1022.37
CUST000685,Customer 685,customer685@email.com,Australia,North,18/05/2023,Gold,202.96
CUST000686,Customer 686,customer686@email.com,UK,West,25/12/2026,Bronze,911.37
CUST000687,Customer 687,customer687@email.com,Canada,East,26/09/2025,Bronze,406.42
CUST000688,Customer 688,customer688@email.com,India,South,11/03/2021,Silver,429.83
CUST000689,Customer 689,customer689@email.com,Germany,East,13/12/2022,Platinum,171.64
CUST000690,Customer 690,customer690@email.com,UK,North,24/04/2023,Platinum,142.02
CUST000691,Customer 691,customer691@email.com,India,East,30/04/2022,Silver,750.87
CUST000692,Customer 692,customer692@email.com,USA,North,12/01/2020,Bronze,443.05
CUST000693,Customer 693,customer693@email.com,India,South,09/06/2026,Bronze,387.11
CUST000694,Customer 694,customer694@email.com,Canada,North,26/09/2025,Gold,753.76
CUST000695,Customer 695,customer695@email.com,India,East,04/08/2022,Gold,825.18
CUST000696,Customer 696,customer696@email.com,USA,North,16/03/2025,Silver,186.53
CUST000697,Customer 697,customer697@email.com,France,East,10/06/2020,Gold,571.09
CUST000698,Customer 698,customer698@email.com,Canada,North,10/10/2024,Bronze,172.72
CUST000699,Customer 699,customer699@email.com,UK,South,09/02/2020,Gold,795.9
CUST000700,Customer 700,customer700@email.com,India,Central,04/01/2024,Gold,634.95
CUST000701,Customer 701,customer701@email.com,Japan,East,15/01/2021,Silver,1668.82
CUST000702,Customer 702,customer702@email.com,Australia,West,11/04/2021,Platinum,135.73
CUST000703,Customer 703,customer703@email.com,Australia,West,18/01/2023,Platinum,129.37
CUST000704,Customer 704,customer704@email.com,Canada,South,14/11/2021,Bronze,265.77
CUST000705,Customer 705,customer705@email.com,Canada,West,14/10/2021,Platinum,251.71
CUST000706,Customer 706,customer706@email.com,India,South,19/05/2026,Platinum,241.83
CUST000707,Customer 707,customer707@email.com,USA,South,08/01/2024,Platinum,1283.59
CUST000708,Customer 708,customer708@email.com,Canada,West,22/06/2025,Platinum,243.54
CUST000709,Customer 709,customer709@email.com,Canada,East,07/07/2020,Gold,258.69
CUST000710,Customer 710,customer710@email.com,Germany,East,20/02/2020,Bronze,812.31
CUST000711,Customer 711,customer711@email.com,Germany,West,07/11/2024,Gold,398.68
CUST000712,Customer 712,customer712@email.com,UK,Central,25/04/2024,Bronze,849.64
CUST000713,Customer 713,customer713@email.com,UK,Central,17/02/2020,Platinum,133.8
CUST000714,Customer 714,customer714@email.com,UK,North,23/07/2025,Platinum,434.3
CUST000715,Customer 715,customer715@email.com,Germany,East,06/08/2023,Gold,117.1
CUST000716,Customer 716,customer716@email.com,Germany,Central,25/07/2020,Platinum,132.35
CUST000717,Customer 717,customer717@email.com,Germany,North,09/07/2024,Platinum,1284.56
CUST000718,Customer 718,customer718@email.com,India,North,24/12/2024,Platinum,174.97
CUST000719,Customer 719,customer719@email.com,Japan,North,05/01/2025,Platinum,480.09
CUST000720,Customer 720,customer720@email.com,Canada,West,13/03/2020,Platinum,364.75
CUST000721,Customer 721,customer721@email.com,USA,North,26/05/2020,Gold,313.35
CUST000722,Customer 722,customer722@email.com,Germany,West,13/09/2025,Gold,1250.46
CUST000723,Customer 723,customer723@email.com,USA,South,28/01/2024,Platinum,111.03
CUST000724,Customer 724,customer724@email.com,India,East,21/09/2023,Platinum,645.01
CUST000725,Customer 725,customer725@email.com,Canada,South,12/04/2021,Bronze,1753.78
CUST000726,Customer 726,customer726@email.com,Japan,East,30/10/2023,Gold,510.68
CUST000727,Customer 727,customer727@email.com,USA,South,11/03/2021,Platinum,1480.9
CUST000728,Customer 728,customer728@email.com,Australia,North,29/07/2021,Gold,126.84
CUST000729,Customer 729,customer729@email.com,Germany,South,07/11/2026,Bronze,371.32
CUST000730,Customer 730,customer730@email.com,Germany,West,28/05/2024,Silver,250.66
CUST000731,Customer 731,customer731@email.com,Canada,West,16/10/2023,Bronze,756.19
CUST000732,Customer 732,customer732@email.com,Canada,West,08/08/2026,Platinum,2089.54
CUST000733,Customer 733,customer733@email.com,UK,West,10/08/2026,Bronze,248.21
CUST000734,Customer 734,customer734@email.com,USA,Central,12/12/2025,Platinum,630.91
CUST000735,Customer 735,customer735@email.com,India,Central,24/07/2026,Silver,210.38
CUST000736,Customer 736,customer736@email.com,UK,South,27/06/2026,Bronze,516.58
CUST000737,Customer 737,customer737@email.com,Japan,Central,05/05/2024,Platinum,411.75
CUST000738,Customer 738,customer738@email.com,Germany,East,10/09/2024,Platinum,1887.87
CUST000739,Customer 739,customer739@email.com,France,West,05/11/2023,Silver,568.92
CUST000740,Customer 740,customer740@email.com,Australia,Central,19/07/2021,Gold,315.01
CUST000741,Customer 741,customer741@email.com,Japan,Central,21/02/2026,Silver,160.57
CUST000742,Customer 742,customer742@email.com,Germany,Central,02/04/2022,Gold,181.99
CUST000743,Customer 743,customer743@email.com,UK,South,15/11/2023,Gold,227.65
CUST000744,Customer 744,customer744@email.com,Japan,Central,17/04/2021,Platinum,244.49
CUST000745,Customer 745,customer745@email.com,Australia,Central,15/07/2026,Gold,1050.62
CUST000746,Customer 746,customer746@email.com,USA,Central,26/09/2024,Bronze,511.88
CUST000747,Customer 747,customer747@email.com,Australia,South,13/04/2020,Bronze,470.53
CUST000748,Customer 748,customer748@email.com,Germany,East,19/08/2020,Silver,160.95
CUST000749,Customer 749,customer749@email.com,France,South,19/03/2023,Bronze,1083.56
CUST000750,Customer 750,customer750@email.com,Germany,Central,23/04/2023,Bronze,741.53
CUST000751,Customer 751,customer751@email.com,India,North,09/01/2024,Silver,135.03
CUST000752,Customer 752,customer752@email.com,Australia,South,17/04/2026,Gold,715.22
CUST000753,Customer 753,customer753@email.com,Australia,West,11/07/2020,Platinum,492.13
CUST000754,Customer 754,customer754@email.com,USA,North,04/07/2023,Gold,142.63
CUST000755,Customer 755,customer755@email.com,India,South,11/04/2022,Gold,406.52
CUST000756,Customer 756,customer756@email.com,Germany,South,07/08/2026,Gold,431.5
CUST000757,Customer 757,customer757@email.com,UK,North,12/01/2025,Silver,190.63
CUST000758,Customer 758,customer758@email.com,Canada,West,12/12/2021,Bronze,1556.6
CUST000759,Customer 759,customer759@email.com,France,Central,21/10/2024,Gold,1048.48
CUST000760,Customer 760,customer760@email.com,UK,Central,16/06/2021,Gold,652.85
CUST000761,Customer 761,customer761@email.com,Japan,West,24/01/2020,Silver,410.22
CUST000762,Customer 762,customer762@email.com,UK,East,12/06/2020,Bronze,365.31
CUST000763,Customer 763,customer763@email.com,France,West,26/11/2026,Gold,626.3
CUST000764,Customer 764,customer764@email.com,Japan,Central,25/10/2020,Silver,494.2
CUST000765,Customer 765,customer765@email.com,Canada,Central,23/01/2022,Silver,132.15
CUST000766,Customer 766,customer766@email.com,Australia,North,30/08/2024,Gold,459.24
CUST000767,Customer 767,customer767@email.com,Germany,East,25/06/2022,Gold,920.99
CUST000768,Customer 768,customer768@email.com,France,South,17/01/2024,Platinum,407.39
CUST000769,Customer 769,customer769@email.com,USA,North,18/04/2026,Gold,126.68
CUST000770,Customer 770,customer770@email.com,Germany,Central,30/12/2024,Silver,871.54
CUST000771,Customer 771,customer771@email.com,Japan,West,12/06/2020,Bronze,212.42
CUST000772,Customer 772,customer772@email.com,France,Central,29/04/2024,Gold,249.62
CUST000773,Customer 773,customer773@email.com,Japan,Central,11/04/2020,Platinum,189.99
CUST000774,Customer 774,customer774@email.com,USA,East,16/06/2025,Silver,300.4
CUST000775,Customer 775,customer775@email.com,Canada,North,05/08/2023,Silver,806.84
CUST000776,Customer 776,customer776@email.com,USA,North,12/01/2026,Silver,466.35
CUST000777,Customer 777,customer777@email.com,Australia,North,23/05/2022,Silver,214.63
CUST000778,Customer 778,customer778@email.com,Australia,North,11/01/2026,Silver,1151.17
CUST000779,Customer 779,customer779@email.com,India,East,07/04/2020,Bronze,1158.39
CUST000780,Customer 780,customer780@email.com,Canada,North,24/12/2020,Silver,1122.34
CUST000781,Customer 781,customer781@email.com,Canada,Central,28/10/2022,Silver,236.43
CUST000782,Customer 782,customer782@email.com,Australia,West,25/11/2022,Platinum,400.05
CUST000783,Customer 783,customer783@email.com,Australia,East,14/07/2024,Bronze,2199.51
CUST000784,Customer 784,customer784@email.com,Canada,Central,14/05/2024,Bronze,839.23
CUST000785,Customer 785,customer785@email.com,Canada,Central,07/12/2026,Bronze,113.77
CUST000786,Customer 786,customer786@email.com,Japan,Central,24/10/2020,Bronze,133.71
CUST000787,Customer 787,customer787@email.com,France,Central,02/04/2023,Bronze,411.75
CUST000788,Customer 788,customer788@email.com,India,West,27/02/2023,Platinum,1299.66
CUST000789,Customer 789,customer789@email.com,India,South,06/05/2020,Silver,486.86
CUST000790,Customer 790,customer790@email.com,Australia,Central,12/07/2021,Gold,444.39
CUST000791,Customer 791,customer791@email.com,France,East,13/08/2021,Bronze,155.73
CUST000792,Customer 792,customer792@email.com,UK,North,17/03/2026,Bronze,634.69
CUST000793,Customer 793,customer793@email.com,Australia,Central,21/01/2020,Bronze,963.28
CUST000794,Customer 794,customer794@email.com,Germany,East,02/06/2023,Silver,339.36
CUST000795,Customer 795,customer795@email.com,UK,South,17/08/2024,Silver,847.19
CUST000796,Customer 796,customer796@email.com,France,South,23/06/2022,Bronze,1768.78
CUST000797,Customer 797,customer797@email.com,USA,Central,12/01/2022,Platinum,213.93
CUST000798,Customer 798,customer798@email.com,Canada,East,01/03/2026,Bronze,470.47
CUST000799,Customer 799,customer799@email.com,Canada,South,23/10/2022,Platinum,269.23
CUST000800,Customer 800,customer800@email.com,Japan,South,17/09/2023,Silver,887.17
CUST000801,Customer 801,customer801@email.com,France,Central,13/02/2021,Bronze,530.89
CUST000802,Customer 802,customer802@email.com,Japan,West,03/03/2022,Platinum,603.36
CUST000803,Customer 803,customer803@email.com,France,Central,06/09/2023,Silver,899.53
CUST000804,Customer 804,customer804@email.com,Japan,East,05/05/2026,Platinum,352.07
CUST000805,Customer 805,customer805@email.com,USA,East,21/11/2021,Silver,1333.08
CUST000806,Customer 806,customer806@email.com,Australia,East,26/06/2022,Gold,480.74
CUST000807,Customer 807,customer807@email.com,Japan,West,04/07/2021,Platinum,185.96
CUST000808,Customer 808,customer808@email.com,Japan,East,29/12/2024,Platinum,695.2
CUST000809,Customer 809,customer809@email.com,Canada,South,09/03/2026,Bronze,888.15
CUST000810,Customer 810,customer810@email.com,UK,Central,23/02/2023,Silver,290.46
CUST000811,Customer 811,customer811@email.com,Canada,North,14/12/2022,Bronze,1073.08
CUST000812,Customer 812,customer812@email.com,USA,Central,08/09/2025,Platinum,1282.99
CUST000813,Customer 813,customer813@email.com,Germany,North,13/08/2026,Gold,262.11
CUST000814,Customer 814,customer814@email.com,India,South,04/02/2026,Gold,2152.85
CUST000815,Customer 815,customer815@email.com,Germany,Central,26/05/2024,Gold,175.83
CUST000816,Customer 816,customer816@email.com,India,Central,02/07/2021,Bronze,212.83
CUST000817,Customer 817,customer817@email.com,Japan,Central,13/06/2024,Bronze,201.81
CUST000818,Customer 818,customer818@email.com,UK,Central,05/09/2022,Silver,1222.11
CUST000819,Customer 819,customer819@email.com,UK,South,01/01/2025,Silver,631.08
CUST000820,Customer 820,customer820@email.com,Japan,North,03/06/2025,Silver,182.5
CUST000821,Customer 821,customer821@email.com,Germany,North,20/06/2025,Gold,390.2
CUST000822,Customer 822,customer822@email.com,Germany,North,22/02/2024,Silver,577.64
CUST000823,Customer 823,customer823@email.com,Japan,West,22/10/2025,Platinum,143.58
CUST000824,Customer 824,customer824@email.com,USA,North,05/02/2025,Gold,1170.3
CUST000825,Customer 825,customer825@email.com,France,East,26/02/2021,Silver,913.81
CUST000826,Customer 826,customer826@email.com,Australia,East,22/03/2024,Bronze,451.81
CUST000827,Customer 827,customer827@email.com,France,West,17/10/2025,Silver,1807.55
CUST000828,Customer 828,customer828@email.com,Australia,East,16/10/2025,Gold,370.44
CUST000829,Customer 829,customer829@email.com,India,Central,17/06/2025,Bronze,2171.04
CUST000830,Customer 830,customer830@email.com,UK,West,17/08/2025,Silver,651.19
CUST000831,Customer 831,customer831@email.com,Canada,Central,31/07/2022,Gold,603.48
CUST000832,Customer 832,customer832@email.com,UK,South,16/05/2022,Silver,190.73
CUST000833,Customer 833,customer833@email.com,Canada,South,23/01/2024,Platinum,1168.23
CUST000834,Customer 834,customer834@email.com,Canada,West,14/09/2023,Platinum,378.86
CUST000835,Customer 835,customer835@email.com,Germany,Central,16/05/2025,Silver,188.51
CUST000836,Customer 836,customer836@email.com,USA,South,10/08/2024,Bronze,106.34
CUST000837,Customer 837,customer837@email.com,UK,South,07/06/2021,Bronze,510.21
CUST000838,Customer 838,customer838@email.com,UK,North,02/06/2026,Silver,474.75
CUST000839,Customer 839,customer839@email.com,UK,Central,23/11/2022,Platinum,735.33
CUST000840,Customer 840,customer840@email.com,USA,East,20/09/2026,Bronze,1204.81
CUST000841,Customer 841,customer841@email.com,India,Central,06/06/2022,Platinum,141.37
CUST000842,Customer 842,customer842@email.com,UK,South,26/05/2025,Platinum,757.45
CUST000843,Customer 843,customer843@email.com,UK,Central,27/09/2026,Silver,203.77
CUST000844,Customer 844,customer844@email.com,France,South,27/12/2026,Gold,1076.59
CUST000845,Customer 845,customer845@email.com,Canada,South,31/01/2025,Platinum,954.8
CUST000846,Customer 846,customer846@email.com,UK,North,27/04/2024,Bronze,489.13
CUST000847,Customer 847,customer847@email.com,Australia,South,08/04/2022,Bronze,719.36
CUST000848,Customer 848,customer848@email.com,India,Central,27/12/2021,Bronze,288.69
CUST000849,Customer 849,customer849@email.com,Canada,North,16/12/2025,Platinum,418.54
CUST000850,Customer 850,customer850@email.com,USA,West,17/06/2021,Platinum,961.97
CUST000851,Customer 851,customer851@email.com,USA,Central,26/02/2024,Platinum,407.41
CUST000852,Customer 852,customer852@email.com,India,West,28/07/2022,Gold,321.43
CUST000853,Customer 853,customer853@email.com,Canada,West,09/08/2026,Silver,440.82
CUST000854,Customer 854,customer854@email.com,India,South,08/11/2022,Bronze,980.86
CUST000855,Customer 855,customer855@email.com,Australia,East,06/03/2023,Silver,304.14
CUST000856,Customer 856,customer856@email.com,USA,Central,23/01/2020,Bronze,195.44
CUST000857,Customer 857,customer857@email.com,USA,West,29/10/2025,Silver,722.42
CUST000858,Customer 858,customer858@email.com,Australia,East,17/07/2023,Bronze,974.29
CUST000859,Customer 859,customer859@email.com,Australia,Central,25/09/2021,Gold,153.03
CUST000860,Customer 860,customer860@email.com,Australia,Central,06/12/2022,Gold,237.14
CUST000861,Customer 861,customer861@email.com,France,West,11/11/2026,Silver,176.56
CUST000862,Customer 862,customer862@email.com,India,South,19/08/2024,Gold,313.81
CUST000863,Customer 863,customer863@email.com,India,East,09/04/2026,Gold,399.24
CUST000864,Customer 864,customer864@email.com,Japan,West,24/06/2026,Silver,790.81
CUST000865,Customer 865,customer865@email.com,Germany,West,02/05/2021,Silver,626.55
CUST000866,Customer 866,customer866@email.com,Germany,Central,14/02/2021,Platinum,585.02
CUST000867,Customer 867,customer867@email.com,USA,South,18/10/2023,Platinum,317.22
CUST000868,Customer 868,customer868@email.com,Canada,South,22/01/2020,Platinum,1020.83
CUST000869,Customer 869,customer869@email.com,Australia,North,24/09/2026,Bronze,418.65
CUST000870,Customer 870,customer870@email.com,Germany,East,13/12/2022,Bronze,2034.12
CUST000871,Customer 871,customer871@email.com,USA,West,30/10/2026,Platinum,602.76
CUST000872,Customer 872,customer872@email.com,France,Central,19/11/2026,Bronze,167.49
CUST000873,Customer 873,customer873@email.com,India,West,18/12/2021,Bronze,663.78
CUST000874,Customer 874,customer874@email.com,France,South,06/04/2022,Bronze,296.6
CUST000875,Customer 875,customer875@email.com,Germany,Central,21/09/2026,Silver,679.7
CUST000876,Customer 876,customer876@email.com,Japan,South,27/05/2020,Bronze,136.09
CUST000877,Customer 877,customer877@email.com,Canada,East,06/10/2021,Platinum,196.11
CUST000878,Customer 878,customer878@email.com,Australia,West,17/12/2023,Silver,1068.06
CUST000879,Customer 879,customer879@email.com,USA,North,21/10/2025,Bronze,228.85
CUST000880,Customer 880,customer880@email.com,France,Central,01/03/2026,Gold,1007.13
CUST000881,Customer 881,customer881@email.com,France,South,24/11/2023,Silver,263.75
CUST000882,Customer 882,customer882@email.com,Australia,Central,05/02/2025,Bronze,614.84
CUST000883,Customer 883,customer883@email.com,UK,West,05/12/2022,Bronze,692.33
CUST000884,Customer 884,customer884@email.com,Canada,Central,07/04/2026,Gold,459.39
CUST000885,Customer 885,customer885@email.com,Canada,Central,24/10/2023,Gold,282.15
CUST000886,Customer 886,customer886@email.com,France,West,12/01/2026,Platinum,219.54
CUST000887,Customer 887,customer887@email.com,India,South,25/04/2026,Gold,116.88
CUST000888,Customer 888,customer888@email.com,India,Central,22/02/2025,Bronze,281.16
CUST000889,Customer 889,customer889@email.com,Canada,East,28/05/2025,Bronze,629.45
CUST000890,Customer 890,customer890@email.com,Germany,South,16/04/2024,Gold,1492.77
CUST000891,Customer 891,customer891@email.com,Japan,Central,16/08/2024,Bronze,1124.76
CUST000892,Customer 892,customer892@email.com,Germany,East,14/12/2022,Bronze,826.36
CUST000893,Customer 893,customer893@email.com,Japan,North,22/06/2024,Silver,876.64
CUST000894,Customer 894,customer894@email.com,Japan,East,05/05/2025,Silver,646.79
CUST000895,Customer 895,customer895@email.com,France,South,07/06/2026,Silver,250.75
CUST000896,Customer 896,customer896@email.com,Germany,South,05/08/2025,Silver,1288.63
CUST000897,Customer 897,customer897@email.com,Germany,South,23/12/2022,Silver,655.44
CUST000898,Customer 898,customer898@email.com,Japan,South,19/10/2022,Bronze,510.99
CUST000899,Customer 899,customer899@email.com,Canada,West,06/05/2021,Bronze,158.82
CUST000900,Customer 900,customer900@email.com,USA,West,26/01/2026,Gold,396.25
CUST000901,Customer 901,customer901@email.com,Japan,West,17/12/2026,Gold,408.42
CUST000902,Customer 902,customer902@email.com,UK,Central,03/07/2025,Gold,1099.63
CUST000903,Customer 903,customer903@email.com,Germany,Central,17/06/2024,Silver,495.54
CUST000904,Customer 904,customer904@email.com,Australia,West,09/08/2020,Bronze,339.34
CUST000905,Customer 905,customer905@email.com,Japan,West,20/08/2025,Silver,1981.81
CUST000906,Customer 906,customer906@email.com,Canada,Central,15/02/2025,Platinum,158.67
CUST000907,Customer 907,customer907@email.com,USA,North,16/07/2023,Silver,374.57
CUST000908,Customer 908,customer908@email.com,Canada,East,03/04/2024,Gold,121.47
CUST000909,Customer 909,customer909@email.com,France,South,14/11/2026,Gold,773.35
CUST000910,Customer 910,customer910@email.com,France,West,29/08/2022,Gold,1350.99
CUST000911,Customer 911,customer911@email.com,UK,West,07/02/2024,Platinum,264.28
CUST000912,Customer 912,customer912@email.com,Australia,East,12/05/2022,Gold,1077.17
CUST000913,Customer 913,customer913@email.com,France,West,28/06/2024,Silver,272.81
CUST000914,Customer 914,customer914@email.com,UK,Central,29/05/2026,Silver,1308.27
CUST000915,Customer 915,customer915@email.com,France,South,13/02/2021,Platinum,801.13
CUST000916,Customer 916,customer916@email.com,Germany,South,09/04/2024,Silver,917.14
CUST000917,Customer 917,customer917@email.com,USA,South,21/04/2025,Platinum,109.09
CUST000918,Customer 918,customer918@email.com,UK,Central,08/08/2025,Gold,1745.86
CUST000919,Customer 919,customer919@email.com,France,East,16/06/2025,Bronze,748.54
CUST000920,Customer 920,customer920@email.com,Canada,South,19/06/2024,Bronze,281.74
CUST000921,Customer 921,customer921@email.com,France,West,01/06/2022,Bronze,984.2
CUST000922,Customer 922,customer922@email.com,Japan,East,16/01/2025,Gold,265.31
CUST000923,Customer 923,customer923@email.com,France,East,15/01/2024,Bronze,1130.82
CUST000924,Customer 924,customer924@email.com,Canada,East,13/08/2024,Silver,159.72
CUST000925,Customer 925,customer925@email.com,UK,East,20/06/2026,Gold,708.17
CUST000926,Customer 926,customer926@email.com,India,West,24/08/2023,Bronze,489.02
CUST000927,Customer 927,customer927@email.com,France,West,09/04/2024,Silver,150.76
CUST000928,Customer 928,customer928@email.com,Japan,West,17/11/2021,Platinum,238.47
CUST000929,Customer 929,customer929@email.com,Canada,South,19/10/2020,Gold,106.24
CUST000930,Customer 930,customer930@email.com,Japan,East,23/07/2022,Gold,416.28
CUST000931,Customer 931,customer931@email.com,Australia,East,31/12/2022,Platinum,279.24
CUST000932,Customer 932,customer932@email.com,India,West,27/01/2024,Silver,556.1
CUST000933,Customer 933,customer933@email.com,USA,South,23/01/2022,Silver,276.37
CUST000934,Customer 934,customer934@email.com,Canada,South,27/10/2022,Silver,278.28
CUST000935,Customer 935,customer935@email.com,Canada,North,14/06/2024,Bronze,779.72
CUST000936,Customer 936,customer936@email.com,USA,North,22/04/2025,Platinum,124.67
CUST000937,Customer 937,customer937@email.com,Canada,North,16/11/2025,Gold,1265.98
CUST000938,Customer 938,customer938@email.com,UK,North,06/12/2026,Platinum,1056.16
CUST000939,Customer 939,customer939@email.com,Germany,South,21/06/2023,Gold,651.02
CUST000940,Customer 940,customer940@email.com,UK,South,20/12/2024,Silver,549.74
CUST000941,Customer 941,customer941@email.com,USA,East,27/04/2020,Gold,1214.21
CUST000942,Customer 942,customer942@email.com,India,Central,04/05/2025,Gold,202.49
CUST000943,Customer 943,customer943@email.com,India,South,24/02/2026,Silver,141.13
CUST000944,Customer 944,customer944@email.com,India,Central,17/08/2026,Platinum,236.9
CUST000945,Customer 945,customer945@email.com,France,East,14/11/2025,Platinum,891.35
CUST000946,Customer 946,customer946@email.com,Germany,North,19/01/2026,Platinum,117.64
CUST000947,Customer 947,customer947@email.com,Japan,West,15/06/2023,Gold,537.1
CUST000948,Customer 948,customer948@email.com,France,North,29/09/2021,Bronze,2794.94
CUST000949,Customer 949,customer949@email.com,UK,East,13/11/2025,Gold,1067.92
CUST000950,Customer 950,customer950@email.com,USA,West,05/04/2025,Platinum,468.49
CUST000951,Customer 951,customer951@email.com,USA,West,12/05/2023,Gold,132.88
CUST000952,Customer 952,customer952@email.com,Germany,North,11/09/2026,Gold,990.03
CUST000953,Customer 953,customer953@email.com,Australia,Central,11/02/2022,Platinum,556.87
CUST000954,Customer 954,customer954@email.com,Germany,South,04/06/2024,Platinum,161.05
CUST000955,Customer 955,customer955@email.com,Germany,East,29/03/2024,Bronze,149.28
CUST000956,Customer 956,customer956@email.com,Germany,Central,25/09/2024,Gold,1301.9
CUST000957,Customer 957,customer957@email.com,France,West,12/03/2023,Silver,653.12
CUST000958,Customer 958,customer958@email.com,UK,South,07/10/2020,Gold,983.89
CUST000959,Customer 959,customer959@email.com,India,Central,28/03/2021,Platinum,1155.9
CUST000960,Customer 960,customer960@email.com,India,South,19/01/2023,Gold,524.05
CUST000961,Customer 961,customer961@email.com,UK,North,20/03/2020,Bronze,464.33
CUST000962,Customer 962,customer962@email.com,Canada,East,31/01/2022,Gold,381.43
CUST000963,Customer 963,customer963@email.com,India,North,27/05/2021,Silver,290.59
CUST000964,Customer 964,customer964@email.com,UK,North,04/01/2021,Platinum,385.11
CUST000965,Customer 965,customer965@email.com,Japan,West,08/06/2022,Gold,843.34
CUST000966,Customer 966,customer966@email.com,Japan,West,03/08/2025,Bronze,560.56
CUST000967,Customer 967,customer967@email.com,Canada,South,14/09/2023,Bronze,1215.24
CUST000968,Customer 968,customer968@email.com,Australia,North,27/12/2022,Platinum,392.94
CUST000969,Customer 969,customer969@email.com,Germany,East,13/01/2022,Platinum,567.09
CUST000970,Customer 970,customer970@email.com,Canada,South,21/02/2020,Platinum,598.9
CUST000971,Customer 971,customer971@email.com,Germany,North,19/12/2024,Silver,547.87
CUST000972,Customer 972,customer972@email.com,Canada,Central,02/03/2025,Silver,706.4
CUST000973,Customer 973,customer973@email.com,Australia,East,20/04/2025,Gold,235.53
CUST000974,Customer 974,customer974@email.com,USA,Central,11/10/2021,Bronze,459.09
CUST000975,Customer 975,customer975@email.com,India,East,03/11/2022,Silver,155.03
CUST000976,Customer 976,customer976@email.com,USA,South,16/01/2024,Bronze,342.67
CUST000977,Customer 977,customer977@email.com,Australia,East,24/08/2022,Bronze,434.39
CUST000978,Customer 978,customer978@email.com,France,Central,16/11/2021,Bronze,628.1
CUST000979,Customer 979,customer979@email.com,Germany,North,09/06/2024,Bronze,1603.21
CUST000980,Customer 980,customer980@email.com,India,Central,08/07/2026,Silver,558.96
CUST000981,Customer 981,customer981@email.com,Canada,South,01/03/2024,Silver,780.5
CUST000982,Customer 982,customer982@email.com,Canada,Central,09/08/2025,Gold,452.88
CUST000983,Customer 983,customer983@email.com,USA,East,02/09/2020,Silver,602.7
CUST000984,Customer 984,customer984@email.com,Canada,South,05/01/2026,Platinum,136.79
CUST000985,Customer 985,customer985@email.com,Japan,Central,11/08/2022,Gold,246.78
CUST000986,Customer 986,customer986@email.com,Germany,North,01/12/2024,Platinum,324.59
CUST000987,Customer 987,customer987@email.com,UK,East,07/01/2024,Bronze,419.8
CUST000988,Customer 988,customer988@email.com,India,Central,10/06/2025,Gold,123.36
CUST000989,Customer 989,customer989@email.com,India,South,01/02/2026,Silver,175.43
CUST000990,Customer 990,customer990@email.com,Japan,East,04/02/2026,Platinum,262.04
CUST000991,Customer 991,customer991@email.com,UK,North,01/02/2023,Silver,1879.5
CUST000992,Customer 992,customer992@email.com,France,East,14/01/2025,Gold,301.25
CUST000993,Customer 993,customer993@email.com,USA,Central,02/02/2025,Platinum,428.93
CUST000994,Customer 994,customer994@email.com,USA,Central,29/01/2022,Gold,209.14
CUST000995,Customer 995,customer995@email.com,Germany,East,15/12/2026,Bronze,571.81
CUST000996,Customer 996,customer996@email.com,Australia,South,16/01/2026,Platinum,264.73
CUST000997,Customer 997,customer997@email.com,UK,Central,08/03/2026,Gold,215.96
CUST000998,Customer 998,customer998@email.com,Australia,East,14/08/2023,Bronze,463.43
CUST000999,Customer 999,customer999@email.com,Canada,North,29/01/2021,Silver,102.76
CUST001000,Customer 1000,customer1000@email.com,USA,South,01/01/2022,Bronze,103.85
CUST001001,Customer 1001,customer1001@email.com,Germany,North,11/06/2025,Bronze,223.63
CUST001002,Customer 1002,customer1002@email.com,Australia,West,27/05/2026,Gold,118.71
CUST001003,Customer 1003,customer1003@email.com,Japan,South,20/07/2020,Bronze,157.16
CUST001004,Customer 1004,customer1004@email.com,Germany,West,23/02/2020,Bronze,306.9
CUST001005,Customer 1005,customer1005@email.com,USA,East,01/04/2025,Platinum,911.23
CUST001006,Customer 1006,customer1006@email.com,USA,Central,20/02/2024,Gold,524.37
CUST001007,Customer 1007,customer1007@email.com,USA,North,06/12/2025,Gold,459.4
CUST001008,Customer 1008,customer1008@email.com,Germany,Central,15/11/2020,Bronze,273.71
CUST001009,Customer 1009,customer1009@email.com,Germany,Central,18/02/2021,Platinum,1442.32
CUST001010,Customer 1010,customer1010@email.com,Germany,Central,15/02/2022,Silver,352.93
CUST001011,Customer 1011,customer1011@email.com,UK,Central,23/05/2026,Platinum,145.56
CUST001012,Customer 1012,customer1012@email.com,Japan,West,08/03/2021,Platinum,579.95
CUST001013,Customer 1013,customer1013@email.com,UK,South,02/03/2021,Platinum,160.43
CUST001014,Customer 1014,customer1014@email.com,Japan,South,29/08/2025,Platinum,311.73
CUST001015,Customer 1015,customer1015@email.com,Japan,Central,14/12/2023,Gold,454.04
CUST001016,Customer 1016,customer1016@email.com,Australia,West,02/03/2024,Gold,1136.62
CUST001017,Customer 1017,customer1017@email.com,Germany,Central,28/10/2026,Silver,440.16
CUST001018,Customer 1018,customer1018@email.com,France,East,16/03/2024,Platinum,705.77
CUST001019,Customer 1019,customer1019@email.com,Australia,North,06/01/2025,Bronze,2568.01
CUST001020,Customer 1020,customer1020@email.com,USA,Central,11/03/2023,Silver,170.49
CUST001021,Customer 1021,customer1021@email.com,USA,East,21/05/2023,Silver,260.61
CUST001022,Customer 1022,customer1022@email.com,Japan,North,29/05/2022,Gold,350.91
CUST001023,Customer 1023,customer1023@email.com,UK,North,17/03/2026,Bronze,373.94
CUST001024,Customer 1024,customer1024@email.com,Japan,South,28/02/2025,Silver,364.68
CUST001025,Customer 1025,customer1025@email.com,Japan,Central,21/12/2022,Silver,1290.87
CUST001026,Customer 1026,customer1026@email.com,France,East,12/08/2022,Bronze,725.94
CUST001027,Customer 1027,customer1027@email.com,Australia,Central,25/05/2026,Silver,568.13
CUST001028,Customer 1028,customer1028@email.com,Japan,West,12/11/2020,Silver,285.08
CUST001029,Customer 1029,customer1029@email.com,Canada,Central,22/06/2025,Gold,968.04
CUST001030,Customer 1030,customer1030@email.com,Australia,North,02/06/2020,Bronze,1651.22
CUST001031,Customer 1031,customer1031@email.com,Japan,West,01/10/2023,Platinum,960.74
CUST001032,Customer 1032,customer1032@email.com,Germany,Central,08/05/2021,Bronze,100.78
CUST001033,Customer 1033,customer1033@email.com,USA,East,15/04/2024,Bronze,605.85
CUST001034,Customer 1034,customer1034@email.com,UK,East,31/07/2023,Silver,126.24
CUST001035,Customer 1035,customer1035@email.com,USA,West,19/09/2021,Platinum,248.94
CUST001036,Customer 1036,customer1036@email.com,Canada,South,03/09/2026,Platinum,130.68
CUST001037,Customer 1037,customer1037@email.com,Australia,South,01/04/2023,Silver,562.91
CUST001038,Customer 1038,customer1038@email.com,Canada,West,08/10/2023,Bronze,680.12
CUST001039,Customer 1039,customer1039@email.com,Australia,East,23/02/2026,Bronze,160.79
CUST001040,Customer 1040,customer1040@email.com,Australia,South,20/06/2024,Silver,342.12
CUST001041,Customer 1041,customer1041@email.com,Germany,West,23/05/2025,Platinum,404.62
CUST001042,Customer 1042,customer1042@email.com,Germany,Central,29/05/2026,Silver,330.27
CUST001043,Customer 1043,customer1043@email.com,Canada,East,19/09/2022,Platinum,164.5
CUST001044,Customer 1044,customer1044@email.com,Canada,North,17/08/2023,Platinum,371.46
CUST001045,Customer 1045,customer1045@email.com,Japan,East,30/09/2024,Silver,795.51
CUST001046,Customer 1046,customer1046@email.com,Japan,Central,06/08/2023,Bronze,136.83
CUST001047,Customer 1047,customer1047@email.com,UK,East,02/06/2023,Platinum,141.79
CUST001048,Customer 1048,customer1048@email.com,UK,West,27/12/2026,Bronze,319.08
CUST001049,Customer 1049,customer1049@email.com,Germany,East,14/08/2022,Silver,1521.3
CUST001050,Customer 1050,customer1050@email.com,Canada,North,17/12/2020,Silver,652.17
CUST001051,Customer 1051,customer1051@email.com,UK,East,18/12/2026,Bronze,667.64
CUST001052,Customer 1052,customer1052@email.com,Canada,East,07/11/2023,Platinum,324.65
CUST001053,Customer 1053,customer1053@email.com,USA,East,13/04/2025,Silver,550.28
CUST001054,Customer 1054,customer1054@email.com,Germany,South,12/01/2026,Gold,105.09
CUST001055,Customer 1055,customer1055@email.com,India,Central,25/02/2026,Silver,605.43
CUST001056,Customer 1056,customer1056@email.com,Australia,Central,16/03/2020,Bronze,1322.58
CUST001057,Customer 1057,customer1057@email.com,UK,North,12/11/2022,Gold,574.11
CUST001058,Customer 1058,customer1058@email.com,France,North,02/04/2022,Platinum,1134.54
CUST001059,Customer 1059,customer1059@email.com,Canada,West,04/02/2020,Gold,743.63
CUST001060,Customer 1060,customer1060@email.com,Canada,North,15/01/2024,Gold,164.23
CUST001061,Customer 1061,customer1061@email.com,Germany,West,02/05/2024,Bronze,1263.71
CUST001062,Customer 1062,customer1062@email.com,India,Central,16/07/2023,Bronze,134.38
CUST001063,Customer 1063,customer1063@email.com,Germany,Central,02/02/2022,Platinum,481.75
CUST001064,Customer 1064,customer1064@email.com,USA,North,15/04/2026,Silver,176.66
CUST001065,Customer 1065,customer1065@email.com,France,East,08/12/2025,Platinum,105.89
CUST001066,Customer 1066,customer1066@email.com,UK,North,30/05/2024,Gold,374.12
CUST001067,Customer 1067,customer1067@email.com,Japan,East,12/12/2023,Silver,274.81
CUST001068,Customer 1068,customer1068@email.com,France,North,15/08/2025,Gold,432.77
CUST001069,Customer 1069,customer1069@email.com,USA,Central,04/05/2024,Gold,530.43
CUST001070,Customer 1070,customer1070@email.com,UK,East,12/07/2022,Platinum,122.36
CUST001071,Customer 1071,customer1071@email.com,Canada,West,16/07/2021,Silver,165.63
CUST001072,Customer 1072,customer1072@email.com,Germany,Central,05/09/2024,Silver,508.95
CUST001073,Customer 1073,customer1073@email.com,France,Central,12/10/2024,Gold,310.16
CUST001074,Customer 1074,customer1074@email.com,UK,South,13/01/2025,Silver,753.14
CUST001075,Customer 1075,customer1075@email.com,Germany,South,07/07/2026,Gold,628.2
CUST001076,Customer 1076,customer1076@email.com,UK,West,15/11/2025,Silver,1034.12
CUST001077,Customer 1077,customer1077@email.com,UK,East,02/05/2026,Bronze,689.63
CUST001078,Customer 1078,customer1078@email.com,Canada,South,01/04/2026,Gold,381
CUST001079,Customer 1079,customer1079@email.com,USA,East,19/08/2021,Platinum,658.85
CUST001080,Customer 1080,customer1080@email.com,France,West,11/08/2024,Gold,261.05
CUST001081,Customer 1081,customer1081@email.com,Germany,North,14/09/2021,Silver,282.87
CUST001082,Customer 1082,customer1082@email.com,USA,Central,26/01/2022,Gold,877.91
CUST001083,Customer 1083,customer1083@email.com,Germany,Central,16/10/2026,Silver,395.67
CUST001084,Customer 1084,customer1084@email.com,USA,East,03/08/2022,Bronze,900.69
CUST001085,Customer 1085,customer1085@email.com,UK,Central,06/05/2025,Platinum,964.17
CUST001086,Customer 1086,customer1086@email.com,UK,West,11/03/2024,Platinum,1074.43
CUST001087,Customer 1087,customer1087@email.com,UK,South,24/04/2025,Silver,1342.26
CUST001088,Customer 1088,customer1088@email.com,USA,West,15/07/2022,Bronze,381.92
CUST001089,Customer 1089,customer1089@email.com,Australia,South,10/01/2023,Silver,292
CUST001090,Customer 1090,customer1090@email.com,Canada,South,17/04/2022,Platinum,536.37
CUST001091,Customer 1091,customer1091@email.com,India,East,02/12/2026,Platinum,331.95
CUST001092,Customer 1092,customer1092@email.com,Australia,West,07/10/2022,Bronze,559.49
CUST001093,Customer 1093,customer1093@email.com,Australia,East,26/10/2026,Platinum,711.38
CUST001094,Customer 1094,customer1094@email.com,USA,Central,09/11/2026,Bronze,683.03
CUST001095,Customer 1095,customer1095@email.com,India,North,23/01/2025,Silver,334.64
CUST001096,Customer 1096,customer1096@email.com,Australia,North,25/10/2025,Platinum,191.28
CUST001097,Customer 1097,customer1097@email.com,USA,South,15/10/2025,Gold,381.52
CUST001098,Customer 1098,customer1098@email.com,Australia,East,05/12/2024,Gold,176.92
CUST001099,Customer 1099,customer1099@email.com,UK,West,04/03/2025,Gold,1204.08
CUST001100,Customer 1100,customer1100@email.com,USA,Central,16/11/2026,Silver,312.23
CUST001101,Customer 1101,customer1101@email.com,India,North,13/03/2025,Bronze,183.89
CUST001102,Customer 1102,customer1102@email.com,UK,West,06/01/2022,Platinum,112.89
CUST001103,Customer 1103,customer1103@email.com,India,North,17/08/2023,Silver,618.98
CUST001104,Customer 1104,customer1104@email.com,Germany,West,01/02/2025,Bronze,606.54
CUST001105,Customer 1105,customer1105@email.com,Japan,South,21/10/2022,Bronze,308.22
CUST001106,Customer 1106,customer1106@email.com,Canada,West,08/01/2021,Gold,137.21
CUST001107,Customer 1107,customer1107@email.com,Australia,Central,15/12/2020,Silver,363.5
CUST001108,Customer 1108,customer1108@email.com,Australia,North,31/03/2024,Silver,286.41
CUST001109,Customer 1109,customer1109@email.com,UK,South,04/10/2023,Silver,665.24
CUST001110,Customer 1110,customer1110@email.com,USA,West,02/01/2022,Gold,565.42
CUST001111,Customer 1111,customer1111@email.com,India,East,21/06/2023,Silver,326.75
CUST001112,Customer 1112,customer1112@email.com,UK,South,26/04/2021,Bronze,222.88
CUST001113,Customer 1113,customer1113@email.com,France,North,25/12/2026,Platinum,2312.93
CUST001114,Customer 1114,customer1114@email.com,India,Central,31/07/2025,Bronze,402.57
CUST001115,Customer 1115,customer1115@email.com,India,South,26/10/2026,Silver,682.82
CUST001116,Customer 1116,customer1116@email.com,India,West,08/08/2026,Platinum,175.73
CUST001117,Customer 1117,customer1117@email.com,Canada,Central,14/12/2024,Bronze,432.37
CUST001118,Customer 1118,customer1118@email.com,France,Central,29/09/2022,Silver,113.96
CUST001119,Customer 1119,customer1119@email.com,UK,South,19/07/2020,Bronze,452.06
CUST001120,Customer 1120,customer1120@email.com,USA,South,30/11/2023,Bronze,1762.36
CUST001121,Customer 1121,customer1121@email.com,France,East,25/06/2026,Bronze,342.42
CUST001122,Customer 1122,customer1122@email.com,Canada,West,19/07/2020,Silver,119.89
CUST001123,Customer 1123,customer1123@email.com,France,Central,22/10/2021,Silver,115.72
CUST001124,Customer 1124,customer1124@email.com,Japan,North,08/02/2025,Bronze,345.5
CUST001125,Customer 1125,customer1125@email.com,Japan,East,10/05/2023,Platinum,187.19
CUST001126,Customer 1126,customer1126@email.com,Australia,Central,04/10/2020,Bronze,111.81
CUST001127,Customer 1127,customer1127@email.com,India,South,14/04/2023,Bronze,805.73
CUST001128,Customer 1128,customer1128@email.com,Japan,Central,29/01/2023,Platinum,406.73
CUST001129,Customer 1129,customer1129@email.com,Germany,South,18/11/2025,Bronze,270.71
CUST001130,Customer 1130,customer1130@email.com,Canada,West,23/03/2021,Gold,1251.71
CUST001131,Customer 1131,customer1131@email.com,Japan,East,15/10/2024,Gold,161.73
CUST001132,Customer 1132,customer1132@email.com,India,Central,15/06/2021,Platinum,1660.86
CUST001133,Customer 1133,customer1133@email.com,UK,Central,10/07/2025,Silver,288.41
CUST001134,Customer 1134,customer1134@email.com,Germany,North,04/04/2023,Bronze,1196.43
CUST001135,Customer 1135,customer1135@email.com,India,North,08/04/2020,Silver,561.84
CUST001136,Customer 1136,customer1136@email.com,Australia,West,25/11/2026,Bronze,976.39
CUST001137,Customer 1137,customer1137@email.com,Japan,Central,29/09/2023,Silver,2167.99
CUST001138,Customer 1138,customer1138@email.com,Germany,East,16/02/2020,Gold,270.12
CUST001139,Customer 1139,customer1139@email.com,France,East,04/10/2020,Gold,1723.84
CUST001140,Customer 1140,customer1140@email.com,Canada,East,26/01/2020,Gold,346.72
CUST001141,Customer 1141,customer1141@email.com,USA,South,10/06/2024,Silver,343.48
CUST001142,Customer 1142,customer1142@email.com,Japan,West,15/09/2023,Platinum,308.05
CUST001143,Customer 1143,customer1143@email.com,UK,West,25/05/2020,Silver,489.8
CUST001144,Customer 1144,customer1144@email.com,Japan,West,01/03/2025,Platinum,183.7
CUST001145,Customer 1145,customer1145@email.com,France,Central,17/08/2020,Gold,503.39
CUST001146,Customer 1146,customer1146@email.com,USA,South,24/03/2026,Gold,490.12
CUST001147,Customer 1147,customer1147@email.com,Canada,South,19/12/2023,Gold,817.54
CUST001148,Customer 1148,customer1148@email.com,Japan,West,07/05/2020,Silver,996.83
CUST001149,Customer 1149,customer1149@email.com,Australia,South,27/05/2026,Bronze,390.3
CUST001150,Customer 1150,customer1150@email.com,Japan,North,16/06/2023,Gold,280.01
CUST001151,Customer 1151,customer1151@email.com,Canada,West,22/08/2024,Silver,250.1
CUST001152,Customer 1152,customer1152@email.com,India,East,02/03/2024,Silver,208.22
CUST001153,Customer 1153,customer1153@email.com,France,South,20/11/2025,Bronze,129.69
CUST001154,Customer 1154,customer1154@email.com,USA,South,12/03/2024,Bronze,309.62
CUST001155,Customer 1155,customer1155@email.com,USA,West,22/12/2024,Silver,257.53
CUST001156,Customer 1156,customer1156@email.com,Japan,West,18/02/2022,Gold,1796.87
CUST001157,Customer 1157,customer1157@email.com,UK,North,02/09/2023,Silver,507.89
CUST001158,Customer 1158,customer1158@email.com,USA,West,20/04/2022,Platinum,313.3
CUST001159,Customer 1159,customer1159@email.com,Canada,North,09/11/2025,Gold,534.31
CUST001160,Customer 1160,customer1160@email.com,Canada,East,29/06/2020,Platinum,174.94
CUST001161,Customer 1161,customer1161@email.com,Canada,Central,07/07/2020,Gold,393.53
CUST001162,Customer 1162,customer1162@email.com,France,South,02/04/2020,Gold,592.06
CUST001163,Customer 1163,customer1163@email.com,Germany,East,01/04/2022,Gold,435.59
CUST001164,Customer 1164,customer1164@email.com,Japan,West,20/12/2025,Bronze,356.9
CUST001165,Customer 1165,customer1165@email.com,UK,South,21/01/2023,Gold,2645.52
CUST001166,Customer 1166,customer1166@email.com,USA,Central,13/04/2021,Bronze,1161.45
CUST001167,Customer 1167,customer1167@email.com,Japan,Central,26/04/2022,Gold,588.29
CUST001168,Customer 1168,customer1168@email.com,UK,East,15/01/2023,Silver,521.26
CUST001169,Customer 1169,customer1169@email.com,Canada,East,02/12/2021,Gold,584.66
CUST001170,Customer 1170,customer1170@email.com,India,North,23/01/2026,Silver,212.39
CUST001171,Customer 1171,customer1171@email.com,India,North,28/04/2020,Bronze,351.38
CUST001172,Customer 1172,customer1172@email.com,USA,North,20/04/2024,Platinum,120.13
CUST001173,Customer 1173,customer1173@email.com,UK,Central,24/05/2024,Platinum,422.7
CUST001174,Customer 1174,customer1174@email.com,Japan,East,29/11/2026,Gold,491.56
CUST001175,Customer 1175,customer1175@email.com,Canada,West,22/03/2022,Silver,229.22
CUST001176,Customer 1176,customer1176@email.com,India,North,15/01/2021,Platinum,1762.52
CUST001177,Customer 1177,customer1177@email.com,India,West,25/06/2023,Silver,1300.95
CUST001178,Customer 1178,customer1178@email.com,UK,Central,05/07/2022,Gold,740.32
CUST001179,Customer 1179,customer1179@email.com,Australia,South,28/01/2024,Gold,481.13
CUST001180,Customer 1180,customer1180@email.com,India,West,23/08/2023,Bronze,1119.99
CUST001181,Customer 1181,customer1181@email.com,India,North,24/09/2020,Gold,170.01
CUST001182,Customer 1182,customer1182@email.com,India,South,14/05/2025,Gold,881.54
CUST001183,Customer 1183,customer1183@email.com,UK,Central,28/11/2023,Bronze,166.66
CUST001184,Customer 1184,customer1184@email.com,Canada,East,19/07/2024,Bronze,890.45
CUST001185,Customer 1185,customer1185@email.com,India,West,22/05/2023,Platinum,261.32
CUST001186,Customer 1186,customer1186@email.com,Germany,Central,04/09/2022,Silver,1148.15
CUST001187,Customer 1187,customer1187@email.com,Australia,North,29/05/2025,Gold,1541.58
CUST001188,Customer 1188,customer1188@email.com,Australia,West,02/05/2022,Gold,180.55
CUST001189,Customer 1189,customer1189@email.com,Germany,South,08/02/2026,Bronze,410.58
CUST001190,Customer 1190,customer1190@email.com,India,North,09/06/2026,Platinum,2081.33
CUST001191,Customer 1191,customer1191@email.com,Canada,West,25/08/2023,Silver,430.25
CUST001192,Customer 1192,customer1192@email.com,Australia,North,15/06/2023,Bronze,1095.89
CUST001193,Customer 1193,customer1193@email.com,Australia,East,08/09/2026,Platinum,544.25
CUST001194,Customer 1194,customer1194@email.com,Canada,South,08/09/2020,Silver,335.27
CUST001195,Customer 1195,customer1195@email.com,USA,South,06/07/2026,Silver,268.28
CUST001196,Customer 1196,customer1196@email.com,France,West,29/01/2025,Platinum,213.59
CUST001197,Customer 1197,customer1197@email.com,Germany,East,12/03/2022,Gold,817.32
CUST001198,Customer 1198,customer1198@email.com,France,West,24/05/2026,Gold,344.32
CUST001199,Customer 1199,customer1199@email.com,USA,Central,31/12/2020,Platinum,457.98
CUST001200,Customer 1200,customer1200@email.com,France,North,06/06/2021,Gold,438.96
CUST001201,Customer 1201,customer1201@email.com,USA,North,26/02/2026,Gold,530.52
CUST001202,Customer 1202,customer1202@email.com,France,North,25/03/2021,Silver,1103.38
CUST001203,Customer 1203,customer1203@email.com,Australia,East,03/11/2024,Platinum,2074.85
CUST001204,Customer 1204,customer1204@email.com,Australia,West,21/07/2024,Silver,361.77
CUST001205,Customer 1205,customer1205@email.com,India,South,11/12/2021,Silver,978.73
CUST001206,Customer 1206,customer1206@email.com,Australia,East,25/03/2026,Platinum,823.08
CUST001207,Customer 1207,customer1207@email.com,France,South,23/09/2021,Silver,526.11
CUST001208,Customer 1208,customer1208@email.com,Canada,North,17/02/2020,Silver,1662.32
CUST001209,Customer 1209,customer1209@email.com,Australia,South,16/06/2025,Bronze,211.87
CUST001210,Customer 1210,customer1210@email.com,Australia,West,16/07/2021,Platinum,157.85
CUST001211,Customer 1211,customer1211@email.com,UK,West,27/12/2026,Platinum,1061.94
CUST001212,Customer 1212,customer1212@email.com,India,West,11/03/2026,Gold,389.15
CUST001213,Customer 1213,customer1213@email.com,UK,West,13/07/2022,Bronze,1038.56
CUST001214,Customer 1214,customer1214@email.com,India,South,25/06/2026,Gold,1217.88
CUST001215,Customer 1215,customer1215@email.com,Japan,North,09/08/2024,Bronze,132.25
CUST001216,Customer 1216,customer1216@email.com,India,East,16/05/2026,Bronze,1174.78
CUST001217,Customer 1217,customer1217@email.com,India,North,04/07/2026,Silver,397.39
CUST001218,Customer 1218,customer1218@email.com,France,West,26/11/2025,Bronze,457.12
CUST001219,Customer 1219,customer1219@email.com,Canada,South,13/11/2025,Platinum,592.54
CUST001220,Customer 1220,customer1220@email.com,France,Central,15/11/2020,Bronze,1404.44
CUST001221,Customer 1221,customer1221@email.com,USA,West,08/11/2023,Platinum,109.65
CUST001222,Customer 1222,customer1222@email.com,India,Central,30/09/2025,Gold,423.94
CUST001223,Customer 1223,customer1223@email.com,Japan,East,20/09/2024,Gold,681.93
CUST001224,Customer 1224,customer1224@email.com,USA,Central,17/11/2021,Gold,741.34
CUST001225,Customer 1225,customer1225@email.com,France,North,27/04/2026,Platinum,689.69
CUST001226,Customer 1226,customer1226@email.com,UK,Central,26/06/2026,Bronze,172.19
CUST001227,Customer 1227,customer1227@email.com,USA,East,10/04/2023,Platinum,277.91
CUST001228,Customer 1228,customer1228@email.com,UK,Central,03/12/2020,Bronze,322.14
CUST001229,Customer 1229,customer1229@email.com,France,South,12/02/2023,Gold,915.94
CUST001230,Customer 1230,customer1230@email.com,France,North,01/02/2023,Bronze,263.39
CUST001231,Customer 1231,customer1231@email.com,UK,Central,09/10/2026,Silver,218.31
CUST001232,Customer 1232,customer1232@email.com,Japan,South,03/01/2025,Gold,1678.51
CUST001233,Customer 1233,customer1233@email.com,India,South,25/08/2022,Bronze,104.45
CUST001234,Customer 1234,customer1234@email.com,Canada,South,05/11/2023,Silver,3164.41
CUST001235,Customer 1235,customer1235@email.com,Australia,West,24/07/2025,Silver,664.77
CUST001236,Customer 1236,customer1236@email.com,UK,South,07/12/2024,Gold,981.5
CUST001237,Customer 1237,customer1237@email.com,France,North,10/08/2020,Bronze,274.51
CUST001238,Customer 1238,customer1238@email.com,India,West,17/11/2021,Platinum,107.21
CUST001239,Customer 1239,customer1239@email.com,India,Central,19/05/2023,Silver,769.46
CUST001240,Customer 1240,customer1240@email.com,Australia,West,04/04/2024,Gold,998.32
CUST001241,Customer 1241,customer1241@email.com,Australia,North,17/08/2021,Gold,774.45
CUST001242,Customer 1242,customer1242@email.com,Australia,East,12/01/2025,Bronze,177.07
CUST001243,Customer 1243,customer1243@email.com,Japan,West,02/02/2021,Gold,800.05
CUST001244,Customer 1244,customer1244@email.com,France,East,04/10/2023,Bronze,832.5
CUST001245,Customer 1245,customer1245@email.com,Australia,West,11/11/2022,Silver,637.26
CUST001246,Customer 1246,customer1246@email.com,Germany,Central,08/08/2026,Gold,826.46
CUST001247,Customer 1247,customer1247@email.com,Japan,Central,06/01/2022,Bronze,1035.15
CUST001248,Customer 1248,customer1248@email.com,Canada,North,04/02/2020,Platinum,575.45
CUST001249,Customer 1249,customer1249@email.com,Canada,West,04/02/2021,Gold,146.39
CUST001250,Customer 1250,customer1250@email.com,France,East,17/06/2022,Silver,434.35
CUST001251,Customer 1251,customer1251@email.com,USA,Central,19/05/2020,Bronze,140.41
CUST001252,Customer 1252,customer1252@email.com,Germany,Central,20/08/2020,Bronze,361.74
CUST001253,Customer 1253,customer1253@email.com,Canada,Central,06/05/2021,Silver,361.37
CUST001254,Customer 1254,customer1254@email.com,UK,North,19/03/2024,Silver,134.14
CUST001255,Customer 1255,customer1255@email.com,France,West,03/11/2022,Bronze,314.48
CUST001256,Customer 1256,customer1256@email.com,France,West,31/01/2025,Gold,158.83
CUST001257,Customer 1257,customer1257@email.com,UK,North,20/11/2022,Gold,925.74
CUST001258,Customer 1258,customer1258@email.com,Australia,West,12/09/2020,Gold,1575.26
CUST001259,Customer 1259,customer1259@email.com,France,East,03/09/2020,Silver,137.53
CUST001260,Customer 1260,customer1260@email.com,Canada,West,09/12/2024,Silver,1651.83
CUST001261,Customer 1261,customer1261@email.com,Australia,South,04/11/2026,Platinum,469.68
CUST001262,Customer 1262,customer1262@email.com,UK,Central,20/03/2021,Platinum,278.03
CUST001263,Customer 1263,customer1263@email.com,Canada,West,13/06/2022,Gold,139.99
CUST001264,Customer 1264,customer1264@email.com,USA,North,27/02/2021,Bronze,447.2
CUST001265,Customer 1265,customer1265@email.com,France,West,29/05/2026,Bronze,891.19
CUST001266,Customer 1266,customer1266@email.com,UK,North,31/07/2025,Bronze,713.94
CUST001267,Customer 1267,customer1267@email.com,France,South,18/05/2024,Gold,125.77
CUST001268,Customer 1268,customer1268@email.com,USA,Central,21/05/2024,Platinum,137.85
CUST001269,Customer 1269,customer1269@email.com,Australia,West,12/05/2025,Bronze,357.81
CUST001270,Customer 1270,customer1270@email.com,Germany,North,21/01/2026,Platinum,274.98
CUST001271,Customer 1271,customer1271@email.com,Canada,Central,28/05/2025,Gold,232.23
CUST001272,Customer 1272,customer1272@email.com,France,West,27/09/2023,Bronze,264.95
CUST001273,Customer 1273,customer1273@email.com,Japan,Central,06/01/2021,Gold,913.5
CUST001274,Customer 1274,customer1274@email.com,India,East,25/11/2020,Silver,1424.15
CUST001275,Customer 1275,customer1275@email.com,USA,West,24/12/2021,Silver,359.68
CUST001276,Customer 1276,customer1276@email.com,Australia,North,09/05/2023,Gold,1282.82
CUST001277,Customer 1277,customer1277@email.com,Canada,West,15/06/2025,Silver,293.93
CUST001278,Customer 1278,customer1278@email.com,USA,South,27/07/2021,Bronze,423.55
CUST001279,Customer 1279,customer1279@email.com,Germany,West,25/08/2026,Platinum,228.11
CUST001280,Customer 1280,customer1280@email.com,France,West,15/09/2020,Platinum,611.49
CUST001281,Customer 1281,customer1281@email.com,USA,East,08/03/2020,Bronze,2031.17
CUST001282,Customer 1282,customer1282@email.com,USA,West,15/10/2023,Bronze,562.53
CUST001283,Customer 1283,customer1283@email.com,India,Central,17/05/2022,Silver,321.44
CUST001284,Customer 1284,customer1284@email.com,Germany,North,01/07/2026,Bronze,621.8
CUST001285,Customer 1285,customer1285@email.com,India,North,02/08/2021,Platinum,165.58
CUST001286,Customer 1286,customer1286@email.com,USA,South,07/12/2026,Silver,1197.58
CUST001287,Customer 1287,customer1287@email.com,UK,North,28/02/2020,Gold,449.67
CUST001288,Customer 1288,customer1288@email.com,India,Central,02/02/2021,Silver,398.33
CUST001289,Customer 1289,customer1289@email.com,Canada,North,17/08/2026,Bronze,540.78
CUST001290,Customer 1290,customer1290@email.com,Germany,North,29/07/2025,Silver,590.13
CUST001291,Customer 1291,customer1291@email.com,Japan,West,11/10/2024,Gold,137.24
CUST001292,Customer 1292,customer1292@email.com,UK,East,09/05/2021,Silver,673.82
CUST001293,Customer 1293,customer1293@email.com,UK,East,05/07/2020,Bronze,238.49
CUST001294,Customer 1294,customer1294@email.com,France,South,09/05/2021,Platinum,725.8
CUST001295,Customer 1295,customer1295@email.com,Japan,Central,19/11/2021,Silver,964.49
CUST001296,Customer 1296,customer1296@email.com,Germany,Central,01/12/2024,Bronze,914.71
CUST001297,Customer 1297,customer1297@email.com,Canada,Central,30/06/2021,Platinum,502.04
CUST001298,Customer 1298,customer1298@email.com,USA,West,08/10/2021,Bronze,467.16
CUST001299,Customer 1299,customer1299@email.com,USA,South,27/01/2020,Bronze,177.09
CUST001300,Customer 1300,customer1300@email.com,France,West,28/08/2026,Platinum,846.6
CUST001301,Customer 1301,customer1301@email.com,Germany,South,03/06/2021,Gold,258.32
CUST001302,Customer 1302,customer1302@email.com,India,West,12/11/2025,Silver,443.28
CUST001303,Customer 1303,customer1303@email.com,USA,Central,15/12/2021,Silver,267.23
CUST001304,Customer 1304,customer1304@email.com,Canada,East,09/08/2025,Gold,171.84
CUST001305,Customer 1305,customer1305@email.com,USA,Central,11/09/2024,Silver,596.53
CUST001306,Customer 1306,customer1306@email.com,Canada,Central,25/02/2022,Bronze,127.93
CUST001307,Customer 1307,customer1307@email.com,Japan,Central,10/12/2026,Silver,790.44
CUST001308,Customer 1308,customer1308@email.com,Germany,East,16/03/2025,Bronze,291.06
CUST001309,Customer 1309,customer1309@email.com,Canada,South,04/03/2022,Platinum,100.07
CUST001310,Customer 1310,customer1310@email.com,UK,South,30/07/2025,Bronze,457.83
CUST001311,Customer 1311,customer1311@email.com,Japan,East,09/08/2020,Silver,123.99
CUST001312,Customer 1312,customer1312@email.com,France,East,15/11/2024,Platinum,261.6
CUST001313,Customer 1313,customer1313@email.com,Canada,North,26/06/2020,Silver,713.75
CUST001314,Customer 1314,customer1314@email.com,USA,West,09/10/2021,Bronze,132.37
CUST001315,Customer 1315,customer1315@email.com,Germany,West,17/10/2020,Gold,1014.23
CUST001316,Customer 1316,customer1316@email.com,Germany,East,12/09/2024,Silver,101.91
CUST001317,Customer 1317,customer1317@email.com,Japan,South,27/03/2021,Bronze,241.73
CUST001318,Customer 1318,customer1318@email.com,Australia,South,29/08/2022,Platinum,775.28
CUST001319,Customer 1319,customer1319@email.com,Canada,West,22/06/2022,Platinum,290.1
CUST001320,Customer 1320,customer1320@email.com,Australia,South,10/08/2020,Silver,153.73
CUST001321,Customer 1321,customer1321@email.com,India,South,01/11/2026,Platinum,323.33
CUST001322,Customer 1322,customer1322@email.com,UK,West,09/03/2024,Silver,257.62
CUST001323,Customer 1323,customer1323@email.com,France,South,08/01/2024,Gold,1024.84
CUST001324,Customer 1324,customer1324@email.com,USA,Central,05/06/2021,Bronze,287.96
CUST001325,Customer 1325,customer1325@email.com,UK,North,23/02/2023,Platinum,877.79
CUST001326,Customer 1326,customer1326@email.com,Australia,South,21/02/2025,Gold,1212.22
CUST001327,Customer 1327,customer1327@email.com,France,Central,19/06/2022,Silver,384.42
CUST001328,Customer 1328,customer1328@email.com,UK,Central,09/11/2026,Silver,1303.66
CUST001329,Customer 1329,customer1329@email.com,Australia,Central,20/12/2020,Platinum,336.86
CUST001330,Customer 1330,customer1330@email.com,India,West,05/06/2022,Gold,1763.21
CUST001331,Customer 1331,customer1331@email.com,Australia,South,29/02/2020,Silver,146.77
CUST001332,Customer 1332,customer1332@email.com,Australia,Central,02/09/2023,Silver,680.81
CUST001333,Customer 1333,customer1333@email.com,UK,Central,20/08/2026,Bronze,440.43
CUST001334,Customer 1334,customer1334@email.com,USA,North,07/09/2024,Platinum,345.22
CUST001335,Customer 1335,customer1335@email.com,USA,West,27/08/2025,Platinum,600.8
CUST001336,Customer 1336,customer1336@email.com,Canada,West,17/05/2025,Platinum,708.46
CUST001337,Customer 1337,customer1337@email.com,Canada,Central,12/09/2022,Bronze,102.19
CUST001338,Customer 1338,customer1338@email.com,Germany,South,23/07/2024,Gold,191.33
CUST001339,Customer 1339,customer1339@email.com,Germany,North,26/04/2023,Bronze,724.22
CUST001340,Customer 1340,customer1340@email.com,France,South,19/05/2025,Platinum,648.88
CUST001341,Customer 1341,customer1341@email.com,USA,West,25/05/2026,Platinum,1791.4
CUST001342,Customer 1342,customer1342@email.com,Australia,South,21/07/2021,Gold,815.72
CUST001343,Customer 1343,customer1343@email.com,USA,North,16/03/2025,Platinum,1605.65
CUST001344,Customer 1344,customer1344@email.com,USA,East,25/09/2023,Platinum,706.24
CUST001345,Customer 1345,customer1345@email.com,Germany,North,10/01/2023,Gold,276.95
CUST001346,Customer 1346,customer1346@email.com,Japan,North,12/08/2020,Bronze,155.67
CUST001347,Customer 1347,customer1347@email.com,Japan,West,17/04/2024,Bronze,861.23
CUST001348,Customer 1348,customer1348@email.com,Japan,South,06/02/2024,Bronze,616.62
CUST001349,Customer 1349,customer1349@email.com,Germany,South,15/04/2026,Gold,124.69
CUST001350,Customer 1350,customer1350@email.com,Canada,West,04/09/2022,Silver,323.18
CUST001351,Customer 1351,customer1351@email.com,Japan,East,12/07/2022,Gold,1670.96
CUST001352,Customer 1352,customer1352@email.com,Australia,East,24/08/2025,Bronze,446.97
CUST001353,Customer 1353,customer1353@email.com,Japan,East,16/09/2020,Platinum,383.46
CUST001354,Customer 1354,customer1354@email.com,Canada,West,14/06/2025,Gold,405.97
CUST001355,Customer 1355,customer1355@email.com,Japan,North,25/01/2025,Silver,217.15
CUST001356,Customer 1356,customer1356@email.com,Canada,North,18/02/2025,Platinum,329.99
CUST001357,Customer 1357,customer1357@email.com,France,North,02/01/2022,Bronze,330.87
CUST001358,Customer 1358,customer1358@email.com,France,North,05/11/2021,Silver,126.89
CUST001359,Customer 1359,customer1359@email.com,UK,South,25/07/2025,Bronze,829.58
CUST001360,Customer 1360,customer1360@email.com,Australia,Central,15/04/2023,Silver,369.36
CUST001361,Customer 1361,customer1361@email.com,Japan,West,25/04/2025,Platinum,963.49
CUST001362,Customer 1362,customer1362@email.com,France,South,28/03/2020,Bronze,1049.72
CUST001363,Customer 1363,customer1363@email.com,Germany,Central,31/03/2020,Gold,219.12
CUST001364,Customer 1364,customer1364@email.com,Japan,East,13/08/2024,Platinum,635.53
CUST001365,Customer 1365,customer1365@email.com,India,West,27/08/2026,Gold,419.6
CUST001366,Customer 1366,customer1366@email.com,UK,East,12/05/2026,Silver,1160.79
CUST001367,Customer 1367,customer1367@email.com,Germany,West,30/11/2022,Gold,221.51
CUST001368,Customer 1368,customer1368@email.com,USA,South,26/03/2023,Gold,666.31
CUST001369,Customer 1369,customer1369@email.com,India,South,10/03/2023,Silver,567.93
CUST001370,Customer 1370,customer1370@email.com,France,South,01/01/2026,Silver,274.99
CUST001371,Customer 1371,customer1371@email.com,UK,South,20/09/2021,Bronze,173.44
CUST001372,Customer 1372,customer1372@email.com,Japan,Central,17/06/2020,Silver,627.26
CUST001373,Customer 1373,customer1373@email.com,France,East,10/12/2024,Silver,770.85
CUST001374,Customer 1374,customer1374@email.com,USA,East,20/04/2022,Gold,289.63
CUST001375,Customer 1375,customer1375@email.com,Japan,West,28/08/2021,Silver,617.58
CUST001376,Customer 1376,customer1376@email.com,France,North,25/12/2025,Bronze,351.37
CUST001377,Customer 1377,customer1377@email.com,India,South,15/07/2024,Platinum,724.5
CUST001378,Customer 1378,customer1378@email.com,UK,North,04/08/2023,Gold,211.08
CUST001379,Customer 1379,customer1379@email.com,India,East,25/04/2023,Silver,1204.62
CUST001380,Customer 1380,customer1380@email.com,India,East,04/05/2026,Bronze,269.42
CUST001381,Customer 1381,customer1381@email.com,USA,South,15/05/2025,Bronze,329.26
CUST001382,Customer 1382,customer1382@email.com,USA,West,15/06/2023,Silver,129.92
CUST001383,Customer 1383,customer1383@email.com,Japan,North,31/12/2024,Gold,159.12
CUST001384,Customer 1384,customer1384@email.com,Germany,Central,13/08/2020,Silver,462.69
CUST001385,Customer 1385,customer1385@email.com,Germany,North,12/02/2023,Bronze,255.71
CUST001386,Customer 1386,customer1386@email.com,India,North,14/01/2026,Platinum,1002.36
CUST001387,Customer 1387,customer1387@email.com,India,East,07/03/2022,Bronze,107.4
CUST001388,Customer 1388,customer1388@email.com,Australia,South,18/01/2024,Platinum,338.29
CUST001389,Customer 1389,customer1389@email.com,Australia,East,23/02/2024,Bronze,305.75
CUST001390,Customer 1390,customer1390@email.com,Japan,East,11/03/2023,Gold,109.76
CUST001391,Customer 1391,customer1391@email.com,Canada,South,30/12/2024,Platinum,166.4
CUST001392,Customer 1392,customer1392@email.com,India,East,29/08/2024,Silver,366.91
CUST001393,Customer 1393,customer1393@email.com,Australia,South,02/10/2024,Bronze,439.49
CUST001394,Customer 1394,customer1394@email.com,Germany,East,11/08/2021,Platinum,359
CUST001395,Customer 1395,customer1395@email.com,Japan,North,21/11/2025,Platinum,478.51
CUST001396,Customer 1396,customer1396@email.com,USA,West,28/12/2020,Gold,552.1
CUST001397,Customer 1397,customer1397@email.com,UK,Central,24/08/2024,Platinum,104.99
CUST001398,Customer 1398,customer1398@email.com,UK,South,15/05/2026,Silver,411.9
CUST001399,Customer 1399,customer1399@email.com,France,Central,12/04/2024,Platinum,1755.21
CUST001400,Customer 1400,customer1400@email.com,France,Central,21/06/2020,Gold,465.98
CUST001401,Customer 1401,customer1401@email.com,India,South,16/07/2025,Bronze,665.89
CUST001402,Customer 1402,customer1402@email.com,UK,East,11/01/2020,Gold,286.88
CUST001403,Customer 1403,customer1403@email.com,Canada,East,19/04/2025,Platinum,843.59
CUST001404,Customer 1404,customer1404@email.com,India,South,04/01/2022,Bronze,841.23
CUST001405,Customer 1405,customer1405@email.com,France,West,03/05/2021,Bronze,468.34
CUST001406,Customer 1406,customer1406@email.com,Japan,Central,19/09/2026,Platinum,1965.14
CUST001407,Customer 1407,customer1407@email.com,Australia,East,05/05/2026,Platinum,167.08
CUST001408,Customer 1408,customer1408@email.com,Japan,Central,04/05/2021,Bronze,108.55
CUST001409,Customer 1409,customer1409@email.com,UK,Central,29/11/2022,Bronze,835.18
CUST001410,Customer 1410,customer1410@email.com,Japan,West,21/08/2021,Silver,922.94
CUST001411,Customer 1411,customer1411@email.com,UK,North,03/01/2024,Gold,164.03
CUST001412,Customer 1412,customer1412@email.com,Australia,East,19/01/2024,Bronze,254.34
CUST001413,Customer 1413,customer1413@email.com,France,Central,02/04/2023,Bronze,108.85
CUST001414,Customer 1414,customer1414@email.com,Germany,South,05/10/2025,Bronze,273.58
CUST001415,Customer 1415,customer1415@email.com,UK,Central,18/09/2026,Gold,841.72
CUST001416,Customer 1416,customer1416@email.com,France,East,19/07/2023,Gold,464.86
CUST001417,Customer 1417,customer1417@email.com,Japan,South,27/01/2021,Bronze,313.93
CUST001418,Customer 1418,customer1418@email.com,France,East,14/07/2021,Platinum,332.4
CUST001419,Customer 1419,customer1419@email.com,Japan,South,14/08/2024,Bronze,100.68
CUST001420,Customer 1420,customer1420@email.com,UK,Central,11/06/2022,Silver,278.2
CUST001421,Customer 1421,customer1421@email.com,Canada,West,10/02/2022,Platinum,619.88
CUST001422,Customer 1422,customer1422@email.com,Canada,South,08/11/2020,Bronze,1928.58
CUST001423,Customer 1423,customer1423@email.com,Japan,East,18/05/2025,Gold,1038.86
CUST001424,Customer 1424,customer1424@email.com,India,Central,23/07/2021,Gold,111.94
CUST001425,Customer 1425,customer1425@email.com,France,North,06/12/2021,Bronze,1244.15
CUST001426,Customer 1426,customer1426@email.com,UK,South,29/06/2022,Silver,864.39
CUST001427,Customer 1427,customer1427@email.com,UK,South,13/06/2023,Silver,857.92
CUST001428,Customer 1428,customer1428@email.com,Australia,North,17/11/2020,Bronze,406.24
CUST001429,Customer 1429,customer1429@email.com,India,West,18/03/2020,Bronze,353.75
CUST001430,Customer 1430,customer1430@email.com,Canada,North,15/03/2022,Bronze,280.42
CUST001431,Customer 1431,customer1431@email.com,Canada,East,05/04/2025,Bronze,133.98
CUST001432,Customer 1432,customer1432@email.com,France,North,28/09/2020,Bronze,229.54
CUST001433,Customer 1433,customer1433@email.com,Germany,Central,22/05/2021,Silver,241.58
CUST001434,Customer 1434,customer1434@email.com,Japan,North,26/01/2022,Bronze,430.9
CUST001435,Customer 1435,customer1435@email.com,France,Central,19/08/2021,Gold,788.06
CUST001436,Customer 1436,customer1436@email.com,UK,Central,13/12/2023,Silver,421.05
CUST001437,Customer 1437,customer1437@email.com,Canada,North,30/08/2025,Bronze,129.79
CUST001438,Customer 1438,customer1438@email.com,Germany,South,06/12/2025,Gold,1682.55
CUST001439,Customer 1439,customer1439@email.com,USA,North,04/12/2021,Silver,1529.94
CUST001440,Customer 1440,customer1440@email.com,India,East,27/08/2025,Silver,869
CUST001441,Customer 1441,customer1441@email.com,Canada,South,05/12/2024,Gold,2473.82
CUST001442,Customer 1442,customer1442@email.com,Australia,South,03/04/2024,Silver,493.16
CUST001443,Customer 1443,customer1443@email.com,Canada,East,27/07/2024,Bronze,1745.3
CUST001444,Customer 1444,customer1444@email.com,Canada,Central,23/03/2025,Silver,139.31
CUST001445,Customer 1445,customer1445@email.com,Japan,East,23/07/2025,Bronze,327.6
CUST001446,Customer 1446,customer1446@email.com,Japan,West,02/12/2020,Bronze,227.69
CUST001447,Customer 1447,customer1447@email.com,France,West,25/04/2024,Gold,208.97
CUST001448,Customer 1448,customer1448@email.com,Germany,Central,23/12/2024,Platinum,175.88
CUST001449,Customer 1449,customer1449@email.com,Australia,South,05/04/2023,Bronze,586.98
CUST001450,Customer 1450,customer1450@email.com,Japan,South,02/05/2025,Bronze,860.08
CUST001451,Customer 1451,customer1451@email.com,Canada,West,06/07/2025,Platinum,531.73
CUST001452,Customer 1452,customer1452@email.com,Canada,North,10/11/2025,Silver,179.48
CUST001453,Customer 1453,customer1453@email.com,Australia,Central,05/06/2024,Bronze,933.33
CUST001454,Customer 1454,customer1454@email.com,Canada,East,22/11/2021,Silver,605.24
CUST001455,Customer 1455,customer1455@email.com,Germany,Central,19/10/2023,Platinum,345.65
CUST001456,Customer 1456,customer1456@email.com,Germany,West,17/05/2021,Platinum,660.63
CUST001457,Customer 1457,customer1457@email.com,France,West,14/02/2023,Gold,250.49
CUST001458,Customer 1458,customer1458@email.com,Australia,West,02/05/2025,Gold,311.71
CUST001459,Customer 1459,customer1459@email.com,India,North,26/08/2021,Bronze,1347.39
CUST001460,Customer 1460,customer1460@email.com,India,West,23/10/2022,Silver,271.6
CUST001461,Customer 1461,customer1461@email.com,USA,North,05/07/2021,Bronze,417.43
CUST001462,Customer 1462,customer1462@email.com,India,North,06/10/2020,Silver,1204.28
CUST001463,Customer 1463,customer1463@email.com,Japan,South,16/04/2024,Gold,715.02
CUST001464,Customer 1464,customer1464@email.com,Canada,North,22/12/2026,Platinum,132.11
CUST001465,Customer 1465,customer1465@email.com,Germany,East,23/03/2025,Platinum,179.68
CUST001466,Customer 1466,customer1466@email.com,France,Central,01/07/2025,Gold,103.94
CUST001467,Customer 1467,customer1467@email.com,USA,North,23/01/2026,Platinum,598.37
CUST001468,Customer 1468,customer1468@email.com,Australia,West,02/05/2021,Gold,396.81
CUST001469,Customer 1469,customer1469@email.com,India,West,21/03/2024,Bronze,172.09
CUST001470,Customer 1470,customer1470@email.com,UK,Central,14/05/2020,Gold,1684.26
CUST001471,Customer 1471,customer1471@email.com,India,West,03/11/2021,Silver,477.15
CUST001472,Customer 1472,customer1472@email.com,Australia,West,03/07/2023,Bronze,238.47
CUST001473,Customer 1473,customer1473@email.com,India,Central,19/05/2026,Platinum,447.18
CUST001474,Customer 1474,customer1474@email.com,UK,Central,03/05/2025,Bronze,669.12
CUST001475,Customer 1475,customer1475@email.com,France,West,22/05/2024,Platinum,139.65
CUST001476,Customer 1476,customer1476@email.com,Japan,East,01/12/2026,Gold,260.59
CUST001477,Customer 1477,customer1477@email.com,USA,Central,08/09/2020,Bronze,922.44
CUST001478,Customer 1478,customer1478@email.com,Japan,East,09/06/2021,Bronze,407.78
CUST001479,Customer 1479,customer1479@email.com,Australia,North,29/10/2023,Platinum,495.47
CUST001480,Customer 1480,customer1480@email.com,Japan,West,14/11/2023,Gold,383.54
CUST001481,Customer 1481,customer1481@email.com,Germany,South,19/08/2020,Silver,122.45
CUST001482,Customer 1482,customer1482@email.com,Canada,North,02/07/2023,Gold,190.61
CUST001483,Customer 1483,customer1483@email.com,Japan,South,13/04/2021,Bronze,394.88
CUST001484,Customer 1484,customer1484@email.com,Japan,North,14/01/2026,Platinum,217.35
CUST001485,Customer 1485,customer1485@email.com,Australia,East,26/09/2024,Bronze,125.64
CUST001486,Customer 1486,customer1486@email.com,USA,East,07/04/2025,Platinum,1027.83
CUST001487,Customer 1487,customer1487@email.com,Australia,East,25/05/2026,Bronze,2086.75
CUST001488,Customer 1488,customer1488@email.com,Canada,South,23/06/2025,Gold,887.86
CUST001489,Customer 1489,customer1489@email.com,Japan,South,27/07/2025,Gold,1061.34
CUST001490,Customer 1490,customer1490@email.com,Australia,South,28/01/2024,Platinum,238.52
CUST001491,Customer 1491,customer1491@email.com,Germany,East,04/11/2020,Gold,1717.34
CUST001492,Customer 1492,customer1492@email.com,France,Central,13/07/2020,Platinum,209.65
CUST001493,Customer 1493,customer1493@email.com,Canada,Central,14/07/2022,Bronze,1612.37
CUST001494,Customer 1494,customer1494@email.com,Japan,East,21/08/2026,Bronze,2731.41
CUST001495,Customer 1495,customer1495@email.com,India,West,09/05/2026,Silver,721.92
CUST001496,Customer 1496,customer1496@email.com,Canada,East,23/11/2023,Gold,2085.45
CUST001497,Customer 1497,customer1497@email.com,Japan,South,08/11/2024,Platinum,521.45
CUST001498,Customer 1498,customer1498@email.com,France,Central,05/07/2024,Platinum,250.24
CUST001499,Customer 1499,customer1499@email.com,UK,North,20/02/2026,Silver,387.23
CUST001500,Customer 1500,customer1500@email.com,India,South,20/06/2026,Platinum,550.16
CUST001501,Customer 1501,customer1501@email.com,Australia,Central,02/01/2023,Bronze,137.94
CUST001502,Customer 1502,customer1502@email.com,Germany,East,09/11/2025,Platinum,586.88
CUST001503,Customer 1503,customer1503@email.com,Germany,South,28/08/2021,Gold,2086.36
CUST001504,Customer 1504,customer1504@email.com,Australia,East,18/11/2024,Bronze,205.43
CUST001505,Customer 1505,customer1505@email.com,Australia,East,13/04/2022,Gold,886.54
CUST001506,Customer 1506,customer1506@email.com,France,Central,19/10/2021,Silver,1292.43
CUST001507,Customer 1507,customer1507@email.com,Germany,North,20/07/2024,Silver,1538.54
CUST001508,Customer 1508,customer1508@email.com,USA,South,25/02/2022,Gold,1711.14
CUST001509,Customer 1509,customer1509@email.com,India,Central,16/03/2025,Platinum,468.51
CUST001510,Customer 1510,customer1510@email.com,USA,South,24/09/2024,Silver,1992.87
CUST001511,Customer 1511,customer1511@email.com,UK,North,22/01/2023,Gold,807.99
CUST001512,Customer 1512,customer1512@email.com,UK,North,11/02/2023,Platinum,188.17
CUST001513,Customer 1513,customer1513@email.com,USA,North,22/03/2020,Gold,423.99
CUST001514,Customer 1514,customer1514@email.com,France,North,30/09/2026,Platinum,733.51
CUST001515,Customer 1515,customer1515@email.com,Canada,West,28/01/2024,Silver,242.07
CUST001516,Customer 1516,customer1516@email.com,Canada,Central,24/08/2022,Bronze,611.68
CUST001517,Customer 1517,customer1517@email.com,France,West,07/11/2025,Bronze,649.21
CUST001518,Customer 1518,customer1518@email.com,Canada,East,02/09/2022,Gold,188.79
CUST001519,Customer 1519,customer1519@email.com,Australia,South,21/07/2026,Platinum,516.3
CUST001520,Customer 1520,customer1520@email.com,UK,North,11/06/2022,Silver,838.39
CUST001521,Customer 1521,customer1521@email.com,France,West,26/05/2022,Platinum,445.47
CUST001522,Customer 1522,customer1522@email.com,USA,West,07/11/2022,Gold,106.09
CUST001523,Customer 1523,customer1523@email.com,Japan,Central,07/04/2021,Platinum,104.54
CUST001524,Customer 1524,customer1524@email.com,Germany,East,29/04/2025,Silver,320.83
CUST001525,Customer 1525,customer1525@email.com,India,East,26/01/2024,Gold,1403.16
CUST001526,Customer 1526,customer1526@email.com,USA,North,27/03/2020,Silver,229.82
CUST001527,Customer 1527,customer1527@email.com,Australia,East,02/11/2022,Gold,603.06
CUST001528,Customer 1528,customer1528@email.com,Germany,West,14/05/2021,Platinum,225.56
CUST001529,Customer 1529,customer1529@email.com,Australia,East,02/02/2020,Gold,294.06
CUST001530,Customer 1530,customer1530@email.com,Germany,East,04/01/2021,Silver,1042.08
CUST001531,Customer 1531,customer1531@email.com,India,East,18/10/2021,Platinum,752.56
CUST001532,Customer 1532,customer1532@email.com,France,North,18/05/2020,Platinum,150.13
CUST001533,Customer 1533,customer1533@email.com,Australia,East,13/04/2025,Platinum,379.92
CUST001534,Customer 1534,customer1534@email.com,UK,East,15/02/2021,Bronze,114.8
CUST001535,Customer 1535,customer1535@email.com,Australia,Central,12/12/2023,Gold,427.82
CUST001536,Customer 1536,customer1536@email.com,USA,North,30/01/2025,Silver,643
CUST001537,Customer 1537,customer1537@email.com,UK,North,21/12/2024,Platinum,163.07
CUST001538,Customer 1538,customer1538@email.com,France,East,30/03/2022,Bronze,270.46
CUST001539,Customer 1539,customer1539@email.com,UK,South,29/03/2021,Silver,353.61
CUST001540,Customer 1540,customer1540@email.com,Australia,East,30/08/2026,Platinum,1359.94
CUST001541,Customer 1541,customer1541@email.com,UK,East,13/05/2025,Silver,2599.48
CUST001542,Customer 1542,customer1542@email.com,Japan,East,26/08/2026,Silver,122.98
CUST001543,Customer 1543,customer1543@email.com,Australia,East,11/12/2020,Silver,815.66
CUST001544,Customer 1544,customer1544@email.com,Australia,Central,30/05/2024,Silver,332.39
CUST001545,Customer 1545,customer1545@email.com,USA,Central,25/03/2020,Silver,349.17
CUST001546,Customer 1546,customer1546@email.com,India,South,30/12/2020,Gold,801.75
CUST001547,Customer 1547,customer1547@email.com,USA,West,22/11/2021,Platinum,1353.12
CUST001548,Customer 1548,customer1548@email.com,France,South,25/09/2026,Bronze,1607.24
CUST001549,Customer 1549,customer1549@email.com,UK,Central,16/02/2024,Bronze,530.34
CUST001550,Customer 1550,customer1550@email.com,Australia,West,27/02/2020,Platinum,320.9
CUST001551,Customer 1551,customer1551@email.com,Germany,South,30/04/2021,Silver,874.52
CUST001552,Customer 1552,customer1552@email.com,France,West,26/12/2022,Platinum,244.51
CUST001553,Customer 1553,customer1553@email.com,Australia,South,17/06/2021,Silver,515.14
CUST001554,Customer 1554,customer1554@email.com,Germany,West,05/03/2023,Silver,322.03
CUST001555,Customer 1555,customer1555@email.com,UK,North,31/07/2024,Gold,634.47
CUST001556,Customer 1556,customer1556@email.com,Germany,Central,08/12/2022,Platinum,237.48
CUST001557,Customer 1557,customer1557@email.com,Japan,Central,14/10/2022,Platinum,206.34
CUST001558,Customer 1558,customer1558@email.com,USA,West,17/12/2020,Silver,1351.98
CUST001559,Customer 1559,customer1559@email.com,Australia,South,17/08/2023,Platinum,153.68
CUST001560,Customer 1560,customer1560@email.com,France,North,29/09/2024,Bronze,452.57
CUST001561,Customer 1561,customer1561@email.com,USA,North,31/03/2026,Gold,224.78
CUST001562,Customer 1562,customer1562@email.com,India,East,19/08/2022,Bronze,119.85
CUST001563,Customer 1563,customer1563@email.com,France,Central,22/01/2020,Platinum,118.34
CUST001564,Customer 1564,customer1564@email.com,Australia,East,24/05/2023,Silver,196.32
CUST001565,Customer 1565,customer1565@email.com,USA,Central,10/04/2026,Silver,1107.84
CUST001566,Customer 1566,customer1566@email.com,UK,Central,02/12/2022,Platinum,265.98
CUST001567,Customer 1567,customer1567@email.com,India,South,21/10/2023,Bronze,1602.48
CUST001568,Customer 1568,customer1568@email.com,Australia,South,23/07/2023,Gold,535.69
CUST001569,Customer 1569,customer1569@email.com,Japan,North,23/04/2021,Silver,386.9
CUST001570,Customer 1570,customer1570@email.com,France,East,06/08/2025,Platinum,533.86
CUST001571,Customer 1571,customer1571@email.com,France,Central,04/03/2023,Gold,463.56
CUST001572,Customer 1572,customer1572@email.com,Japan,West,18/10/2025,Silver,811.02
CUST001573,Customer 1573,customer1573@email.com,India,South,16/07/2023,Platinum,265.99
CUST001574,Customer 1574,customer1574@email.com,Germany,South,05/08/2020,Bronze,317.74
CUST001575,Customer 1575,customer1575@email.com,UK,North,30/07/2022,Platinum,1222.6
CUST001576,Customer 1576,customer1576@email.com,UK,West,01/12/2022,Platinum,1563.63
CUST001577,Customer 1577,customer1577@email.com,India,North,20/04/2021,Platinum,1215.4
CUST001578,Customer 1578,customer1578@email.com,India,West,31/12/2023,Platinum,371.89
CUST001579,Customer 1579,customer1579@email.com,UK,North,05/04/2021,Gold,857.9
CUST001580,Customer 1580,customer1580@email.com,Germany,East,18/01/2021,Silver,423.45
CUST001581,Customer 1581,customer1581@email.com,France,Central,20/11/2021,Silver,444.12
CUST001582,Customer 1582,customer1582@email.com,USA,Central,18/07/2026,Silver,214.51
CUST001583,Customer 1583,customer1583@email.com,Canada,South,01/09/2024,Platinum,547.18
CUST001584,Customer 1584,customer1584@email.com,Japan,North,21/01/2021,Gold,202.98
CUST001585,Customer 1585,customer1585@email.com,Australia,East,14/05/2021,Bronze,301.41
CUST001586,Customer 1586,customer1586@email.com,UK,North,18/08/2023,Bronze,1065.61
CUST001587,Customer 1587,customer1587@email.com,India,West,28/02/2025,Gold,216.01
CUST001588,Customer 1588,customer1588@email.com,USA,East,30/08/2026,Bronze,136.91
CUST001589,Customer 1589,customer1589@email.com,India,East,24/12/2026,Silver,135.75
CUST001590,Customer 1590,customer1590@email.com,USA,East,15/05/2022,Gold,1513.29
CUST001591,Customer 1591,customer1591@email.com,Canada,Central,15/08/2020,Platinum,453.54
CUST001592,Customer 1592,customer1592@email.com,Australia,East,14/01/2021,Silver,363.32
CUST001593,Customer 1593,customer1593@email.com,Australia,North,10/09/2022,Bronze,932.68
CUST001594,Customer 1594,customer1594@email.com,UK,West,02/05/2022,Platinum,1003.41
CUST001595,Customer 1595,customer1595@email.com,UK,North,13/03/2023,Gold,301.88
CUST001596,Customer 1596,customer1596@email.com,Australia,East,03/07/2025,Silver,691.46
CUST001597,Customer 1597,customer1597@email.com,Canada,East,10/01/2024,Silver,837.28
CUST001598,Customer 1598,customer1598@email.com,India,West,28/06/2025,Platinum,631.6
CUST001599,Customer 1599,customer1599@email.com,Australia,North,04/01/2023,Platinum,182.2
CUST001600,Customer 1600,customer1600@email.com,UK,West,17/02/2024,Platinum,1143.27
CUST001601,Customer 1601,customer1601@email.com,USA,Central,15/01/2021,Gold,487.28
CUST001602,Customer 1602,customer1602@email.com,Germany,South,13/03/2025,Platinum,265.97
CUST001603,Customer 1603,customer1603@email.com,Canada,East,29/11/2025,Platinum,376.89
CUST001604,Customer 1604,customer1604@email.com,Canada,West,26/11/2024,Gold,119.15
CUST001605,Customer 1605,customer1605@email.com,UK,East,31/08/2021,Silver,168.41
CUST001606,Customer 1606,customer1606@email.com,Australia,East,12/11/2025,Bronze,825.25
CUST001607,Customer 1607,customer1607@email.com,Canada,North,06/03/2026,Bronze,100.01
CUST001608,Customer 1608,customer1608@email.com,Australia,West,22/09/2025,Bronze,369.41
CUST001609,Customer 1609,customer1609@email.com,France,East,18/03/2025,Gold,469.61
CUST001610,Customer 1610,customer1610@email.com,Canada,Central,26/07/2026,Bronze,128.09
CUST001611,Customer 1611,customer1611@email.com,India,South,11/04/2021,Silver,1907.41
CUST001612,Customer 1612,customer1612@email.com,USA,North,28/05/2024,Platinum,228.17
CUST001613,Customer 1613,customer1613@email.com,Japan,Central,04/05/2023,Platinum,281.35
CUST001614,Customer 1614,customer1614@email.com,France,East,16/01/2025,Silver,281.16
CUST001615,Customer 1615,customer1615@email.com,UK,North,14/05/2022,Gold,230.95
CUST001616,Customer 1616,customer1616@email.com,Australia,Central,11/03/2021,Bronze,100.74
CUST001617,Customer 1617,customer1617@email.com,Australia,North,24/01/2020,Bronze,753.45
CUST001618,Customer 1618,customer1618@email.com,India,West,04/12/2021,Platinum,1803.29
CUST001619,Customer 1619,customer1619@email.com,India,East,01/10/2026,Gold,226.99
CUST001620,Customer 1620,customer1620@email.com,France,North,05/06/2024,Silver,643.91
CUST001621,Customer 1621,customer1621@email.com,USA,South,07/07/2021,Bronze,777.2
CUST001622,Customer 1622,customer1622@email.com,Germany,North,06/03/2020,Silver,1043.34
CUST001623,Customer 1623,customer1623@email.com,UK,South,24/05/2025,Platinum,374.64
CUST001624,Customer 1624,customer1624@email.com,Germany,North,15/01/2026,Gold,280.44
CUST001625,Customer 1625,customer1625@email.com,UK,West,13/03/2025,Platinum,296.74
CUST001626,Customer 1626,customer1626@email.com,Canada,South,30/03/2020,Silver,723.48
CUST001627,Customer 1627,customer1627@email.com,India,West,28/12/2024,Bronze,948.53
CUST001628,Customer 1628,customer1628@email.com,Germany,South,15/01/2025,Gold,200.21
CUST001629,Customer 1629,customer1629@email.com,Australia,North,21/05/2026,Gold,331.77
CUST001630,Customer 1630,customer1630@email.com,Canada,West,02/02/2020,Platinum,1261.09
CUST001631,Customer 1631,customer1631@email.com,France,North,23/07/2025,Platinum,921.74
CUST001632,Customer 1632,customer1632@email.com,India,Central,25/06/2024,Platinum,2195.15
CUST001633,Customer 1633,customer1633@email.com,USA,Central,07/08/2022,Bronze,801.72
CUST001634,Customer 1634,customer1634@email.com,Japan,Central,24/09/2024,Bronze,349.77
CUST001635,Customer 1635,customer1635@email.com,Australia,West,02/01/2023,Bronze,546.58
CUST001636,Customer 1636,customer1636@email.com,Japan,West,19/07/2025,Platinum,640.9
CUST001637,Customer 1637,customer1637@email.com,UK,East,26/03/2020,Silver,140.85
CUST001638,Customer 1638,customer1638@email.com,Japan,West,06/04/2025,Silver,493.18
CUST001639,Customer 1639,customer1639@email.com,Germany,Central,10/09/2025,Gold,717.77
CUST001640,Customer 1640,customer1640@email.com,India,South,02/10/2026,Gold,191.55
CUST001641,Customer 1641,customer1641@email.com,Australia,East,17/05/2024,Platinum,858.5
CUST001642,Customer 1642,customer1642@email.com,Germany,East,25/10/2021,Bronze,538.26
CUST001643,Customer 1643,customer1643@email.com,UK,South,31/05/2025,Silver,1620.59
CUST001644,Customer 1644,customer1644@email.com,India,North,02/10/2021,Platinum,121.67
CUST001645,Customer 1645,customer1645@email.com,France,South,15/07/2025,Silver,254.16
CUST001646,Customer 1646,customer1646@email.com,USA,North,30/03/2026,Gold,560.09
CUST001647,Customer 1647,customer1647@email.com,Japan,South,04/12/2022,Silver,275.89
CUST001648,Customer 1648,customer1648@email.com,USA,North,24/08/2025,Gold,726.62
CUST001649,Customer 1649,customer1649@email.com,Canada,Central,29/10/2024,Silver,811.49
CUST001650,Customer 1650,customer1650@email.com,Germany,West,09/05/2021,Gold,154.08
CUST001651,Customer 1651,customer1651@email.com,Japan,North,25/10/2023,Gold,460.62
CUST001652,Customer 1652,customer1652@email.com,Canada,North,11/09/2021,Platinum,455.54
CUST001653,Customer 1653,customer1653@email.com,Canada,North,15/02/2025,Bronze,330.45
CUST001654,Customer 1654,customer1654@email.com,USA,Central,22/04/2026,Bronze,1450.97
CUST001655,Customer 1655,customer1655@email.com,Canada,South,15/11/2021,Gold,978.7
CUST001656,Customer 1656,customer1656@email.com,France,West,05/10/2021,Platinum,697.36
CUST001657,Customer 1657,customer1657@email.com,UK,East,10/02/2021,Gold,726.45
CUST001658,Customer 1658,customer1658@email.com,Canada,South,18/07/2021,Platinum,409.68
CUST001659,Customer 1659,customer1659@email.com,USA,South,29/08/2024,Platinum,1369.12
CUST001660,Customer 1660,customer1660@email.com,France,Central,30/10/2023,Silver,693.06
CUST001661,Customer 1661,customer1661@email.com,France,East,15/12/2020,Platinum,752.78
CUST001662,Customer 1662,customer1662@email.com,Germany,South,17/01/2024,Platinum,1089.13
CUST001663,Customer 1663,customer1663@email.com,UK,West,23/07/2022,Platinum,260.15
CUST001664,Customer 1664,customer1664@email.com,India,Central,03/08/2024,Gold,922.72
CUST001665,Customer 1665,customer1665@email.com,India,South,01/05/2020,Bronze,208.61
CUST001666,Customer 1666,customer1666@email.com,Canada,North,20/10/2025,Gold,311.82
CUST001667,Customer 1667,customer1667@email.com,Australia,South,13/07/2023,Platinum,304.44
CUST001668,Customer 1668,customer1668@email.com,Australia,North,08/09/2020,Silver,2020.44
CUST001669,Customer 1669,customer1669@email.com,USA,Central,11/06/2026,Gold,1070.84
CUST001670,Customer 1670,customer1670@email.com,Australia,Central,13/09/2024,Gold,703.94
CUST001671,Customer 1671,customer1671@email.com,Japan,North,08/07/2023,Gold,749.25
CUST001672,Customer 1672,customer1672@email.com,UK,West,01/12/2025,Platinum,512.85
CUST001673,Customer 1673,customer1673@email.com,India,East,20/04/2022,Platinum,1569.59
CUST001674,Customer 1674,customer1674@email.com,France,North,19/03/2022,Bronze,442.85
CUST001675,Customer 1675,customer1675@email.com,Japan,West,10/01/2026,Silver,339.44
CUST001676,Customer 1676,customer1676@email.com,France,South,01/11/2025,Bronze,188.99
CUST001677,Customer 1677,customer1677@email.com,France,Central,26/09/2025,Gold,871.37
CUST001678,Customer 1678,customer1678@email.com,USA,North,17/10/2021,Gold,762.96
CUST001679,Customer 1679,customer1679@email.com,France,West,15/09/2022,Bronze,342.54
CUST001680,Customer 1680,customer1680@email.com,Japan,East,02/09/2020,Gold,112.76
CUST001681,Customer 1681,customer1681@email.com,USA,North,22/05/2021,Platinum,1013.17
CUST001682,Customer 1682,customer1682@email.com,USA,West,05/05/2023,Gold,105.74
CUST001683,Customer 1683,customer1683@email.com,Germany,East,25/08/2022,Gold,708.19
CUST001684,Customer 1684,customer1684@email.com,UK,West,11/03/2023,Silver,1857.58
CUST001685,Customer 1685,customer1685@email.com,Japan,Central,07/03/2021,Silver,387.83
CUST001686,Customer 1686,customer1686@email.com,India,North,19/01/2024,Silver,233.92
CUST001687,Customer 1687,customer1687@email.com,Australia,North,09/10/2024,Bronze,710.17
CUST001688,Customer 1688,customer1688@email.com,Australia,South,11/09/2020,Platinum,949.48
CUST001689,Customer 1689,customer1689@email.com,India,North,29/05/2022,Gold,495.3
CUST001690,Customer 1690,customer1690@email.com,Australia,Central,25/11/2025,Platinum,1806.16
CUST001691,Customer 1691,customer1691@email.com,India,West,16/12/2022,Platinum,126.53
CUST001692,Customer 1692,customer1692@email.com,Australia,South,28/06/2025,Silver,451.39
CUST001693,Customer 1693,customer1693@email.com,UK,West,02/09/2025,Platinum,733.73
CUST001694,Customer 1694,customer1694@email.com,Canada,South,13/06/2021,Platinum,1092.58
CUST001695,Customer 1695,customer1695@email.com,USA,South,22/04/2025,Gold,198.77
CUST001696,Customer 1696,customer1696@email.com,Australia,North,01/05/2021,Bronze,904.73
CUST001697,Customer 1697,customer1697@email.com,France,North,22/02/2024,Silver,502.27
CUST001698,Customer 1698,customer1698@email.com,Japan,East,27/04/2021,Gold,352.55
CUST001699,Customer 1699,customer1699@email.com,France,West,27/05/2023,Bronze,170.62
CUST001700,Customer 1700,customer1700@email.com,UK,Central,08/08/2021,Platinum,1102.34
CUST001701,Customer 1701,customer1701@email.com,France,East,18/07/2020,Silver,185.56
CUST001702,Customer 1702,customer1702@email.com,India,North,19/01/2022,Bronze,285.38
CUST001703,Customer 1703,customer1703@email.com,Japan,North,20/02/2026,Bronze,271.28
CUST001704,Customer 1704,customer1704@email.com,India,Central,06/09/2024,Gold,1125.58
CUST001705,Customer 1705,customer1705@email.com,India,East,06/05/2026,Platinum,658.44
CUST001706,Customer 1706,customer1706@email.com,UK,South,30/04/2025,Platinum,896.49
CUST001707,Customer 1707,customer1707@email.com,India,South,16/01/2025,Gold,244.15
CUST001708,Customer 1708,customer1708@email.com,Australia,West,31/12/2020,Silver,590.25
CUST001709,Customer 1709,customer1709@email.com,Japan,Central,07/06/2024,Bronze,524.02
CUST001710,Customer 1710,customer1710@email.com,France,North,19/12/2024,Silver,994.37
CUST001711,Customer 1711,customer1711@email.com,France,Central,11/04/2020,Bronze,1282.69
CUST001712,Customer 1712,customer1712@email.com,Canada,South,10/04/2026,Bronze,106.12
CUST001713,Customer 1713,customer1713@email.com,Germany,West,24/05/2026,Bronze,660.46
CUST001714,Customer 1714,customer1714@email.com,UK,North,07/05/2021,Gold,126.61
CUST001715,Customer 1715,customer1715@email.com,Germany,Central,22/04/2022,Platinum,497.99
CUST001716,Customer 1716,customer1716@email.com,Japan,West,12/12/2020,Bronze,269.58
CUST001717,Customer 1717,customer1717@email.com,USA,East,06/07/2025,Platinum,283.2
CUST001718,Customer 1718,customer1718@email.com,Australia,North,09/01/2022,Gold,317.67
CUST001719,Customer 1719,customer1719@email.com,France,North,13/04/2024,Bronze,585.5
CUST001720,Customer 1720,customer1720@email.com,UK,East,10/02/2021,Silver,303.27
CUST001721,Customer 1721,customer1721@email.com,France,North,18/01/2022,Silver,759.69
CUST001722,Customer 1722,customer1722@email.com,Australia,South,10/06/2023,Bronze,359.2
CUST001723,Customer 1723,customer1723@email.com,Japan,South,21/11/2026,Bronze,135.4
CUST001724,Customer 1724,customer1724@email.com,France,West,27/08/2020,Bronze,865.68
CUST001725,Customer 1725,customer1725@email.com,UK,West,03/08/2023,Gold,268.27
CUST001726,Customer 1726,customer1726@email.com,Australia,North,22/11/2022,Bronze,383.49
CUST001727,Customer 1727,customer1727@email.com,Germany,Central,09/04/2022,Silver,678.3
CUST001728,Customer 1728,customer1728@email.com,Australia,North,12/07/2025,Gold,302.08
CUST001729,Customer 1729,customer1729@email.com,Japan,West,05/09/2020,Platinum,129.12
CUST001730,Customer 1730,customer1730@email.com,India,North,25/09/2020,Platinum,334.14
CUST001731,Customer 1731,customer1731@email.com,USA,East,15/08/2022,Bronze,1545.22
CUST001732,Customer 1732,customer1732@email.com,UK,East,05/10/2022,Platinum,613.24
CUST001733,Customer 1733,customer1733@email.com,Canada,Central,31/12/2024,Silver,656.58
CUST001734,Customer 1734,customer1734@email.com,Japan,Central,06/08/2021,Silver,600.22
CUST001735,Customer 1735,customer1735@email.com,Australia,Central,01/10/2022,Platinum,210.94
CUST001736,Customer 1736,customer1736@email.com,USA,West,20/06/2020,Gold,370.93
CUST001737,Customer 1737,customer1737@email.com,USA,North,16/11/2021,Platinum,795.03
CUST001738,Customer 1738,customer1738@email.com,France,West,24/01/2023,Gold,153.44
CUST001739,Customer 1739,customer1739@email.com,France,North,21/05/2022,Silver,262.76
CUST001740,Customer 1740,customer1740@email.com,Canada,East,27/12/2025,Bronze,261.7
CUST001741,Customer 1741,customer1741@email.com,Canada,South,07/06/2024,Gold,382.83
CUST001742,Customer 1742,customer1742@email.com,Germany,Central,04/11/2024,Gold,2065.32
CUST001743,Customer 1743,customer1743@email.com,France,West,04/11/2023,Gold,134.94
CUST001744,Customer 1744,customer1744@email.com,Japan,East,04/10/2022,Silver,465.63
CUST001745,Customer 1745,customer1745@email.com,Japan,North,26/02/2025,Silver,198.84
CUST001746,Customer 1746,customer1746@email.com,India,North,09/01/2020,Bronze,1864.68
CUST001747,Customer 1747,customer1747@email.com,Australia,Central,11/12/2021,Platinum,160.13
CUST001748,Customer 1748,customer1748@email.com,Canada,North,27/05/2024,Bronze,358.42
CUST001749,Customer 1749,customer1749@email.com,Canada,East,28/12/2024,Platinum,769.49
CUST001750,Customer 1750,customer1750@email.com,Japan,West,28/09/2026,Silver,709.64
CUST001751,Customer 1751,customer1751@email.com,Canada,West,04/02/2020,Gold,374.72
CUST001752,Customer 1752,customer1752@email.com,India,North,01/03/2022,Silver,312.72
CUST001753,Customer 1753,customer1753@email.com,France,East,22/03/2020,Silver,353.43
CUST001754,Customer 1754,customer1754@email.com,France,South,03/01/2021,Silver,253.45
CUST001755,Customer 1755,customer1755@email.com,Japan,North,15/07/2025,Gold,214.92
CUST001756,Customer 1756,customer1756@email.com,Germany,North,11/07/2025,Silver,429.89
CUST001757,Customer 1757,customer1757@email.com,Canada,East,10/06/2024,Platinum,256.35
CUST001758,Customer 1758,customer1758@email.com,Germany,Central,29/11/2021,Silver,269.46
CUST001759,Customer 1759,customer1759@email.com,UK,North,24/09/2020,Silver,634.66
CUST001760,Customer 1760,customer1760@email.com,Germany,Central,29/11/2022,Gold,1829.48
CUST001761,Customer 1761,customer1761@email.com,USA,Central,24/02/2022,Gold,562.71
CUST001762,Customer 1762,customer1762@email.com,India,North,13/04/2026,Platinum,140.05
CUST001763,Customer 1763,customer1763@email.com,Japan,West,31/07/2020,Platinum,139.3
CUST001764,Customer 1764,customer1764@email.com,Canada,Central,27/01/2023,Platinum,1612.3
CUST001765,Customer 1765,customer1765@email.com,Japan,Central,22/07/2025,Bronze,276.41
CUST001766,Customer 1766,customer1766@email.com,USA,East,08/07/2022,Platinum,148.29
CUST001767,Customer 1767,customer1767@email.com,India,East,20/12/2025,Bronze,556.95
CUST001768,Customer 1768,customer1768@email.com,Germany,East,24/05/2024,Bronze,588.62
CUST001769,Customer 1769,customer1769@email.com,USA,South,31/05/2026,Platinum,622.78
CUST001770,Customer 1770,customer1770@email.com,Germany,South,31/10/2020,Silver,255.58
CUST001771,Customer 1771,customer1771@email.com,France,North,10/09/2023,Bronze,107.61
CUST001772,Customer 1772,customer1772@email.com,India,West,24/04/2020,Bronze,1776.42
CUST001773,Customer 1773,customer1773@email.com,Japan,East,24/08/2026,Silver,244.44
CUST001774,Customer 1774,customer1774@email.com,India,South,17/03/2021,Gold,663.55
CUST001775,Customer 1775,customer1775@email.com,Japan,Central,10/08/2020,Silver,713.16
CUST001776,Customer 1776,customer1776@email.com,India,North,25/10/2020,Platinum,570.81
CUST001777,Customer 1777,customer1777@email.com,Canada,North,29/06/2026,Bronze,287.64
CUST001778,Customer 1778,customer1778@email.com,Australia,East,16/05/2020,Bronze,258.11
CUST001779,Customer 1779,customer1779@email.com,USA,West,06/06/2021,Bronze,555.24
CUST001780,Customer 1780,customer1780@email.com,Australia,North,19/05/2023,Bronze,1105.31
CUST001781,Customer 1781,customer1781@email.com,USA,East,16/08/2020,Platinum,1566.23
CUST001782,Customer 1782,customer1782@email.com,Canada,Central,03/07/2024,Platinum,155.97
CUST001783,Customer 1783,customer1783@email.com,USA,West,12/08/2022,Platinum,184.11
CUST001784,Customer 1784,customer1784@email.com,Australia,Central,16/03/2025,Bronze,1547.82
CUST001785,Customer 1785,customer1785@email.com,USA,West,23/10/2023,Gold,766.92
CUST001786,Customer 1786,customer1786@email.com,Germany,North,04/08/2026,Bronze,1172.76
CUST001787,Customer 1787,customer1787@email.com,Canada,Central,20/02/2020,Silver,213.22
CUST001788,Customer 1788,customer1788@email.com,UK,Central,05/06/2026,Gold,542.86
CUST001789,Customer 1789,customer1789@email.com,Australia,West,26/12/2023,Platinum,703.89
CUST001790,Customer 1790,customer1790@email.com,Germany,South,31/01/2022,Bronze,669.89
CUST001791,Customer 1791,customer1791@email.com,UK,East,04/09/2020,Platinum,362.25
CUST001792,Customer 1792,customer1792@email.com,Japan,East,02/10/2025,Silver,107.76
CUST001793,Customer 1793,customer1793@email.com,India,East,26/08/2021,Gold,537.25
CUST001794,Customer 1794,customer1794@email.com,Japan,North,07/04/2023,Silver,245.91
CUST001795,Customer 1795,customer1795@email.com,Germany,Central,22/08/2020,Bronze,399.15
CUST001796,Customer 1796,customer1796@email.com,Japan,South,24/09/2024,Silver,1680.08
CUST001797,Customer 1797,customer1797@email.com,Canada,East,04/04/2022,Silver,354.61
CUST001798,Customer 1798,customer1798@email.com,India,Central,02/05/2025,Gold,1015.67
CUST001799,Customer 1799,customer1799@email.com,Japan,Central,27/06/2026,Gold,204.46
CUST001800,Customer 1800,customer1800@email.com,Japan,South,10/09/2024,Bronze,658.07
CUST001801,Customer 1801,customer1801@email.com,USA,West,03/02/2025,Silver,1986.28
CUST001802,Customer 1802,customer1802@email.com,Germany,South,16/01/2020,Platinum,153.73
CUST001803,Customer 1803,customer1803@email.com,Germany,South,30/12/2026,Platinum,104.18
CUST001804,Customer 1804,customer1804@email.com,Australia,South,19/09/2023,Platinum,384.21
CUST001805,Customer 1805,customer1805@email.com,USA,East,24/01/2022,Bronze,148.6
CUST001806,Customer 1806,customer1806@email.com,Japan,North,29/10/2020,Bronze,789.93
CUST001807,Customer 1807,customer1807@email.com,France,West,06/08/2021,Silver,1329.9
CUST001808,Customer 1808,customer1808@email.com,Japan,North,26/07/2026,Bronze,384.6
CUST001809,Customer 1809,customer1809@email.com,Germany,East,26/03/2022,Silver,249.68
CUST001810,Customer 1810,customer1810@email.com,France,South,15/06/2022,Gold,384.94
CUST001811,Customer 1811,customer1811@email.com,Germany,South,21/03/2026,Silver,742.68
CUST001812,Customer 1812,customer1812@email.com,UK,East,29/03/2020,Bronze,104.55
CUST001813,Customer 1813,customer1813@email.com,UK,West,26/03/2020,Bronze,545.13
CUST001814,Customer 1814,customer1814@email.com,Germany,East,18/10/2023,Platinum,575.04
CUST001815,Customer 1815,customer1815@email.com,Japan,East,10/09/2022,Silver,607.63
CUST001816,Customer 1816,customer1816@email.com,Australia,North,28/11/2025,Bronze,238.55
CUST001817,Customer 1817,customer1817@email.com,UK,South,14/08/2021,Silver,725.97
CUST001818,Customer 1818,customer1818@email.com,Australia,East,21/12/2025,Gold,147.92
CUST001819,Customer 1819,customer1819@email.com,Australia,South,21/09/2026,Bronze,211.12
CUST001820,Customer 1820,customer1820@email.com,Germany,Central,28/11/2026,Gold,1149.7
CUST001821,Customer 1821,customer1821@email.com,Japan,South,31/08/2021,Bronze,771.09
CUST001822,Customer 1822,customer1822@email.com,UK,Central,21/02/2023,Platinum,106.92
CUST001823,Customer 1823,customer1823@email.com,Canada,West,07/05/2022,Bronze,242.76
CUST001824,Customer 1824,customer1824@email.com,Australia,Central,16/11/2021,Gold,220.66
CUST001825,Customer 1825,customer1825@email.com,India,South,04/08/2025,Gold,257.91
CUST001826,Customer 1826,customer1826@email.com,India,West,11/03/2024,Platinum,242.22
CUST001827,Customer 1827,customer1827@email.com,Australia,Central,04/01/2023,Bronze,132.28
CUST001828,Customer 1828,customer1828@email.com,Germany,South,28/04/2022,Platinum,407.11
CUST001829,Customer 1829,customer1829@email.com,Australia,South,18/08/2022,Gold,759.75
CUST001830,Customer 1830,customer1830@email.com,Australia,Central,06/10/2024,Silver,566.63
CUST001831,Customer 1831,customer1831@email.com,France,Central,12/03/2024,Bronze,658.7
CUST001832,Customer 1832,customer1832@email.com,Canada,East,04/07/2021,Platinum,142.32
CUST001833,Customer 1833,customer1833@email.com,Japan,South,26/10/2025,Bronze,1613
CUST001834,Customer 1834,customer1834@email.com,Japan,West,20/03/2025,Platinum,1011.6
CUST001835,Customer 1835,customer1835@email.com,Australia,West,30/03/2025,Gold,917.61
CUST001836,Customer 1836,customer1836@email.com,Japan,East,30/07/2025,Platinum,965.76
CUST001837,Customer 1837,customer1837@email.com,UK,West,11/04/2020,Silver,1449.38
CUST001838,Customer 1838,customer1838@email.com,Canada,East,23/12/2022,Bronze,492.91
CUST001839,Customer 1839,customer1839@email.com,Canada,East,21/04/2023,Silver,211.75
CUST001840,Customer 1840,customer1840@email.com,Canada,North,07/02/2021,Gold,579.58
CUST001841,Customer 1841,customer1841@email.com,Germany,East,05/06/2020,Silver,779.11
CUST001842,Customer 1842,customer1842@email.com,France,East,10/09/2023,Gold,769.55
CUST001843,Customer 1843,customer1843@email.com,UK,Central,19/02/2022,Gold,468.5
CUST001844,Customer 1844,customer1844@email.com,France,East,04/02/2020,Gold,135.46
CUST001845,Customer 1845,customer1845@email.com,Australia,Central,12/07/2024,Bronze,331.9
CUST001846,Customer 1846,customer1846@email.com,UK,West,17/04/2025,Silver,1367.68
CUST001847,Customer 1847,customer1847@email.com,Germany,West,18/07/2022,Silver,539.07
CUST001848,Customer 1848,customer1848@email.com,India,West,13/10/2025,Gold,486.45
CUST001849,Customer 1849,customer1849@email.com,Japan,South,17/12/2020,Platinum,256.57
CUST001850,Customer 1850,customer1850@email.com,Germany,West,06/09/2024,Platinum,329.79
CUST001851,Customer 1851,customer1851@email.com,USA,East,06/04/2026,Silver,1228.55
CUST001852,Customer 1852,customer1852@email.com,UK,East,23/06/2026,Bronze,649
CUST001853,Customer 1853,customer1853@email.com,Japan,East,09/08/2025,Silver,874.14
CUST001854,Customer 1854,customer1854@email.com,Australia,West,12/09/2024,Gold,402.88
CUST001855,Customer 1855,customer1855@email.com,USA,Central,28/08/2023,Bronze,597.46
CUST001856,Customer 1856,customer1856@email.com,UK,East,23/07/2021,Platinum,242.76
CUST001857,Customer 1857,customer1857@email.com,Germany,West,10/04/2024,Bronze,711.17
CUST001858,Customer 1858,customer1858@email.com,Australia,South,29/12/2025,Platinum,378.96
CUST001859,Customer 1859,customer1859@email.com,Japan,Central,20/03/2021,Platinum,392.19
CUST001860,Customer 1860,customer1860@email.com,Canada,South,01/06/2023,Bronze,623.94
CUST001861,Customer 1861,customer1861@email.com,UK,North,14/03/2026,Platinum,1476.63
CUST001862,Customer 1862,customer1862@email.com,UK,South,19/04/2020,Bronze,133.07
CUST001863,Customer 1863,customer1863@email.com,France,South,29/04/2024,Silver,970.75
CUST001864,Customer 1864,customer1864@email.com,Canada,West,07/04/2023,Bronze,272.93
CUST001865,Customer 1865,customer1865@email.com,USA,South,18/02/2024,Gold,393.42
CUST001866,Customer 1866,customer1866@email.com,Australia,South,09/08/2024,Bronze,111.08
CUST001867,Customer 1867,customer1867@email.com,Australia,West,12/06/2021,Bronze,279.09
CUST001868,Customer 1868,customer1868@email.com,Germany,South,12/05/2024,Silver,449.21
CUST001869,Customer 1869,customer1869@email.com,Australia,West,22/06/2023,Silver,128.91
CUST001870,Customer 1870,customer1870@email.com,France,Central,08/10/2026,Silver,437.75
CUST001871,Customer 1871,customer1871@email.com,India,East,20/08/2025,Silver,1409.41
CUST001872,Customer 1872,customer1872@email.com,UK,West,31/01/2020,Bronze,155.69
CUST001873,Customer 1873,customer1873@email.com,Germany,Central,23/06/2024,Gold,822.9
CUST001874,Customer 1874,customer1874@email.com,India,West,20/05/2026,Platinum,363.54
CUST001875,Customer 1875,customer1875@email.com,USA,North,17/06/2026,Gold,632.36
CUST001876,Customer 1876,customer1876@email.com,Japan,East,12/02/2025,Platinum,250.71
CUST001877,Customer 1877,customer1877@email.com,UK,West,15/11/2026,Silver,186.87
CUST001878,Customer 1878,customer1878@email.com,Australia,West,05/01/2022,Platinum,187.45
CUST001879,Customer 1879,customer1879@email.com,Canada,West,21/01/2022,Bronze,136.55
CUST001880,Customer 1880,customer1880@email.com,UK,East,08/09/2022,Gold,202.68
CUST001881,Customer 1881,customer1881@email.com,Germany,West,30/09/2020,Platinum,645.65
CUST001882,Customer 1882,customer1882@email.com,Canada,East,14/03/2026,Bronze,1167.23
CUST001883,Customer 1883,customer1883@email.com,Japan,West,06/03/2021,Platinum,941.34
CUST001884,Customer 1884,customer1884@email.com,France,South,06/11/2021,Bronze,677.8
CUST001885,Customer 1885,customer1885@email.com,USA,North,08/03/2025,Platinum,158.51
CUST001886,Customer 1886,customer1886@email.com,Japan,West,10/04/2024,Silver,270.67
CUST001887,Customer 1887,customer1887@email.com,USA,North,12/06/2024,Gold,285.39
CUST001888,Customer 1888,customer1888@email.com,UK,East,14/04/2021,Platinum,243.81
CUST001889,Customer 1889,customer1889@email.com,India,North,08/06/2025,Bronze,461.81
CUST001890,Customer 1890,customer1890@email.com,Germany,West,24/02/2026,Silver,483.45
CUST001891,Customer 1891,customer1891@email.com,France,South,12/04/2025,Silver,320.72
CUST001892,Customer 1892,customer1892@email.com,Canada,South,14/03/2020,Gold,318.31
CUST001893,Customer 1893,customer1893@email.com,Australia,South,23/05/2021,Bronze,981.75
CUST001894,Customer 1894,customer1894@email.com,France,South,15/02/2020,Platinum,878.64
CUST001895,Customer 1895,customer1895@email.com,UK,South,06/01/2024,Bronze,283.94
CUST001896,Customer 1896,customer1896@email.com,Germany,West,20/12/2025,Bronze,1325.48
CUST001897,Customer 1897,customer1897@email.com,Canada,West,11/11/2025,Gold,1626.84
CUST001898,Customer 1898,customer1898@email.com,USA,Central,23/12/2024,Bronze,297.81
CUST001899,Customer 1899,customer1899@email.com,Australia,South,18/07/2020,Silver,318.81
CUST001900,Customer 1900,customer1900@email.com,Germany,South,14/03/2024,Bronze,452.24
CUST001901,Customer 1901,customer1901@email.com,Australia,North,06/03/2020,Bronze,1516.13
CUST001902,Customer 1902,customer1902@email.com,Germany,North,12/10/2023,Silver,1145.03
CUST001903,Customer 1903,customer1903@email.com,UK,South,30/01/2021,Bronze,154.11
CUST001904,Customer 1904,customer1904@email.com,Canada,East,29/08/2024,Gold,349.39
CUST001905,Customer 1905,customer1905@email.com,Germany,Central,21/04/2026,Silver,503.01
CUST001906,Customer 1906,customer1906@email.com,Australia,West,27/01/2026,Bronze,449.72
CUST001907,Customer 1907,customer1907@email.com,Germany,North,09/08/2022,Gold,207.75
CUST001908,Customer 1908,customer1908@email.com,UK,North,17/08/2023,Platinum,1078.85
CUST001909,Customer 1909,customer1909@email.com,USA,West,19/07/2023,Silver,664.96
CUST001910,Customer 1910,customer1910@email.com,Germany,North,22/02/2025,Gold,1009.8
CUST001911,Customer 1911,customer1911@email.com,Japan,North,30/12/2026,Bronze,1078.66
CUST001912,Customer 1912,customer1912@email.com,Australia,East,14/06/2022,Platinum,789.87
CUST001913,Customer 1913,customer1913@email.com,UK,East,21/02/2021,Bronze,389.2
CUST001914,Customer 1914,customer1914@email.com,Japan,West,23/09/2026,Silver,571.51
CUST001915,Customer 1915,customer1915@email.com,UK,East,22/09/2023,Platinum,187.39
CUST001916,Customer 1916,customer1916@email.com,Japan,North,03/10/2020,Platinum,659.89
CUST001917,Customer 1917,customer1917@email.com,Germany,Central,15/04/2024,Bronze,198.77
CUST001918,Customer 1918,customer1918@email.com,USA,Central,10/08/2022,Bronze,692
CUST001919,Customer 1919,customer1919@email.com,Germany,West,19/06/2023,Silver,230.42
CUST001920,Customer 1920,customer1920@email.com,Canada,North,13/12/2026,Silver,162.53
CUST001921,Customer 1921,customer1921@email.com,India,East,14/03/2024,Silver,190.33
CUST001922,Customer 1922,customer1922@email.com,Australia,South,13/09/2021,Bronze,101
CUST001923,Customer 1923,customer1923@email.com,India,East,02/09/2022,Silver,734.24
CUST001924,Customer 1924,customer1924@email.com,Japan,North,13/02/2023,Platinum,759.13
CUST001925,Customer 1925,customer1925@email.com,USA,South,27/03/2023,Gold,461.73
CUST001926,Customer 1926,customer1926@email.com,Germany,South,04/11/2023,Bronze,187.99
CUST001927,Customer 1927,customer1927@email.com,Germany,Central,14/10/2022,Platinum,143.63
CUST001928,Customer 1928,customer1928@email.com,Japan,South,05/11/2025,Platinum,109.66
CUST001929,Customer 1929,customer1929@email.com,Canada,West,25/01/2020,Bronze,190.61
CUST001930,Customer 1930,customer1930@email.com,USA,South,27/02/2022,Silver,1207.54
CUST001931,Customer 1931,customer1931@email.com,Canada,South,29/05/2021,Silver,238.23
CUST001932,Customer 1932,customer1932@email.com,Canada,West,25/08/2022,Platinum,318.69
CUST001933,Customer 1933,customer1933@email.com,UK,South,29/06/2023,Silver,155.66
CUST001934,Customer 1934,customer1934@email.com,UK,Central,02/10/2024,Silver,225.75
CUST001935,Customer 1935,customer1935@email.com,France,Central,26/05/2023,Platinum,466.18
CUST001936,Customer 1936,customer1936@email.com,France,West,04/04/2022,Bronze,567.93
CUST001937,Customer 1937,customer1937@email.com,Australia,West,12/01/2024,Silver,240.75
CUST001938,Customer 1938,customer1938@email.com,India,West,12/04/2025,Platinum,129.73
CUST001939,Customer 1939,customer1939@email.com,India,North,30/09/2021,Platinum,348
CUST001940,Customer 1940,customer1940@email.com,Canada,East,16/10/2024,Silver,233.42
CUST001941,Customer 1941,customer1941@email.com,UK,East,14/03/2026,Platinum,223.94
CUST001942,Customer 1942,customer1942@email.com,France,West,14/03/2025,Gold,1707.73
CUST001943,Customer 1943,customer1943@email.com,India,North,16/03/2024,Gold,578.95
CUST001944,Customer 1944,customer1944@email.com,India,South,13/07/2021,Silver,506.96
CUST001945,Customer 1945,customer1945@email.com,USA,North,15/02/2022,Gold,368.73
CUST001946,Customer 1946,customer1946@email.com,Australia,West,05/07/2025,Platinum,380.13
CUST001947,Customer 1947,customer1947@email.com,Australia,West,08/03/2024,Gold,489.25
CUST001948,Customer 1948,customer1948@email.com,Canada,West,06/08/2026,Bronze,696.07
CUST001949,Customer 1949,customer1949@email.com,Australia,Central,24/05/2021,Silver,705.58
CUST001950,Customer 1950,customer1950@email.com,Australia,East,06/03/2022,Gold,194.19
CUST001951,Customer 1951,customer1951@email.com,India,East,18/09/2025,Bronze,446.69
CUST001952,Customer 1952,customer1952@email.com,Australia,South,27/04/2024,Silver,365.48
CUST001953,Customer 1953,customer1953@email.com,USA,East,10/05/2025,Bronze,1122.14
CUST001954,Customer 1954,customer1954@email.com,France,Central,28/08/2021,Platinum,599.05
CUST001955,Customer 1955,customer1955@email.com,France,South,26/08/2021,Silver,480.18
CUST001956,Customer 1956,customer1956@email.com,Canada,North,20/02/2020,Platinum,161.31
CUST001957,Customer 1957,customer1957@email.com,Canada,Central,16/06/2024,Silver,565.24
CUST001958,Customer 1958,customer1958@email.com,UK,West,28/09/2024,Gold,162.33
CUST001959,Customer 1959,customer1959@email.com,Australia,Central,22/05/2023,Gold,305.65
CUST001960,Customer 1960,customer1960@email.com,Canada,North,12/08/2024,Gold,177.07
CUST001961,Customer 1961,customer1961@email.com,France,South,07/08/2021,Platinum,688.95
CUST001962,Customer 1962,customer1962@email.com,USA,South,15/06/2023,Platinum,215.49
CUST001963,Customer 1963,customer1963@email.com,Canada,North,07/01/2020,Platinum,348.67
CUST001964,Customer 1964,customer1964@email.com,Australia,East,20/11/2025,Platinum,1230.12
CUST001965,Customer 1965,customer1965@email.com,UK,East,29/11/2021,Silver,214.28
CUST001966,Customer 1966,customer1966@email.com,Germany,West,04/07/2021,Silver,454.44
CUST001967,Customer 1967,customer1967@email.com,Canada,West,20/08/2025,Silver,371.74
CUST001968,Customer 1968,customer1968@email.com,Germany,North,30/01/2022,Silver,109.15
CUST001969,Customer 1969,customer1969@email.com,France,West,24/02/2022,Platinum,886.93
CUST001970,Customer 1970,customer1970@email.com,UK,North,23/03/2021,Gold,135.77
CUST001971,Customer 1971,customer1971@email.com,Australia,North,17/12/2020,Gold,421.47
CUST001972,Customer 1972,customer1972@email.com,Japan,North,20/09/2020,Silver,511.26
CUST001973,Customer 1973,customer1973@email.com,India,North,11/05/2025,Bronze,595
CUST001974,Customer 1974,customer1974@email.com,France,North,07/09/2020,Bronze,683.39
CUST001975,Customer 1975,customer1975@email.com,Germany,Central,31/01/2021,Bronze,246.03
CUST001976,Customer 1976,customer1976@email.com,France,West,18/03/2024,Platinum,105.01
CUST001977,Customer 1977,customer1977@email.com,Australia,East,12/10/2023,Gold,742.67
CUST001978,Customer 1978,customer1978@email.com,Japan,South,06/11/2023,Gold,483.57
CUST001979,Customer 1979,customer1979@email.com,Australia,Central,20/06/2024,Bronze,1004.3
CUST001980,Customer 1980,customer1980@email.com,Japan,North,29/12/2023,Bronze,961.27
CUST001981,Customer 1981,customer1981@email.com,Australia,South,14/02/2025,Bronze,1026.79
CUST001982,Customer 1982,customer1982@email.com,Canada,Central,01/10/2026,Gold,431.89
CUST001983,Customer 1983,customer1983@email.com,Japan,West,15/10/2022,Platinum,302.95
CUST001984,Customer 1984,customer1984@email.com,Australia,South,10/10/2025,Bronze,884.05
CUST001985,Customer 1985,customer1985@email.com,USA,East,12/08/2023,Bronze,400.1
CUST001986,Customer 1986,customer1986@email.com,India,South,26/08/2023,Platinum,201.33
CUST001987,Customer 1987,customer1987@email.com,Canada,East,27/06/2024,Platinum,1065.42
CUST001988,Customer 1988,customer1988@email.com,Canada,West,04/05/2025,Gold,1170.91
CUST001989,Customer 1989,customer1989@email.com,Germany,South,22/10/2026,Bronze,413.97
CUST001990,Customer 1990,customer1990@email.com,India,North,07/06/2021,Gold,139.36
CUST001991,Customer 1991,customer1991@email.com,India,South,25/02/2026,Platinum,345.37
CUST001992,Customer 1992,customer1992@email.com,India,Central,18/04/2021,Silver,913.64
CUST001993,Customer 1993,customer1993@email.com,Germany,South,23/09/2022,Bronze,1260.24
CUST001994,Customer 1994,customer1994@email.com,Australia,North,08/03/2021,Silver,213.75
CUST001995,Customer 1995,customer1995@email.com,Australia,East,30/08/2023,Silver,134.66
CUST001996,Customer 1996,customer1996@email.com,India,North,21/11/2022,Silver,1149.21
CUST001997,Customer 1997,customer1997@email.com,India,North,29/12/2025,Gold,346.66
CUST001998,Customer 1998,customer1998@email.com,Canada,East,05/07/2022,Platinum,490.18
CUST001999,Customer 1999,customer1999@email.com,Australia,South,12/04/2024,Silver,1822.04
CUST002000,Customer 2000,customer2000@email.com,Canada,East,27/11/2022,Bronze,134.44
CUST002001,Customer 2001,customer2001@email.com,Canada,East,01/04/2021,Silver,622.51
CUST002002,Customer 2002,customer2002@email.com,Japan,South,20/04/2021,Gold,138.5
CUST002003,Customer 2003,customer2003@email.com,USA,East,06/04/2024,Bronze,335.38
CUST002004,Customer 2004,customer2004@email.com,Germany,West,13/08/2026,Platinum,914.35
CUST002005,Customer 2005,customer2005@email.com,Japan,South,02/08/2023,Silver,384.11
CUST002006,Customer 2006,customer2006@email.com,Australia,North,12/03/2021,Platinum,3035.93
CUST002007,Customer 2007,customer2007@email.com,UK,East,18/07/2023,Silver,509.42
CUST002008,Customer 2008,customer2008@email.com,India,South,09/08/2025,Gold,293.69
CUST002009,Customer 2009,customer2009@email.com,USA,Central,20/08/2021,Gold,224.3
CUST002010,Customer 2010,customer2010@email.com,Canada,East,19/06/2023,Platinum,315.79
CUST002011,Customer 2011,customer2011@email.com,India,East,02/06/2022,Platinum,333.03
CUST002012,Customer 2012,customer2012@email.com,Japan,South,28/08/2020,Silver,135.59
CUST002013,Customer 2013,customer2013@email.com,USA,South,10/07/2022,Platinum,330.68
CUST002014,Customer 2014,customer2014@email.com,France,South,23/05/2024,Bronze,412.03
CUST002015,Customer 2015,customer2015@email.com,Australia,East,22/02/2026,Platinum,741.4
CUST002016,Customer 2016,customer2016@email.com,Japan,West,23/04/2025,Platinum,634.62
CUST002017,Customer 2017,customer2017@email.com,France,East,21/10/2020,Silver,716.81
CUST002018,Customer 2018,customer2018@email.com,Australia,North,22/02/2026,Silver,104.2
CUST002019,Customer 2019,customer2019@email.com,USA,East,17/08/2023,Platinum,222.74
CUST002020,Customer 2020,customer2020@email.com,UK,West,01/11/2021,Platinum,641.89
CUST002021,Customer 2021,customer2021@email.com,UK,South,07/04/2023,Silver,430.81
CUST002022,Customer 2022,customer2022@email.com,USA,East,12/03/2022,Bronze,102.66
CUST002023,Customer 2023,customer2023@email.com,Australia,West,27/08/2021,Silver,916.08
CUST002024,Customer 2024,customer2024@email.com,Canada,East,18/08/2020,Platinum,840.98
CUST002025,Customer 2025,customer2025@email.com,USA,North,05/01/2022,Gold,497.5
CUST002026,Customer 2026,customer2026@email.com,Australia,South,27/08/2026,Platinum,134.39
CUST002027,Customer 2027,customer2027@email.com,USA,North,30/09/2022,Silver,827.32
CUST002028,Customer 2028,customer2028@email.com,India,East,12/06/2024,Silver,538.19
CUST002029,Customer 2029,customer2029@email.com,Canada,West,17/03/2024,Platinum,861.54
CUST002030,Customer 2030,customer2030@email.com,India,East,01/02/2023,Bronze,796.65
CUST002031,Customer 2031,customer2031@email.com,Canada,North,06/05/2021,Bronze,912.28
CUST002032,Customer 2032,customer2032@email.com,Germany,North,26/06/2025,Platinum,464.91
CUST002033,Customer 2033,customer2033@email.com,Canada,Central,26/01/2023,Silver,175.6
CUST002034,Customer 2034,customer2034@email.com,India,West,21/04/2024,Gold,656.09
CUST002035,Customer 2035,customer2035@email.com,UK,North,29/05/2026,Gold,584.42
CUST002036,Customer 2036,customer2036@email.com,UK,West,17/09/2020,Bronze,777.89
CUST002037,Customer 2037,customer2037@email.com,India,North,31/05/2024,Bronze,193.09
CUST002038,Customer 2038,customer2038@email.com,Canada,South,29/04/2022,Silver,208.44
CUST002039,Customer 2039,customer2039@email.com,India,East,22/01/2020,Bronze,1205.5
CUST002040,Customer 2040,customer2040@email.com,UK,Central,09/06/2020,Silver,793.1
CUST002041,Customer 2041,customer2041@email.com,Canada,Central,22/10/2021,Gold,1294.23
CUST002042,Customer 2042,customer2042@email.com,Canada,North,23/05/2020,Gold,810.89
CUST002043,Customer 2043,customer2043@email.com,UK,West,29/01/2024,Bronze,554.6
CUST002044,Customer 2044,customer2044@email.com,France,North,14/10/2022,Gold,630.85
CUST002045,Customer 2045,customer2045@email.com,India,South,27/12/2025,Platinum,1199.69
CUST002046,Customer 2046,customer2046@email.com,Japan,Central,05/07/2023,Silver,532.33
CUST002047,Customer 2047,customer2047@email.com,USA,South,09/02/2021,Bronze,600.37
CUST002048,Customer 2048,customer2048@email.com,UK,East,09/02/2022,Silver,185.08
CUST002049,Customer 2049,customer2049@email.com,Germany,Central,03/07/2021,Gold,421.15
CUST002050,Customer 2050,customer2050@email.com,UK,Central,10/02/2023,Platinum,730.09
CUST002051,Customer 2051,customer2051@email.com,France,East,31/10/2020,Platinum,258
CUST002052,Customer 2052,customer2052@email.com,Australia,West,30/10/2021,Bronze,212.98
CUST002053,Customer 2053,customer2053@email.com,Australia,South,07/11/2022,Silver,288.31
CUST002054,Customer 2054,customer2054@email.com,France,South,16/10/2020,Gold,238.21
CUST002055,Customer 2055,customer2055@email.com,UK,West,27/04/2026,Silver,220.98
CUST002056,Customer 2056,customer2056@email.com,Australia,West,19/07/2023,Bronze,376.56
CUST002057,Customer 2057,customer2057@email.com,Germany,North,08/10/2026,Gold,1292.11
CUST002058,Customer 2058,customer2058@email.com,Canada,Central,25/05/2021,Platinum,453.68
CUST002059,Customer 2059,customer2059@email.com,Japan,North,27/09/2020,Gold,204.08
CUST002060,Customer 2060,customer2060@email.com,France,South,28/09/2023,Silver,140.05
CUST002061,Customer 2061,customer2061@email.com,USA,North,25/01/2023,Platinum,695.62
CUST002062,Customer 2062,customer2062@email.com,Australia,North,29/06/2022,Bronze,341.28
CUST002063,Customer 2063,customer2063@email.com,France,Central,20/12/2021,Platinum,962.51
CUST002064,Customer 2064,customer2064@email.com,Japan,Central,26/01/2021,Gold,638.69
CUST002065,Customer 2065,customer2065@email.com,France,Central,09/03/2026,Bronze,895.41
CUST002066,Customer 2066,customer2066@email.com,UK,East,15/07/2020,Platinum,258.69
CUST002067,Customer 2067,customer2067@email.com,Japan,Central,10/01/2022,Platinum,689.41
CUST002068,Customer 2068,customer2068@email.com,UK,East,07/05/2025,Bronze,253.3
CUST002069,Customer 2069,customer2069@email.com,UK,South,04/10/2025,Silver,1499
CUST002070,Customer 2070,customer2070@email.com,France,North,31/03/2024,Gold,605.82
CUST002071,Customer 2071,customer2071@email.com,Australia,West,17/10/2022,Silver,296.16
CUST002072,Customer 2072,customer2072@email.com,Japan,West,02/12/2024,Gold,257.02
CUST002073,Customer 2073,customer2073@email.com,Australia,Central,03/02/2023,Silver,205.93
CUST002074,Customer 2074,customer2074@email.com,Canada,East,04/06/2023,Platinum,693.13
CUST002075,Customer 2075,customer2075@email.com,Canada,North,04/07/2023,Bronze,223.41
CUST002076,Customer 2076,customer2076@email.com,Canada,South,10/09/2022,Bronze,552.31
CUST002077,Customer 2077,customer2077@email.com,France,Central,12/12/2020,Platinum,253.69
CUST002078,Customer 2078,customer2078@email.com,Australia,Central,13/02/2020,Silver,642.31
CUST002079,Customer 2079,customer2079@email.com,India,Central,18/05/2025,Bronze,943.54
CUST002080,Customer 2080,customer2080@email.com,USA,Central,18/07/2024,Silver,852.6
CUST002081,Customer 2081,customer2081@email.com,Australia,Central,30/01/2020,Gold,815.33
CUST002082,Customer 2082,customer2082@email.com,USA,Central,27/09/2022,Platinum,203.96
CUST002083,Customer 2083,customer2083@email.com,Germany,South,21/11/2021,Bronze,146.27
CUST002084,Customer 2084,customer2084@email.com,UK,Central,12/02/2024,Gold,700.24
CUST002085,Customer 2085,customer2085@email.com,Australia,West,27/07/2020,Platinum,329.71
CUST002086,Customer 2086,customer2086@email.com,Japan,North,29/11/2021,Gold,383.12
CUST002087,Customer 2087,customer2087@email.com,Canada,East,20/10/2022,Gold,115.82
CUST002088,Customer 2088,customer2088@email.com,France,East,01/06/2025,Silver,250.27
CUST002089,Customer 2089,customer2089@email.com,Australia,South,10/01/2020,Gold,117.13
CUST002090,Customer 2090,customer2090@email.com,USA,West,12/10/2025,Platinum,1156.75
CUST002091,Customer 2091,customer2091@email.com,Japan,North,23/08/2020,Platinum,239.46
CUST002092,Customer 2092,customer2092@email.com,France,East,07/09/2023,Bronze,507.47
CUST002093,Customer 2093,customer2093@email.com,Japan,South,22/01/2020,Platinum,119.88
CUST002094,Customer 2094,customer2094@email.com,USA,North,23/12/2023,Platinum,649.58
CUST002095,Customer 2095,customer2095@email.com,Germany,North,08/07/2025,Silver,295.06
CUST002096,Customer 2096,customer2096@email.com,Canada,West,09/08/2024,Bronze,1241
CUST002097,Customer 2097,customer2097@email.com,France,South,29/09/2021,Platinum,1195.16
CUST002098,Customer 2098,customer2098@email.com,Japan,East,07/06/2024,Gold,296.74
CUST002099,Customer 2099,customer2099@email.com,UK,Central,20/10/2024,Gold,1256.12
CUST002100,Customer 2100,customer2100@email.com,India,West,21/03/2021,Silver,2880.84
CUST002101,Customer 2101,customer2101@email.com,Japan,West,26/07/2021,Bronze,972.67
CUST002102,Customer 2102,customer2102@email.com,Germany,North,11/01/2024,Silver,1031.75
CUST002103,Customer 2103,customer2103@email.com,USA,South,12/03/2023,Platinum,243.18
CUST002104,Customer 2104,customer2104@email.com,Japan,North,20/09/2024,Silver,529.84
CUST002105,Customer 2105,customer2105@email.com,India,East,26/03/2022,Bronze,134.81
CUST002106,Customer 2106,customer2106@email.com,India,Central,20/09/2024,Platinum,149.86
CUST002107,Customer 2107,customer2107@email.com,Japan,West,05/06/2021,Platinum,3502.88
CUST002108,Customer 2108,customer2108@email.com,Canada,North,22/06/2021,Bronze,297.74
CUST002109,Customer 2109,customer2109@email.com,UK,East,31/05/2021,Bronze,789.53
CUST002110,Customer 2110,customer2110@email.com,USA,East,26/08/2022,Platinum,921.67
CUST002111,Customer 2111,customer2111@email.com,USA,West,11/09/2026,Platinum,1076.05
CUST002112,Customer 2112,customer2112@email.com,France,West,31/03/2023,Bronze,3122.07
CUST002113,Customer 2113,customer2113@email.com,Germany,Central,22/10/2024,Silver,238.2
CUST002114,Customer 2114,customer2114@email.com,UK,South,25/09/2025,Gold,120.59
CUST002115,Customer 2115,customer2115@email.com,France,South,16/04/2021,Platinum,364.83
CUST002116,Customer 2116,customer2116@email.com,India,North,23/03/2022,Silver,169.68
CUST002117,Customer 2117,customer2117@email.com,UK,South,11/02/2022,Bronze,111.34
CUST002118,Customer 2118,customer2118@email.com,Australia,North,25/06/2021,Gold,323.48
CUST002119,Customer 2119,customer2119@email.com,UK,West,26/02/2022,Bronze,865.63
CUST002120,Customer 2120,customer2120@email.com,Germany,North,30/11/2026,Bronze,517.56
CUST002121,Customer 2121,customer2121@email.com,Australia,Central,06/04/2024,Gold,287.55
CUST002122,Customer 2122,customer2122@email.com,Germany,East,05/08/2022,Platinum,631.15
CUST002123,Customer 2123,customer2123@email.com,USA,Central,16/05/2025,Platinum,231.99
CUST002124,Customer 2124,customer2124@email.com,France,North,30/07/2020,Gold,107.24
CUST002125,Customer 2125,customer2125@email.com,France,East,29/01/2024,Platinum,822.71
CUST002126,Customer 2126,customer2126@email.com,Japan,North,08/10/2022,Silver,588.74
CUST002127,Customer 2127,customer2127@email.com,USA,North,16/06/2020,Gold,818.38
CUST002128,Customer 2128,customer2128@email.com,France,West,18/05/2022,Gold,119.86
CUST002129,Customer 2129,customer2129@email.com,Canada,West,20/10/2026,Silver,1007.37
CUST002130,Customer 2130,customer2130@email.com,India,East,30/10/2022,Gold,583.17
CUST002131,Customer 2131,customer2131@email.com,Canada,North,31/05/2023,Bronze,514.36
CUST002132,Customer 2132,customer2132@email.com,UK,East,10/03/2026,Gold,589.9
CUST002133,Customer 2133,customer2133@email.com,Japan,South,20/01/2024,Gold,1099.15
CUST002134,Customer 2134,customer2134@email.com,Australia,North,10/05/2022,Bronze,542.08
CUST002135,Customer 2135,customer2135@email.com,Canada,North,18/06/2021,Silver,534.88
CUST002136,Customer 2136,customer2136@email.com,India,North,01/03/2022,Bronze,2437.75
CUST002137,Customer 2137,customer2137@email.com,Japan,East,16/02/2026,Platinum,806.79
CUST002138,Customer 2138,customer2138@email.com,UK,North,07/04/2022,Silver,391.96
CUST002139,Customer 2139,customer2139@email.com,Australia,Central,24/02/2022,Gold,714.47
CUST002140,Customer 2140,customer2140@email.com,Japan,East,14/04/2026,Platinum,346.52
CUST002141,Customer 2141,customer2141@email.com,Australia,North,25/04/2021,Platinum,229.95
CUST002142,Customer 2142,customer2142@email.com,USA,South,12/09/2024,Gold,554.23
CUST002143,Customer 2143,customer2143@email.com,France,North,12/06/2021,Bronze,1416.81
CUST002144,Customer 2144,customer2144@email.com,Australia,West,18/02/2022,Bronze,1423.52
CUST002145,Customer 2145,customer2145@email.com,India,Central,08/11/2021,Platinum,309.2
CUST002146,Customer 2146,customer2146@email.com,Australia,West,22/04/2026,Gold,475.05
CUST002147,Customer 2147,customer2147@email.com,UK,North,27/04/2022,Silver,218.9
CUST002148,Customer 2148,customer2148@email.com,Germany,Central,31/05/2026,Bronze,2816.62
CUST002149,Customer 2149,customer2149@email.com,India,Central,01/10/2025,Gold,2084.77
CUST002150,Customer 2150,customer2150@email.com,Germany,East,27/05/2023,Gold,624.21
CUST002151,Customer 2151,customer2151@email.com,Canada,South,11/03/2026,Silver,915.88
CUST002152,Customer 2152,customer2152@email.com,Germany,East,05/07/2020,Bronze,727.81
CUST002153,Customer 2153,customer2153@email.com,France,South,29/08/2021,Gold,549.67
CUST002154,Customer 2154,customer2154@email.com,Germany,South,30/07/2020,Bronze,127.41
CUST002155,Customer 2155,customer2155@email.com,Japan,Central,06/01/2020,Gold,403.27
CUST002156,Customer 2156,customer2156@email.com,Canada,Central,22/08/2023,Gold,661.64
CUST002157,Customer 2157,customer2157@email.com,Australia,Central,01/07/2021,Gold,665.88
CUST002158,Customer 2158,customer2158@email.com,USA,North,22/08/2023,Gold,333.5
CUST002159,Customer 2159,customer2159@email.com,France,South,17/06/2022,Gold,1521.01
CUST002160,Customer 2160,customer2160@email.com,Canada,West,05/03/2020,Gold,191.58
CUST002161,Customer 2161,customer2161@email.com,Germany,West,11/10/2026,Silver,446.93
CUST002162,Customer 2162,customer2162@email.com,France,South,21/08/2023,Platinum,687.02
CUST002163,Customer 2163,customer2163@email.com,India,South,29/09/2021,Platinum,697.24
CUST002164,Customer 2164,customer2164@email.com,UK,West,18/02/2024,Bronze,622.97
CUST002165,Customer 2165,customer2165@email.com,UK,West,24/07/2025,Silver,260.99
CUST002166,Customer 2166,customer2166@email.com,Germany,Central,22/12/2021,Platinum,184.92
CUST002167,Customer 2167,customer2167@email.com,France,North,08/01/2022,Gold,605.22
CUST002168,Customer 2168,customer2168@email.com,UK,West,29/10/2021,Silver,557.27
CUST002169,Customer 2169,customer2169@email.com,UK,North,11/10/2020,Platinum,198.83
CUST002170,Customer 2170,customer2170@email.com,India,West,01/10/2022,Bronze,710.63
CUST002171,Customer 2171,customer2171@email.com,UK,North,27/11/2025,Bronze,403.64
CUST002172,Customer 2172,customer2172@email.com,Australia,North,27/03/2024,Bronze,650.95
CUST002173,Customer 2173,customer2173@email.com,USA,South,25/02/2020,Silver,1008.13
CUST002174,Customer 2174,customer2174@email.com,France,South,08/12/2020,Bronze,193
CUST002175,Customer 2175,customer2175@email.com,Canada,Central,08/02/2020,Gold,109.67
CUST002176,Customer 2176,customer2176@email.com,Germany,South,14/12/2020,Platinum,855.03
CUST002177,Customer 2177,customer2177@email.com,India,South,24/04/2026,Gold,570.42
CUST002178,Customer 2178,customer2178@email.com,India,South,20/09/2023,Silver,701.39
CUST002179,Customer 2179,customer2179@email.com,France,Central,16/08/2020,Bronze,1010.56
CUST002180,Customer 2180,customer2180@email.com,USA,North,27/03/2020,Gold,911.8
CUST002181,Customer 2181,customer2181@email.com,Australia,South,24/02/2021,Bronze,1721.07
CUST002182,Customer 2182,customer2182@email.com,USA,South,07/07/2022,Platinum,483.87
CUST002183,Customer 2183,customer2183@email.com,UK,East,27/04/2024,Gold,435.2
CUST002184,Customer 2184,customer2184@email.com,Australia,North,14/07/2022,Platinum,356.99
CUST002185,Customer 2185,customer2185@email.com,Canada,South,25/11/2021,Bronze,183.44
CUST002186,Customer 2186,customer2186@email.com,Japan,North,28/02/2023,Gold,525.03
CUST002187,Customer 2187,customer2187@email.com,Japan,North,29/04/2021,Bronze,262.18
CUST002188,Customer 2188,customer2188@email.com,UK,South,12/10/2026,Platinum,1371.1
CUST002189,Customer 2189,customer2189@email.com,Japan,Central,12/12/2025,Silver,537.56
CUST002190,Customer 2190,customer2190@email.com,UK,East,07/10/2024,Gold,549.27
CUST002191,Customer 2191,customer2191@email.com,Canada,East,27/11/2023,Platinum,319.19
CUST002192,Customer 2192,customer2192@email.com,France,North,20/02/2024,Bronze,126.69
CUST002193,Customer 2193,customer2193@email.com,UK,East,31/08/2021,Silver,116.13
CUST002194,Customer 2194,customer2194@email.com,India,West,18/05/2024,Bronze,375.25
CUST002195,Customer 2195,customer2195@email.com,Australia,East,08/04/2021,Silver,144.18
CUST002196,Customer 2196,customer2196@email.com,Japan,South,05/01/2021,Silver,566.78
CUST002197,Customer 2197,customer2197@email.com,Japan,East,26/04/2024,Platinum,1164.2
CUST002198,Customer 2198,customer2198@email.com,India,West,02/10/2024,Gold,1172.43
CUST002199,Customer 2199,customer2199@email.com,Germany,West,20/07/2021,Platinum,638
CUST002200,Customer 2200,customer2200@email.com,India,Central,28/02/2026,Platinum,218.64
CUST002201,Customer 2201,customer2201@email.com,Germany,West,21/12/2025,Bronze,1093.88
CUST002202,Customer 2202,customer2202@email.com,Australia,Central,07/07/2026,Silver,1186.19
CUST002203,Customer 2203,customer2203@email.com,Germany,East,23/12/2020,Bronze,209.48
CUST002204,Customer 2204,customer2204@email.com,USA,East,12/04/2022,Platinum,768.61
CUST002205,Customer 2205,customer2205@email.com,Canada,North,01/07/2021,Gold,268.8
CUST002206,Customer 2206,customer2206@email.com,UK,East,18/01/2024,Platinum,911.36
CUST002207,Customer 2207,customer2207@email.com,Australia,South,13/08/2021,Silver,3045.88
CUST002208,Customer 2208,customer2208@email.com,USA,South,08/07/2022,Bronze,115.24
CUST002209,Customer 2209,customer2209@email.com,Australia,North,09/08/2021,Platinum,1238.29
CUST002210,Customer 2210,customer2210@email.com,USA,North,02/03/2024,Bronze,587.27
CUST002211,Customer 2211,customer2211@email.com,UK,North,07/05/2025,Silver,1913.1
CUST002212,Customer 2212,customer2212@email.com,UK,North,05/02/2024,Silver,412.75
CUST002213,Customer 2213,customer2213@email.com,USA,Central,11/11/2020,Platinum,1039.93
CUST002214,Customer 2214,customer2214@email.com,UK,West,05/09/2021,Silver,132.21
CUST002215,Customer 2215,customer2215@email.com,France,West,30/11/2025,Platinum,304.19
CUST002216,Customer 2216,customer2216@email.com,India,North,13/10/2023,Gold,134.68
CUST002217,Customer 2217,customer2217@email.com,UK,North,31/03/2021,Bronze,1951.35
CUST002218,Customer 2218,customer2218@email.com,UK,Central,10/10/2026,Silver,949.06
CUST002219,Customer 2219,customer2219@email.com,Australia,West,14/02/2020,Platinum,1057.12
CUST002220,Customer 2220,customer2220@email.com,France,Central,19/03/2026,Gold,1490.03
CUST002221,Customer 2221,customer2221@email.com,Australia,South,20/07/2022,Gold,144.47
CUST002222,Customer 2222,customer2222@email.com,Australia,South,11/01/2021,Silver,343.55
CUST002223,Customer 2223,customer2223@email.com,USA,South,28/06/2024,Platinum,136.84
CUST002224,Customer 2224,customer2224@email.com,Canada,West,22/01/2022,Platinum,218.36
CUST002225,Customer 2225,customer2225@email.com,Australia,West,06/07/2023,Silver,230.27
CUST002226,Customer 2226,customer2226@email.com,Japan,West,11/08/2020,Silver,416.6
CUST002227,Customer 2227,customer2227@email.com,Canada,North,10/01/2023,Bronze,256.37
CUST002228,Customer 2228,customer2228@email.com,Japan,North,25/01/2024,Silver,153.22
CUST002229,Customer 2229,customer2229@email.com,UK,Central,01/03/2023,Bronze,191.66
CUST002230,Customer 2230,customer2230@email.com,Germany,Central,24/09/2020,Bronze,179.66
CUST002231,Customer 2231,customer2231@email.com,Germany,Central,20/06/2023,Silver,1907.38
CUST002232,Customer 2232,customer2232@email.com,Germany,East,12/05/2020,Bronze,812.09
CUST002233,Customer 2233,customer2233@email.com,USA,Central,24/05/2026,Platinum,1817.3
CUST002234,Customer 2234,customer2234@email.com,USA,East,06/07/2020,Bronze,389.68
CUST002235,Customer 2235,customer2235@email.com,USA,East,18/06/2023,Gold,263.12
CUST002236,Customer 2236,customer2236@email.com,Germany,East,18/06/2024,Platinum,900.47
CUST002237,Customer 2237,customer2237@email.com,UK,North,28/12/2023,Gold,297.45
CUST002238,Customer 2238,customer2238@email.com,Canada,Central,26/07/2024,Silver,277.9
CUST002239,Customer 2239,customer2239@email.com,Australia,West,07/04/2020,Bronze,232.31
CUST002240,Customer 2240,customer2240@email.com,UK,South,03/04/2023,Platinum,169.45
CUST002241,Customer 2241,customer2241@email.com,Canada,South,18/11/2020,Silver,248.17
CUST002242,Customer 2242,customer2242@email.com,UK,Central,30/07/2021,Gold,319.5
CUST002243,Customer 2243,customer2243@email.com,UK,East,06/01/2025,Gold,660.42
CUST002244,Customer 2244,customer2244@email.com,Australia,North,15/01/2024,Platinum,132.3
CUST002245,Customer 2245,customer2245@email.com,Germany,Central,06/09/2022,Bronze,218.18
CUST002246,Customer 2246,customer2246@email.com,India,North,16/09/2021,Bronze,927.8
CUST002247,Customer 2247,customer2247@email.com,France,Central,07/08/2021,Bronze,179.45
CUST002248,Customer 2248,customer2248@email.com,Canada,West,05/08/2025,Gold,309.77
CUST002249,Customer 2249,customer2249@email.com,France,South,26/11/2021,Bronze,1099.98
CUST002250,Customer 2250,customer2250@email.com,Japan,East,21/02/2023,Bronze,184.17
CUST002251,Customer 2251,customer2251@email.com,UK,West,18/10/2020,Gold,143.18
CUST002252,Customer 2252,customer2252@email.com,France,West,22/04/2025,Silver,431.35
CUST002253,Customer 2253,customer2253@email.com,India,North,22/05/2021,Gold,280.07
CUST002254,Customer 2254,customer2254@email.com,Australia,West,20/03/2023,Silver,514.38
CUST002255,Customer 2255,customer2255@email.com,Japan,Central,10/12/2024,Gold,914.32
CUST002256,Customer 2256,customer2256@email.com,Canada,West,10/03/2024,Platinum,173.76
CUST002257,Customer 2257,customer2257@email.com,USA,Central,12/12/2022,Bronze,534.58
CUST002258,Customer 2258,customer2258@email.com,USA,South,29/09/2022,Bronze,452.11
CUST002259,Customer 2259,customer2259@email.com,Australia,South,05/04/2023,Platinum,177.79
CUST002260,Customer 2260,customer2260@email.com,Germany,West,25/10/2020,Platinum,589.08
CUST002261,Customer 2261,customer2261@email.com,Japan,West,17/01/2021,Platinum,259.86
CUST002262,Customer 2262,customer2262@email.com,India,North,31/12/2025,Bronze,434.55
CUST002263,Customer 2263,customer2263@email.com,Canada,West,08/01/2022,Platinum,142.93
CUST002264,Customer 2264,customer2264@email.com,Australia,East,28/03/2022,Bronze,407.71
CUST002265,Customer 2265,customer2265@email.com,Japan,Central,23/07/2023,Platinum,282.98
CUST002266,Customer 2266,customer2266@email.com,India,North,20/05/2022,Gold,964.06
CUST002267,Customer 2267,customer2267@email.com,USA,Central,04/02/2025,Silver,129.33
CUST002268,Customer 2268,customer2268@email.com,UK,South,08/04/2025,Gold,371.16
CUST002269,Customer 2269,customer2269@email.com,USA,Central,16/05/2026,Platinum,406.64
CUST002270,Customer 2270,customer2270@email.com,Japan,West,12/09/2020,Platinum,745.5
CUST002271,Customer 2271,customer2271@email.com,USA,South,24/05/2022,Bronze,527
CUST002272,Customer 2272,customer2272@email.com,France,East,28/09/2024,Silver,650.13
CUST002273,Customer 2273,customer2273@email.com,UK,North,08/12/2020,Gold,850.4
CUST002274,Customer 2274,customer2274@email.com,Canada,East,17/07/2024,Platinum,1090.99
CUST002275,Customer 2275,customer2275@email.com,Germany,East,15/09/2024,Silver,288.35
CUST002276,Customer 2276,customer2276@email.com,Canada,West,08/08/2020,Gold,486.12
CUST002277,Customer 2277,customer2277@email.com,UK,South,01/05/2023,Gold,1016.63
CUST002278,Customer 2278,customer2278@email.com,India,West,12/09/2024,Silver,2375.87
CUST002279,Customer 2279,customer2279@email.com,Japan,Central,24/11/2024,Platinum,1201.46
CUST002280,Customer 2280,customer2280@email.com,Germany,North,10/02/2020,Silver,332.18
CUST002281,Customer 2281,customer2281@email.com,Japan,North,19/08/2023,Silver,208.56
CUST002282,Customer 2282,customer2282@email.com,UK,West,21/02/2025,Gold,436.08
CUST002283,Customer 2283,customer2283@email.com,Australia,East,10/04/2021,Bronze,776.7
CUST002284,Customer 2284,customer2284@email.com,UK,West,19/01/2025,Bronze,439.2
CUST002285,Customer 2285,customer2285@email.com,Germany,South,29/05/2020,Platinum,430.03
CUST002286,Customer 2286,customer2286@email.com,UK,Central,14/02/2026,Platinum,1010.79
CUST002287,Customer 2287,customer2287@email.com,Japan,South,04/06/2022,Silver,324.24
CUST002288,Customer 2288,customer2288@email.com,USA,East,20/06/2026,Gold,1082.32
CUST002289,Customer 2289,customer2289@email.com,France,East,07/03/2020,Bronze,361.12
CUST002290,Customer 2290,customer2290@email.com,India,West,06/08/2025,Platinum,298.92
CUST002291,Customer 2291,customer2291@email.com,Japan,Central,11/12/2023,Platinum,402.56
CUST002292,Customer 2292,customer2292@email.com,Japan,North,12/11/2025,Silver,818.68
CUST002293,Customer 2293,customer2293@email.com,Australia,East,22/02/2025,Silver,167.34
CUST002294,Customer 2294,customer2294@email.com,UK,Central,14/03/2026,Platinum,209.34
CUST002295,Customer 2295,customer2295@email.com,France,West,11/04/2024,Gold,1612.53
CUST002296,Customer 2296,customer2296@email.com,Canada,North,16/12/2026,Bronze,196.48
CUST002297,Customer 2297,customer2297@email.com,USA,Central,02/01/2021,Platinum,519.35
CUST002298,Customer 2298,customer2298@email.com,India,Central,28/02/2021,Bronze,532.93
CUST002299,Customer 2299,customer2299@email.com,USA,East,24/12/2024,Platinum,436.3
CUST002300,Customer 2300,customer2300@email.com,Germany,West,17/05/2022,Platinum,617.46
CUST002301,Customer 2301,customer2301@email.com,Germany,West,13/04/2021,Bronze,230.57
CUST002302,Customer 2302,customer2302@email.com,India,West,07/12/2023,Platinum,502.22
CUST002303,Customer 2303,customer2303@email.com,Japan,South,01/02/2020,Gold,332.75
CUST002304,Customer 2304,customer2304@email.com,France,East,01/01/2023,Platinum,641.86
CUST002305,Customer 2305,customer2305@email.com,USA,West,16/09/2022,Bronze,176.12
CUST002306,Customer 2306,customer2306@email.com,USA,South,04/03/2020,Gold,523.01
CUST002307,Customer 2307,customer2307@email.com,Japan,East,26/10/2025,Silver,202.45
CUST002308,Customer 2308,customer2308@email.com,Australia,South,01/06/2026,Platinum,263.31
CUST002309,Customer 2309,customer2309@email.com,Australia,North,28/02/2022,Platinum,223.4
CUST002310,Customer 2310,customer2310@email.com,Australia,South,11/06/2021,Platinum,200.96
CUST002311,Customer 2311,customer2311@email.com,UK,West,27/07/2023,Silver,973.52
CUST002312,Customer 2312,customer2312@email.com,UK,Central,11/02/2021,Bronze,268.23
CUST002313,Customer 2313,customer2313@email.com,Australia,East,21/06/2026,Silver,1409.5
CUST002314,Customer 2314,customer2314@email.com,Germany,North,13/08/2023,Bronze,1852.06
CUST002315,Customer 2315,customer2315@email.com,Australia,North,15/04/2020,Silver,523.45
CUST002316,Customer 2316,customer2316@email.com,Canada,Central,23/04/2020,Platinum,177.16
CUST002317,Customer 2317,customer2317@email.com,UK,West,13/04/2020,Gold,334.64
CUST002318,Customer 2318,customer2318@email.com,Germany,South,03/02/2022,Gold,899.08
CUST002319,Customer 2319,customer2319@email.com,Germany,West,04/03/2022,Gold,328.95
CUST002320,Customer 2320,customer2320@email.com,France,North,30/07/2020,Silver,145.52
CUST002321,Customer 2321,customer2321@email.com,Canada,North,04/04/2020,Platinum,506.85
CUST002322,Customer 2322,customer2322@email.com,Canada,North,06/09/2026,Silver,1032.56
CUST002323,Customer 2323,customer2323@email.com,France,South,02/03/2023,Bronze,894.64
CUST002324,Customer 2324,customer2324@email.com,India,East,12/11/2020,Silver,196.26
CUST002325,Customer 2325,customer2325@email.com,Canada,West,19/05/2024,Bronze,658.54
CUST002326,Customer 2326,customer2326@email.com,Canada,West,21/08/2024,Bronze,224.55
CUST002327,Customer 2327,customer2327@email.com,Australia,West,11/05/2022,Gold,223.08
CUST002328,Customer 2328,customer2328@email.com,UK,South,20/01/2025,Gold,1136.02
CUST002329,Customer 2329,customer2329@email.com,UK,Central,11/02/2020,Bronze,243.62
CUST002330,Customer 2330,customer2330@email.com,Japan,East,25/04/2021,Platinum,252.75
CUST002331,Customer 2331,customer2331@email.com,USA,South,19/11/2026,Gold,100.33
CUST002332,Customer 2332,customer2332@email.com,Germany,Central,13/05/2021,Bronze,1122.69
CUST002333,Customer 2333,customer2333@email.com,USA,Central,04/01/2026,Silver,886.54
CUST002334,Customer 2334,customer2334@email.com,Japan,North,04/06/2022,Silver,593.53
CUST002335,Customer 2335,customer2335@email.com,Japan,South,30/04/2020,Silver,793.68
CUST002336,Customer 2336,customer2336@email.com,UK,East,07/12/2020,Gold,182.47
CUST002337,Customer 2337,customer2337@email.com,Germany,North,26/05/2025,Gold,406.54
CUST002338,Customer 2338,customer2338@email.com,France,West,08/03/2026,Platinum,316.33
CUST002339,Customer 2339,customer2339@email.com,Australia,South,21/11/2024,Gold,149.23
CUST002340,Customer 2340,customer2340@email.com,Germany,East,09/12/2021,Platinum,432.89
CUST002341,Customer 2341,customer2341@email.com,France,South,25/02/2021,Silver,1367.51
CUST002342,Customer 2342,customer2342@email.com,Australia,West,21/06/2025,Platinum,120.44
CUST002343,Customer 2343,customer2343@email.com,France,East,08/09/2026,Bronze,272.28
CUST002344,Customer 2344,customer2344@email.com,Australia,West,23/10/2026,Silver,216.31
CUST002345,Customer 2345,customer2345@email.com,Japan,East,12/05/2026,Bronze,236
CUST002346,Customer 2346,customer2346@email.com,UK,North,14/01/2025,Gold,1295.35
CUST002347,Customer 2347,customer2347@email.com,Australia,East,31/07/2026,Gold,415.62
CUST002348,Customer 2348,customer2348@email.com,USA,North,19/06/2024,Silver,413.96
CUST002349,Customer 2349,customer2349@email.com,Australia,South,14/08/2023,Gold,814.76
CUST002350,Customer 2350,customer2350@email.com,Canada,South,01/10/2022,Gold,183.91
CUST002351,Customer 2351,customer2351@email.com,UK,East,03/03/2024,Bronze,434
CUST002352,Customer 2352,customer2352@email.com,Japan,North,09/02/2020,Gold,381.05
CUST002353,Customer 2353,customer2353@email.com,India,Central,25/05/2022,Gold,554.3
CUST002354,Customer 2354,customer2354@email.com,Canada,West,10/08/2022,Gold,3961.76
CUST002355,Customer 2355,customer2355@email.com,Germany,Central,30/09/2026,Silver,833.64
CUST002356,Customer 2356,customer2356@email.com,France,Central,25/02/2021,Bronze,353.64
CUST002357,Customer 2357,customer2357@email.com,Australia,West,08/06/2026,Gold,978.83
CUST002358,Customer 2358,customer2358@email.com,Germany,South,04/08/2023,Bronze,193.59
CUST002359,Customer 2359,customer2359@email.com,India,North,16/07/2025,Gold,115.47
CUST002360,Customer 2360,customer2360@email.com,Canada,North,21/09/2024,Platinum,214.36
CUST002361,Customer 2361,customer2361@email.com,Japan,Central,01/12/2021,Platinum,308.07
CUST002362,Customer 2362,customer2362@email.com,USA,East,26/08/2022,Bronze,457.27
CUST002363,Customer 2363,customer2363@email.com,USA,West,16/06/2026,Gold,577.42
CUST002364,Customer 2364,customer2364@email.com,Australia,North,20/06/2021,Bronze,1307.35
CUST002365,Customer 2365,customer2365@email.com,USA,North,13/10/2023,Platinum,456.53
CUST002366,Customer 2366,customer2366@email.com,Australia,East,24/01/2021,Gold,447.85
CUST002367,Customer 2367,customer2367@email.com,Japan,West,23/07/2023,Bronze,125.77
CUST002368,Customer 2368,customer2368@email.com,Japan,West,29/03/2026,Bronze,117.77
CUST002369,Customer 2369,customer2369@email.com,France,West,30/05/2024,Platinum,500.54
CUST002370,Customer 2370,customer2370@email.com,Japan,Central,12/05/2021,Bronze,388.29
CUST002371,Customer 2371,customer2371@email.com,Germany,North,29/04/2020,Bronze,1013.74
CUST002372,Customer 2372,customer2372@email.com,Canada,East,22/07/2021,Platinum,187.58
CUST002373,Customer 2373,customer2373@email.com,UK,North,16/07/2022,Silver,112.64
CUST002374,Customer 2374,customer2374@email.com,USA,North,19/02/2024,Gold,398.05
CUST002375,Customer 2375,customer2375@email.com,Canada,North,25/06/2020,Gold,235.56
CUST002376,Customer 2376,customer2376@email.com,France,East,03/11/2020,Platinum,125.44
CUST002377,Customer 2377,customer2377@email.com,UK,South,10/01/2023,Platinum,744.76
CUST002378,Customer 2378,customer2378@email.com,UK,East,06/05/2021,Silver,159.16
CUST002379,Customer 2379,customer2379@email.com,Australia,West,20/07/2026,Bronze,568.65
CUST002380,Customer 2380,customer2380@email.com,Germany,Central,07/11/2025,Platinum,264.98
CUST002381,Customer 2381,customer2381@email.com,France,East,30/06/2025,Platinum,195.28
CUST002382,Customer 2382,customer2382@email.com,Canada,East,14/07/2022,Gold,338.82
CUST002383,Customer 2383,customer2383@email.com,Japan,Central,05/12/2020,Silver,908.35
CUST002384,Customer 2384,customer2384@email.com,Canada,North,23/04/2022,Platinum,348.87
CUST002385,Customer 2385,customer2385@email.com,Germany,North,03/09/2020,Silver,794.69
CUST002386,Customer 2386,customer2386@email.com,Australia,South,01/04/2025,Platinum,167.04
CUST002387,Customer 2387,customer2387@email.com,Japan,South,04/03/2021,Gold,840.9
CUST002388,Customer 2388,customer2388@email.com,India,South,01/07/2023,Bronze,235.2
CUST002389,Customer 2389,customer2389@email.com,Germany,East,16/06/2021,Platinum,665.66
CUST002390,Customer 2390,customer2390@email.com,Germany,West,27/01/2025,Silver,517.1
CUST002391,Customer 2391,customer2391@email.com,France,West,08/10/2020,Silver,1423.56
CUST002392,Customer 2392,customer2392@email.com,Canada,South,12/06/2023,Platinum,344.96
CUST002393,Customer 2393,customer2393@email.com,Canada,South,14/03/2021,Bronze,134.23
CUST002394,Customer 2394,customer2394@email.com,UK,East,02/03/2025,Bronze,109.67
CUST002395,Customer 2395,customer2395@email.com,India,East,04/05/2025,Gold,976.82
CUST002396,Customer 2396,customer2396@email.com,Canada,East,29/04/2021,Platinum,471.94
CUST002397,Customer 2397,customer2397@email.com,UK,West,18/05/2022,Platinum,846.37
CUST002398,Customer 2398,customer2398@email.com,Japan,North,11/09/2025,Platinum,233.56
CUST002399,Customer 2399,customer2399@email.com,Japan,North,21/01/2023,Bronze,311.62
CUST002400,Customer 2400,customer2400@email.com,Australia,South,15/04/2024,Gold,115.28
CUST002401,Customer 2401,customer2401@email.com,Australia,South,14/02/2022,Gold,1728.45
CUST002402,Customer 2402,customer2402@email.com,India,Central,09/12/2025,Platinum,651.11
CUST002403,Customer 2403,customer2403@email.com,USA,South,23/03/2021,Bronze,1453.06
CUST002404,Customer 2404,customer2404@email.com,Canada,North,18/06/2022,Bronze,254.28
CUST002405,Customer 2405,customer2405@email.com,France,South,14/06/2026,Bronze,572.68
CUST002406,Customer 2406,customer2406@email.com,Canada,East,19/12/2025,Silver,667.38
CUST002407,Customer 2407,customer2407@email.com,Australia,West,15/12/2026,Platinum,291.03
CUST002408,Customer 2408,customer2408@email.com,Germany,East,18/02/2021,Platinum,1042.3
CUST002409,Customer 2409,customer2409@email.com,UK,South,22/04/2022,Gold,1570.26
CUST002410,Customer 2410,customer2410@email.com,France,North,25/03/2023,Bronze,1180.78
CUST002411,Customer 2411,customer2411@email.com,India,East,28/01/2022,Silver,771.75
CUST002412,Customer 2412,customer2412@email.com,Japan,North,28/11/2021,Silver,262.49
CUST002413,Customer 2413,customer2413@email.com,Japan,West,06/02/2022,Silver,265.38
CUST002414,Customer 2414,customer2414@email.com,India,West,22/02/2020,Gold,1753.31
CUST002415,Customer 2415,customer2415@email.com,UK,East,26/03/2020,Bronze,105.17
CUST002416,Customer 2416,customer2416@email.com,USA,Central,30/11/2021,Gold,729.48
CUST002417,Customer 2417,customer2417@email.com,USA,West,24/04/2025,Silver,712.51
CUST002418,Customer 2418,customer2418@email.com,Canada,North,19/04/2025,Bronze,587.34
CUST002419,Customer 2419,customer2419@email.com,France,South,12/05/2026,Silver,2408.06
CUST002420,Customer 2420,customer2420@email.com,Canada,North,23/08/2021,Gold,286.9
CUST002421,Customer 2421,customer2421@email.com,India,West,06/10/2023,Gold,307.74
CUST002422,Customer 2422,customer2422@email.com,France,West,13/02/2026,Gold,141.11
CUST002423,Customer 2423,customer2423@email.com,India,North,01/02/2024,Gold,392.41
CUST002424,Customer 2424,customer2424@email.com,Japan,Central,18/05/2023,Platinum,251.26
CUST002425,Customer 2425,customer2425@email.com,France,Central,06/04/2021,Bronze,310.33
CUST002426,Customer 2426,customer2426@email.com,Australia,South,28/08/2021,Silver,999.61
CUST002427,Customer 2427,customer2427@email.com,India,North,03/01/2024,Silver,1470.42
CUST002428,Customer 2428,customer2428@email.com,Australia,East,23/06/2026,Silver,202.73
CUST002429,Customer 2429,customer2429@email.com,Germany,West,31/12/2020,Bronze,333.01
CUST002430,Customer 2430,customer2430@email.com,India,Central,26/01/2023,Silver,1419.94
CUST002431,Customer 2431,customer2431@email.com,Japan,East,22/12/2022,Platinum,131.9
CUST002432,Customer 2432,customer2432@email.com,Australia,East,10/08/2026,Gold,148.45
CUST002433,Customer 2433,customer2433@email.com,USA,Central,19/02/2022,Gold,188.84
CUST002434,Customer 2434,customer2434@email.com,Canada,West,13/11/2026,Platinum,552.2
CUST002435,Customer 2435,customer2435@email.com,Japan,East,10/05/2026,Bronze,181.54
CUST002436,Customer 2436,customer2436@email.com,India,South,04/02/2020,Platinum,1822.2
CUST002437,Customer 2437,customer2437@email.com,France,Central,07/09/2021,Silver,395.94
CUST002438,Customer 2438,customer2438@email.com,India,East,28/05/2023,Bronze,448.09
CUST002439,Customer 2439,customer2439@email.com,USA,West,22/04/2023,Bronze,241.62
CUST002440,Customer 2440,customer2440@email.com,France,Central,09/06/2022,Bronze,418.35
CUST002441,Customer 2441,customer2441@email.com,India,East,05/08/2020,Bronze,642.23
CUST002442,Customer 2442,customer2442@email.com,Japan,North,28/10/2024,Bronze,795.51
CUST002443,Customer 2443,customer2443@email.com,UK,East,26/10/2022,Gold,800.94
CUST002444,Customer 2444,customer2444@email.com,UK,North,18/08/2025,Gold,531.25
CUST002445,Customer 2445,customer2445@email.com,Germany,West,07/08/2021,Bronze,1273.58
CUST002446,Customer 2446,customer2446@email.com,Germany,North,06/04/2023,Platinum,950.25
CUST002447,Customer 2447,customer2447@email.com,Germany,West,23/12/2023,Platinum,807.45
CUST002448,Customer 2448,customer2448@email.com,Canada,East,22/06/2024,Gold,128.61
CUST002449,Customer 2449,customer2449@email.com,France,South,11/09/2026,Platinum,103.45
CUST002450,Customer 2450,customer2450@email.com,UK,South,13/08/2023,Gold,219.41
CUST002451,Customer 2451,customer2451@email.com,Australia,Central,09/07/2021,Silver,644.61
CUST002452,Customer 2452,customer2452@email.com,France,North,18/05/2023,Gold,364.83
CUST002453,Customer 2453,customer2453@email.com,India,Central,10/05/2026,Silver,357.42
CUST002454,Customer 2454,customer2454@email.com,Australia,North,19/03/2024,Silver,1179.62
CUST002455,Customer 2455,customer2455@email.com,India,East,26/11/2025,Gold,1229.58
CUST002456,Customer 2456,customer2456@email.com,Japan,West,02/04/2025,Platinum,1299.41
CUST002457,Customer 2457,customer2457@email.com,Australia,West,18/09/2024,Bronze,288.35
CUST002458,Customer 2458,customer2458@email.com,USA,West,08/04/2026,Bronze,687.3
CUST002459,Customer 2459,customer2459@email.com,France,South,29/07/2021,Gold,258.48
CUST002460,Customer 2460,customer2460@email.com,France,North,05/06/2021,Platinum,205.74
CUST002461,Customer 2461,customer2461@email.com,Australia,North,30/05/2021,Platinum,202.06
CUST002462,Customer 2462,customer2462@email.com,India,North,22/10/2025,Bronze,309.36
CUST002463,Customer 2463,customer2463@email.com,France,North,12/08/2020,Gold,381.02
CUST002464,Customer 2464,customer2464@email.com,Canada,East,31/08/2026,Platinum,988.78
CUST002465,Customer 2465,customer2465@email.com,USA,North,19/09/2023,Bronze,163.85
CUST002466,Customer 2466,customer2466@email.com,UK,Central,19/04/2022,Platinum,763.87
CUST002467,Customer 2467,customer2467@email.com,Germany,South,12/07/2021,Gold,479.06
CUST002468,Customer 2468,customer2468@email.com,USA,West,27/06/2023,Silver,269.8
CUST002469,Customer 2469,customer2469@email.com,Canada,North,14/04/2021,Silver,439.44
CUST002470,Customer 2470,customer2470@email.com,Canada,Central,09/10/2026,Bronze,278.3
CUST002471,Customer 2471,customer2471@email.com,Germany,North,09/10/2022,Platinum,553.27
CUST002472,Customer 2472,customer2472@email.com,India,West,10/04/2020,Bronze,384.44
CUST002473,Customer 2473,customer2473@email.com,France,West,13/05/2021,Platinum,189.81
CUST002474,Customer 2474,customer2474@email.com,Germany,Central,23/01/2022,Gold,161.98
CUST002475,Customer 2475,customer2475@email.com,India,Central,14/11/2026,Bronze,495.6
CUST002476,Customer 2476,customer2476@email.com,UK,North,05/11/2024,Silver,1263.51
CUST002477,Customer 2477,customer2477@email.com,Germany,South,03/08/2021,Silver,310.76
CUST002478,Customer 2478,customer2478@email.com,India,East,04/05/2025,Gold,760.25
CUST002479,Customer 2479,customer2479@email.com,India,East,13/02/2021,Gold,637.44
CUST002480,Customer 2480,customer2480@email.com,Australia,North,21/05/2024,Platinum,1440.86
CUST002481,Customer 2481,customer2481@email.com,Australia,South,03/09/2024,Bronze,960.13
CUST002482,Customer 2482,customer2482@email.com,India,North,06/03/2023,Platinum,518.05
CUST002483,Customer 2483,customer2483@email.com,France,North,15/02/2020,Platinum,635.06
CUST002484,Customer 2484,customer2484@email.com,Japan,South,23/06/2020,Platinum,1243.29
CUST002485,Customer 2485,customer2485@email.com,France,North,20/02/2025,Silver,355.01
CUST002486,Customer 2486,customer2486@email.com,Germany,East,05/01/2024,Platinum,297.85
CUST002487,Customer 2487,customer2487@email.com,Canada,South,02/10/2025,Silver,105.43
CUST002488,Customer 2488,customer2488@email.com,Japan,West,12/12/2023,Silver,975.94
CUST002489,Customer 2489,customer2489@email.com,France,West,14/02/2023,Bronze,907.18
CUST002490,Customer 2490,customer2490@email.com,Australia,West,04/06/2025,Silver,155.16
CUST002491,Customer 2491,customer2491@email.com,France,South,17/06/2026,Gold,530.02
CUST002492,Customer 2492,customer2492@email.com,Japan,Central,08/08/2026,Platinum,411.79
CUST002493,Customer 2493,customer2493@email.com,USA,North,03/10/2020,Silver,163.18
CUST002494,Customer 2494,customer2494@email.com,Canada,North,07/08/2022,Platinum,2070.42
CUST002495,Customer 2495,customer2495@email.com,Japan,South,05/05/2025,Silver,220.84
CUST002496,Customer 2496,customer2496@email.com,UK,West,07/03/2021,Platinum,134.8
CUST002497,Customer 2497,customer2497@email.com,USA,Central,20/09/2020,Gold,551.75
CUST002498,Customer 2498,customer2498@email.com,USA,North,13/04/2021,Platinum,771.36
CUST002499,Customer 2499,customer2499@email.com,USA,South,13/03/2024,Gold,116.49
CUST002500,Customer 2500,customer2500@email.com,India,West,16/03/2021,Silver,637.52
CUST002501,Customer 2501,customer2501@email.com,Germany,South,08/06/2026,Gold,479.96
CUST002502,Customer 2502,customer2502@email.com,India,East,04/07/2025,Silver,154.5
CUST002503,Customer 2503,customer2503@email.com,UK,West,04/04/2022,Silver,194.69
CUST002504,Customer 2504,customer2504@email.com,USA,North,18/12/2020,Silver,519.64
CUST002505,Customer 2505,customer2505@email.com,UK,North,16/05/2020,Gold,275.74
CUST002506,Customer 2506,customer2506@email.com,Canada,East,29/07/2024,Silver,1492.86
CUST002507,Customer 2507,customer2507@email.com,India,South,03/12/2025,Silver,953.91
CUST002508,Customer 2508,customer2508@email.com,India,Central,25/05/2026,Gold,2154.24
CUST002509,Customer 2509,customer2509@email.com,UK,North,31/12/2023,Platinum,250.33
CUST002510,Customer 2510,customer2510@email.com,Australia,North,17/10/2024,Bronze,1848.69
CUST002511,Customer 2511,customer2511@email.com,France,North,04/06/2021,Bronze,382.14
CUST002512,Customer 2512,customer2512@email.com,Germany,North,04/08/2025,Gold,313.49
CUST002513,Customer 2513,customer2513@email.com,Germany,East,02/04/2020,Gold,125.83
CUST002514,Customer 2514,customer2514@email.com,Japan,North,18/05/2024,Silver,127.1
CUST002515,Customer 2515,customer2515@email.com,Canada,Central,25/03/2023,Silver,688.85
CUST002516,Customer 2516,customer2516@email.com,France,West,21/10/2025,Bronze,406.18
CUST002517,Customer 2517,customer2517@email.com,Canada,Central,14/02/2026,Platinum,228.43
CUST002518,Customer 2518,customer2518@email.com,USA,North,13/12/2022,Gold,575.92
CUST002519,Customer 2519,customer2519@email.com,France,South,22/09/2024,Gold,245.75
CUST002520,Customer 2520,customer2520@email.com,UK,South,31/08/2020,Gold,530.94
CUST002521,Customer 2521,customer2521@email.com,Germany,West,12/09/2020,Bronze,322.53
CUST002522,Customer 2522,customer2522@email.com,USA,East,28/04/2026,Bronze,967.37
CUST002523,Customer 2523,customer2523@email.com,Canada,Central,31/08/2024,Platinum,959.34
CUST002524,Customer 2524,customer2524@email.com,France,North,14/06/2021,Bronze,424.42
CUST002525,Customer 2525,customer2525@email.com,India,Central,25/05/2020,Silver,316.02
CUST002526,Customer 2526,customer2526@email.com,Australia,West,05/12/2023,Gold,325.15
CUST002527,Customer 2527,customer2527@email.com,USA,North,21/07/2022,Bronze,919.21
CUST002528,Customer 2528,customer2528@email.com,Australia,North,14/03/2022,Platinum,298.88
CUST002529,Customer 2529,customer2529@email.com,Australia,West,01/08/2020,Silver,217.27
CUST002530,Customer 2530,customer2530@email.com,Australia,Central,26/10/2024,Silver,144.25
CUST002531,Customer 2531,customer2531@email.com,India,North,18/04/2021,Gold,414.33
CUST002532,Customer 2532,customer2532@email.com,Germany,East,11/12/2023,Platinum,429.02
CUST002533,Customer 2533,customer2533@email.com,Germany,South,25/08/2020,Bronze,1019.14
CUST002534,Customer 2534,customer2534@email.com,USA,South,07/08/2026,Platinum,225.03
CUST002535,Customer 2535,customer2535@email.com,USA,North,05/01/2026,Silver,339.82
CUST002536,Customer 2536,customer2536@email.com,Canada,North,20/08/2020,Silver,926.19
CUST002537,Customer 2537,customer2537@email.com,UK,East,01/12/2024,Bronze,967.57
CUST002538,Customer 2538,customer2538@email.com,Japan,Central,10/07/2023,Silver,342.75
CUST002539,Customer 2539,customer2539@email.com,UK,Central,12/04/2023,Platinum,407.28
CUST002540,Customer 2540,customer2540@email.com,Canada,North,14/05/2025,Bronze,280.69
CUST002541,Customer 2541,customer2541@email.com,Germany,West,21/10/2022,Gold,1448.22
CUST002542,Customer 2542,customer2542@email.com,India,East,21/06/2022,Gold,163.15
CUST002543,Customer 2543,customer2543@email.com,France,South,08/03/2026,Gold,1457.16
CUST002544,Customer 2544,customer2544@email.com,Canada,North,30/07/2023,Gold,675.8
CUST002545,Customer 2545,customer2545@email.com,India,East,09/08/2024,Bronze,479.19
CUST002546,Customer 2546,customer2546@email.com,UK,Central,13/04/2022,Silver,116.6
CUST002547,Customer 2547,customer2547@email.com,Germany,North,03/06/2023,Gold,422.75
CUST002548,Customer 2548,customer2548@email.com,USA,South,04/08/2021,Platinum,361.91
CUST002549,Customer 2549,customer2549@email.com,Canada,North,01/02/2025,Platinum,187.9
CUST002550,Customer 2550,customer2550@email.com,France,East,18/05/2020,Platinum,634.15
CUST002551,Customer 2551,customer2551@email.com,Canada,North,15/05/2023,Gold,1872.84
CUST002552,Customer 2552,customer2552@email.com,Australia,West,02/11/2026,Bronze,512.98
CUST002553,Customer 2553,customer2553@email.com,Australia,West,16/04/2024,Bronze,727.2
CUST002554,Customer 2554,customer2554@email.com,Germany,West,08/07/2022,Silver,135.45
CUST002555,Customer 2555,customer2555@email.com,USA,East,31/10/2024,Bronze,370.36
CUST002556,Customer 2556,customer2556@email.com,Japan,North,27/01/2026,Gold,161.85
CUST002557,Customer 2557,customer2557@email.com,Germany,North,11/12/2022,Gold,574.4
CUST002558,Customer 2558,customer2558@email.com,Australia,West,20/12/2026,Bronze,1494.21
CUST002559,Customer 2559,customer2559@email.com,Australia,East,23/03/2021,Platinum,642.03
CUST002560,Customer 2560,customer2560@email.com,France,South,02/10/2024,Platinum,139.96
CUST002561,Customer 2561,customer2561@email.com,Germany,South,29/03/2025,Bronze,318.99
CUST002562,Customer 2562,customer2562@email.com,France,North,23/02/2023,Silver,499.99
CUST002563,Customer 2563,customer2563@email.com,France,East,01/02/2026,Platinum,358.09
CUST002564,Customer 2564,customer2564@email.com,France,East,07/06/2020,Gold,996.81
CUST002565,Customer 2565,customer2565@email.com,USA,North,23/10/2022,Gold,942.81
CUST002566,Customer 2566,customer2566@email.com,Japan,East,17/05/2026,Silver,573.16
CUST002567,Customer 2567,customer2567@email.com,India,North,22/12/2024,Platinum,333.77
CUST002568,Customer 2568,customer2568@email.com,India,North,06/02/2020,Gold,247.41
CUST002569,Customer 2569,customer2569@email.com,Germany,West,20/05/2025,Bronze,155.95
CUST002570,Customer 2570,customer2570@email.com,Canada,East,01/07/2026,Gold,319.17
CUST002571,Customer 2571,customer2571@email.com,India,South,19/09/2020,Gold,366.51
CUST002572,Customer 2572,customer2572@email.com,France,West,05/02/2023,Silver,663.23
CUST002573,Customer 2573,customer2573@email.com,UK,South,20/07/2022,Bronze,636.71
CUST002574,Customer 2574,customer2574@email.com,Canada,North,11/08/2022,Silver,136.34
CUST002575,Customer 2575,customer2575@email.com,India,Central,06/09/2025,Gold,351.48
CUST002576,Customer 2576,customer2576@email.com,Germany,North,20/06/2020,Gold,200.31
CUST002577,Customer 2577,customer2577@email.com,USA,East,20/11/2022,Bronze,185.28
CUST002578,Customer 2578,customer2578@email.com,Germany,East,25/09/2026,Bronze,978.11
CUST002579,Customer 2579,customer2579@email.com,India,North,13/11/2020,Bronze,121.41
CUST002580,Customer 2580,customer2580@email.com,Germany,East,28/08/2022,Gold,371.66
CUST002581,Customer 2581,customer2581@email.com,Canada,West,30/08/2024,Gold,192.08
CUST002582,Customer 2582,customer2582@email.com,USA,East,09/08/2021,Gold,1157.35
CUST002583,Customer 2583,customer2583@email.com,Australia,East,04/10/2023,Platinum,507.14
CUST002584,Customer 2584,customer2584@email.com,USA,South,19/04/2023,Gold,231.58
CUST002585,Customer 2585,customer2585@email.com,France,South,01/07/2020,Bronze,449.01
CUST002586,Customer 2586,customer2586@email.com,Germany,East,11/03/2021,Gold,757.43
CUST002587,Customer 2587,customer2587@email.com,Australia,Central,30/05/2022,Bronze,1686.45
CUST002588,Customer 2588,customer2588@email.com,Australia,North,06/09/2021,Bronze,224.52
CUST002589,Customer 2589,customer2589@email.com,Australia,Central,08/07/2022,Bronze,1186.58
CUST002590,Customer 2590,customer2590@email.com,USA,Central,01/12/2025,Platinum,1461.36
CUST002591,Customer 2591,customer2591@email.com,India,East,18/11/2025,Gold,1340.98
CUST002592,Customer 2592,customer2592@email.com,France,South,09/03/2022,Gold,604.5
CUST002593,Customer 2593,customer2593@email.com,Japan,South,22/09/2022,Platinum,596.88
CUST002594,Customer 2594,customer2594@email.com,Canada,South,13/07/2023,Platinum,358.1
CUST002595,Customer 2595,customer2595@email.com,Japan,North,06/08/2024,Gold,797.97
CUST002596,Customer 2596,customer2596@email.com,Canada,East,14/04/2026,Platinum,478.89
CUST002597,Customer 2597,customer2597@email.com,Germany,West,14/10/2026,Platinum,665.73
CUST002598,Customer 2598,customer2598@email.com,UK,Central,30/07/2022,Silver,379.71
CUST002599,Customer 2599,customer2599@email.com,UK,Central,27/07/2024,Gold,757.45
CUST002600,Customer 2600,customer2600@email.com,Japan,East,21/03/2023,Bronze,969.98
CUST002601,Customer 2601,customer2601@email.com,Australia,West,29/11/2020,Silver,179.17
CUST002602,Customer 2602,customer2602@email.com,India,South,17/06/2026,Silver,994.67
CUST002603,Customer 2603,customer2603@email.com,USA,South,02/02/2025,Bronze,488.59
CUST002604,Customer 2604,customer2604@email.com,France,Central,10/09/2024,Platinum,1031.09
CUST002605,Customer 2605,customer2605@email.com,UK,North,17/02/2021,Platinum,382.2
CUST002606,Customer 2606,customer2606@email.com,UK,North,08/04/2020,Silver,338.24
CUST002607,Customer 2607,customer2607@email.com,Australia,West,10/10/2025,Gold,1332.91
CUST002608,Customer 2608,customer2608@email.com,Australia,Central,06/06/2021,Silver,244.62
CUST002609,Customer 2609,customer2609@email.com,Canada,East,16/04/2023,Gold,1029.63
CUST002610,Customer 2610,customer2610@email.com,Canada,North,19/08/2026,Bronze,430.84
CUST002611,Customer 2611,customer2611@email.com,India,West,24/12/2023,Platinum,460.87
CUST002612,Customer 2612,customer2612@email.com,France,West,19/11/2024,Silver,284.42
CUST002613,Customer 2613,customer2613@email.com,Canada,South,21/01/2022,Bronze,525.54
CUST002614,Customer 2614,customer2614@email.com,Japan,West,28/08/2026,Platinum,296.68
CUST002615,Customer 2615,customer2615@email.com,India,South,05/08/2023,Gold,120.03
CUST002616,Customer 2616,customer2616@email.com,Germany,East,31/01/2021,Platinum,258.73
CUST002617,Customer 2617,customer2617@email.com,USA,Central,29/10/2023,Platinum,103.2
CUST002618,Customer 2618,customer2618@email.com,Japan,West,14/03/2023,Gold,2016.49
CUST002619,Customer 2619,customer2619@email.com,UK,North,31/12/2021,Silver,1786.99
CUST002620,Customer 2620,customer2620@email.com,France,Central,29/10/2024,Gold,351.39
CUST002621,Customer 2621,customer2621@email.com,Japan,East,11/02/2021,Silver,751.66
CUST002622,Customer 2622,customer2622@email.com,France,East,30/04/2021,Platinum,312.18
CUST002623,Customer 2623,customer2623@email.com,Germany,South,02/12/2024,Gold,655.99
CUST002624,Customer 2624,customer2624@email.com,Canada,South,28/11/2022,Gold,918.48
CUST002625,Customer 2625,customer2625@email.com,Canada,South,31/07/2021,Silver,1566.44
CUST002626,Customer 2626,customer2626@email.com,USA,Central,22/04/2020,Silver,355.59
CUST002627,Customer 2627,customer2627@email.com,India,North,28/01/2020,Gold,864.62
CUST002628,Customer 2628,customer2628@email.com,France,Central,12/04/2022,Platinum,254.57
CUST002629,Customer 2629,customer2629@email.com,UK,West,27/12/2024,Gold,2419.48
CUST002630,Customer 2630,customer2630@email.com,Canada,West,24/03/2021,Platinum,113.05
CUST002631,Customer 2631,customer2631@email.com,France,North,13/07/2025,Silver,562.58
CUST002632,Customer 2632,customer2632@email.com,Canada,East,14/02/2023,Bronze,638.68
CUST002633,Customer 2633,customer2633@email.com,Canada,East,30/06/2022,Silver,682.45
CUST002634,Customer 2634,customer2634@email.com,Japan,East,07/09/2025,Platinum,164.14
CUST002635,Customer 2635,customer2635@email.com,Canada,East,01/10/2025,Bronze,1494.6
CUST002636,Customer 2636,customer2636@email.com,Canada,Central,10/11/2024,Gold,199.95
CUST002637,Customer 2637,customer2637@email.com,USA,North,18/02/2022,Silver,587.43
CUST002638,Customer 2638,customer2638@email.com,Australia,South,14/07/2021,Silver,225.95
CUST002639,Customer 2639,customer2639@email.com,India,South,22/12/2022,Platinum,283.52
CUST002640,Customer 2640,customer2640@email.com,India,East,05/02/2022,Silver,495.33
CUST002641,Customer 2641,customer2641@email.com,Canada,Central,24/03/2022,Silver,369.95
CUST002642,Customer 2642,customer2642@email.com,Australia,North,14/01/2020,Platinum,187.31
CUST002643,Customer 2643,customer2643@email.com,Germany,South,03/04/2026,Bronze,193.73
CUST002644,Customer 2644,customer2644@email.com,France,Central,08/09/2024,Platinum,370.77
CUST002645,Customer 2645,customer2645@email.com,Germany,East,19/07/2026,Platinum,807.93
CUST002646,Customer 2646,customer2646@email.com,UK,East,12/12/2025,Silver,1241.22
CUST002647,Customer 2647,customer2647@email.com,India,West,11/04/2023,Platinum,143.94
CUST002648,Customer 2648,customer2648@email.com,Japan,Central,14/09/2026,Platinum,349.7
CUST002649,Customer 2649,customer2649@email.com,Canada,South,25/04/2023,Bronze,152.82
CUST002650,Customer 2650,customer2650@email.com,Australia,West,22/03/2023,Gold,108.37
CUST002651,Customer 2651,customer2651@email.com,Australia,North,10/10/2022,Silver,641.94
CUST002652,Customer 2652,customer2652@email.com,Japan,North,18/03/2025,Gold,561.22
CUST002653,Customer 2653,customer2653@email.com,UK,West,18/06/2024,Platinum,188.98
CUST002654,Customer 2654,customer2654@email.com,Australia,South,27/09/2026,Bronze,233.16
CUST002655,Customer 2655,customer2655@email.com,France,Central,06/04/2023,Silver,112
CUST002656,Customer 2656,customer2656@email.com,USA,Central,02/08/2024,Gold,1000.74
CUST002657,Customer 2657,customer2657@email.com,Japan,West,07/12/2022,Platinum,1938.29
CUST002658,Customer 2658,customer2658@email.com,Australia,West,15/12/2024,Gold,172.78
CUST002659,Customer 2659,customer2659@email.com,France,West,11/08/2020,Silver,231.64
CUST002660,Customer 2660,customer2660@email.com,USA,East,23/10/2023,Platinum,1114.03
CUST002661,Customer 2661,customer2661@email.com,Germany,Central,05/08/2024,Silver,1404.99
CUST002662,Customer 2662,customer2662@email.com,Germany,North,04/01/2026,Gold,372.04
CUST002663,Customer 2663,customer2663@email.com,USA,North,13/06/2021,Platinum,125.97
CUST002664,Customer 2664,customer2664@email.com,Japan,East,04/01/2021,Bronze,120.09
CUST002665,Customer 2665,customer2665@email.com,Germany,East,20/07/2020,Silver,526.6
CUST002666,Customer 2666,customer2666@email.com,Australia,South,05/10/2021,Gold,349.53
CUST002667,Customer 2667,customer2667@email.com,Japan,East,23/10/2021,Platinum,114.54
CUST002668,Customer 2668,customer2668@email.com,Germany,North,02/06/2022,Bronze,537.64
CUST002669,Customer 2669,customer2669@email.com,Canada,Central,23/03/2020,Platinum,105.68
CUST002670,Customer 2670,customer2670@email.com,USA,South,09/06/2025,Gold,874.11
CUST002671,Customer 2671,customer2671@email.com,USA,South,19/05/2023,Silver,282.95
CUST002672,Customer 2672,customer2672@email.com,France,North,18/05/2020,Platinum,120.55
CUST002673,Customer 2673,customer2673@email.com,UK,East,29/06/2024,Bronze,543.79
CUST002674,Customer 2674,customer2674@email.com,Canada,Central,09/11/2020,Platinum,353.49
CUST002675,Customer 2675,customer2675@email.com,USA,Central,23/03/2020,Silver,1921.01
CUST002676,Customer 2676,customer2676@email.com,Australia,South,26/01/2021,Gold,492.85
CUST002677,Customer 2677,customer2677@email.com,Australia,Central,18/08/2023,Bronze,260.96
CUST002678,Customer 2678,customer2678@email.com,France,West,22/05/2023,Silver,717.97
CUST002679,Customer 2679,customer2679@email.com,France,Central,12/02/2021,Platinum,258.38
CUST002680,Customer 2680,customer2680@email.com,France,West,22/03/2024,Bronze,1272.97
CUST002681,Customer 2681,customer2681@email.com,Australia,Central,29/06/2022,Gold,334.78
CUST002682,Customer 2682,customer2682@email.com,France,Central,02/06/2025,Silver,499.11
CUST002683,Customer 2683,customer2683@email.com,USA,West,15/04/2024,Platinum,125.95
CUST002684,Customer 2684,customer2684@email.com,Canada,West,06/03/2024,Silver,377.67
CUST002685,Customer 2685,customer2685@email.com,USA,West,24/06/2026,Silver,992.98
CUST002686,Customer 2686,customer2686@email.com,Japan,West,05/01/2025,Bronze,919.04
CUST002687,Customer 2687,customer2687@email.com,Japan,South,26/06/2023,Bronze,227.01
CUST002688,Customer 2688,customer2688@email.com,UK,South,25/01/2021,Platinum,228.14
CUST002689,Customer 2689,customer2689@email.com,Germany,North,27/08/2026,Silver,949.97
CUST002690,Customer 2690,customer2690@email.com,India,Central,09/07/2024,Silver,1432.48
CUST002691,Customer 2691,customer2691@email.com,India,East,29/08/2020,Platinum,150.11
CUST002692,Customer 2692,customer2692@email.com,Japan,South,29/06/2023,Bronze,398.97
CUST002693,Customer 2693,customer2693@email.com,Australia,North,09/08/2023,Gold,305.83
CUST002694,Customer 2694,customer2694@email.com,India,Central,06/05/2022,Platinum,1122.77
CUST002695,Customer 2695,customer2695@email.com,Germany,East,06/07/2023,Platinum,143.61
CUST002696,Customer 2696,customer2696@email.com,Canada,North,01/06/2025,Platinum,218.57
CUST002697,Customer 2697,customer2697@email.com,Australia,South,13/11/2020,Bronze,798.11
CUST002698,Customer 2698,customer2698@email.com,Canada,South,25/10/2021,Silver,126.33
CUST002699,Customer 2699,customer2699@email.com,Canada,North,27/11/2024,Platinum,439.16
CUST002700,Customer 2700,customer2700@email.com,UK,Central,21/07/2025,Platinum,391.79
CUST002701,Customer 2701,customer2701@email.com,Australia,West,26/07/2021,Bronze,303.53
CUST002702,Customer 2702,customer2702@email.com,Canada,West,30/04/2023,Gold,350.91
CUST002703,Customer 2703,customer2703@email.com,Japan,Central,15/01/2023,Gold,477.45
CUST002704,Customer 2704,customer2704@email.com,UK,South,28/04/2026,Gold,187.99
CUST002705,Customer 2705,customer2705@email.com,Germany,Central,13/11/2025,Gold,524.31
CUST002706,Customer 2706,customer2706@email.com,France,West,28/10/2025,Platinum,918.49
CUST002707,Customer 2707,customer2707@email.com,Japan,South,12/05/2022,Silver,813.89
CUST002708,Customer 2708,customer2708@email.com,India,North,17/11/2025,Gold,183.56
CUST002709,Customer 2709,customer2709@email.com,UK,South,01/09/2024,Platinum,180.82
CUST002710,Customer 2710,customer2710@email.com,USA,East,01/10/2020,Silver,256.11
CUST002711,Customer 2711,customer2711@email.com,Canada,Central,27/03/2022,Platinum,323.98
CUST002712,Customer 2712,customer2712@email.com,Canada,North,17/09/2023,Platinum,362.51
CUST002713,Customer 2713,customer2713@email.com,UK,North,31/08/2026,Gold,669.24
CUST002714,Customer 2714,customer2714@email.com,Germany,East,09/04/2026,Bronze,129.18
CUST002715,Customer 2715,customer2715@email.com,France,East,28/02/2022,Platinum,117.64
CUST002716,Customer 2716,customer2716@email.com,France,East,21/07/2026,Platinum,348.72
CUST002717,Customer 2717,customer2717@email.com,Germany,North,09/11/2022,Silver,697.28
CUST002718,Customer 2718,customer2718@email.com,Germany,East,25/02/2021,Silver,207.49
CUST002719,Customer 2719,customer2719@email.com,Canada,South,12/12/2022,Platinum,612.92
CUST002720,Customer 2720,customer2720@email.com,France,Central,14/09/2023,Platinum,250.44
CUST002721,Customer 2721,customer2721@email.com,UK,North,07/05/2022,Silver,1186.16
CUST002722,Customer 2722,customer2722@email.com,Canada,Central,05/06/2022,Silver,1230.19
CUST002723,Customer 2723,customer2723@email.com,UK,West,10/08/2021,Bronze,276.4
CUST002724,Customer 2724,customer2724@email.com,Canada,North,17/08/2023,Silver,230.68
CUST002725,Customer 2725,customer2725@email.com,India,West,26/09/2025,Platinum,364.92
CUST002726,Customer 2726,customer2726@email.com,France,Central,01/09/2023,Bronze,237.57
CUST002727,Customer 2727,customer2727@email.com,Australia,West,13/09/2022,Platinum,657.96
CUST002728,Customer 2728,customer2728@email.com,Japan,East,27/04/2025,Gold,974.54
CUST002729,Customer 2729,customer2729@email.com,Canada,Central,13/12/2025,Silver,659.04
CUST002730,Customer 2730,customer2730@email.com,France,South,11/11/2021,Platinum,969.63
CUST002731,Customer 2731,customer2731@email.com,India,West,14/04/2026,Gold,352.91
CUST002732,Customer 2732,customer2732@email.com,Australia,East,07/05/2021,Silver,184.99
CUST002733,Customer 2733,customer2733@email.com,Japan,West,13/04/2020,Gold,769.61
CUST002734,Customer 2734,customer2734@email.com,Germany,Central,03/10/2024,Silver,323.51
CUST002735,Customer 2735,customer2735@email.com,Japan,South,15/04/2024,Bronze,656.26
CUST002736,Customer 2736,customer2736@email.com,India,East,13/03/2022,Silver,257.8
CUST002737,Customer 2737,customer2737@email.com,France,East,23/01/2020,Bronze,142.36
CUST002738,Customer 2738,customer2738@email.com,France,Central,19/02/2024,Bronze,2551.91
CUST002739,Customer 2739,customer2739@email.com,France,North,21/10/2026,Gold,184.92
CUST002740,Customer 2740,customer2740@email.com,Australia,North,14/05/2025,Gold,2329.28
CUST002741,Customer 2741,customer2741@email.com,USA,Central,28/01/2023,Bronze,1992.25
CUST002742,Customer 2742,customer2742@email.com,India,West,12/04/2025,Silver,889.5
CUST002743,Customer 2743,customer2743@email.com,Canada,North,23/04/2025,Gold,638.56
CUST002744,Customer 2744,customer2744@email.com,UK,South,28/04/2020,Silver,531.15
CUST002745,Customer 2745,customer2745@email.com,Australia,North,05/12/2020,Bronze,1105.34
CUST002746,Customer 2746,customer2746@email.com,USA,East,21/12/2024,Bronze,270.85
CUST002747,Customer 2747,customer2747@email.com,France,South,06/02/2026,Bronze,415.26
CUST002748,Customer 2748,customer2748@email.com,Japan,South,24/09/2023,Gold,582.99
CUST002749,Customer 2749,customer2749@email.com,USA,West,15/10/2025,Platinum,364.83
CUST002750,Customer 2750,customer2750@email.com,Canada,South,08/09/2020,Silver,378.86
CUST002751,Customer 2751,customer2751@email.com,Canada,South,28/12/2022,Platinum,300.45
CUST002752,Customer 2752,customer2752@email.com,France,Central,01/07/2020,Silver,515.32
CUST002753,Customer 2753,customer2753@email.com,Australia,South,01/09/2025,Bronze,1050.48
CUST002754,Customer 2754,customer2754@email.com,France,Central,28/06/2023,Gold,212.53
CUST002755,Customer 2755,customer2755@email.com,Japan,West,27/04/2021,Bronze,1462.34
CUST002756,Customer 2756,customer2756@email.com,India,North,08/05/2026,Bronze,684.12
CUST002757,Customer 2757,customer2757@email.com,UK,North,05/01/2021,Silver,966.58
CUST002758,Customer 2758,customer2758@email.com,USA,South,24/07/2023,Bronze,506.18
CUST002759,Customer 2759,customer2759@email.com,Japan,West,09/06/2022,Bronze,855.97
CUST002760,Customer 2760,customer2760@email.com,France,South,07/10/2022,Silver,108.17
CUST002761,Customer 2761,customer2761@email.com,USA,West,25/06/2023,Gold,952.92
CUST002762,Customer 2762,customer2762@email.com,France,South,30/12/2021,Gold,120.48
CUST002763,Customer 2763,customer2763@email.com,Germany,South,22/08/2024,Gold,1203.24
CUST002764,Customer 2764,customer2764@email.com,UK,East,27/03/2022,Gold,2511.83
CUST002765,Customer 2765,customer2765@email.com,France,North,05/12/2024,Platinum,274.12
CUST002766,Customer 2766,customer2766@email.com,Japan,East,25/12/2023,Platinum,218.06
CUST002767,Customer 2767,customer2767@email.com,USA,Central,29/11/2021,Platinum,824.86
CUST002768,Customer 2768,customer2768@email.com,Germany,West,29/09/2021,Gold,245.86
CUST002769,Customer 2769,customer2769@email.com,Germany,East,28/03/2023,Gold,1103.33
CUST002770,Customer 2770,customer2770@email.com,Germany,East,06/01/2021,Silver,154.26
CUST002771,Customer 2771,customer2771@email.com,France,North,30/03/2025,Bronze,167.31
CUST002772,Customer 2772,customer2772@email.com,UK,West,18/10/2025,Silver,2035.24
CUST002773,Customer 2773,customer2773@email.com,Japan,East,28/03/2025,Platinum,660.18
CUST002774,Customer 2774,customer2774@email.com,USA,East,07/08/2026,Bronze,1038.29
CUST002775,Customer 2775,customer2775@email.com,USA,South,09/01/2024,Platinum,296.02
CUST002776,Customer 2776,customer2776@email.com,Japan,East,01/05/2025,Bronze,664.25
CUST002777,Customer 2777,customer2777@email.com,Japan,East,05/02/2022,Silver,551
CUST002778,Customer 2778,customer2778@email.com,UK,North,27/03/2025,Platinum,562.1
CUST002779,Customer 2779,customer2779@email.com,India,Central,30/11/2026,Platinum,673.69
CUST002780,Customer 2780,customer2780@email.com,India,South,23/06/2024,Gold,528.26
CUST002781,Customer 2781,customer2781@email.com,Japan,West,08/03/2024,Platinum,380.24
CUST002782,Customer 2782,customer2782@email.com,USA,South,14/05/2023,Bronze,261.43
CUST002783,Customer 2783,customer2783@email.com,Australia,East,20/09/2024,Platinum,831.76
CUST002784,Customer 2784,customer2784@email.com,USA,South,26/08/2026,Silver,228.27
CUST002785,Customer 2785,customer2785@email.com,Germany,Central,16/05/2023,Silver,689.4
CUST002786,Customer 2786,customer2786@email.com,Japan,North,16/06/2021,Bronze,232.85
CUST002787,Customer 2787,customer2787@email.com,UK,East,20/06/2023,Platinum,590.86
CUST002788,Customer 2788,customer2788@email.com,UK,West,09/06/2024,Bronze,787.34
CUST002789,Customer 2789,customer2789@email.com,Germany,South,27/08/2021,Gold,223.41
CUST002790,Customer 2790,customer2790@email.com,Canada,South,13/06/2023,Silver,130.91
CUST002791,Customer 2791,customer2791@email.com,Australia,North,12/04/2022,Silver,170.19
CUST002792,Customer 2792,customer2792@email.com,Japan,North,23/09/2021,Platinum,565.7
CUST002793,Customer 2793,customer2793@email.com,Japan,North,14/10/2021,Platinum,1046.72
CUST002794,Customer 2794,customer2794@email.com,Australia,South,02/03/2026,Platinum,123.02
CUST002795,Customer 2795,customer2795@email.com,India,South,21/03/2024,Bronze,762.41
CUST002796,Customer 2796,customer2796@email.com,UK,East,06/05/2024,Silver,308.76
CUST002797,Customer 2797,customer2797@email.com,Japan,East,25/06/2024,Platinum,425.55
CUST002798,Customer 2798,customer2798@email.com,Australia,Central,11/09/2026,Bronze,1421.55
CUST002799,Customer 2799,customer2799@email.com,India,Central,21/11/2023,Bronze,301.71
CUST002800,Customer 2800,customer2800@email.com,UK,South,27/06/2022,Gold,413.06
CUST002801,Customer 2801,customer2801@email.com,Japan,Central,23/01/2024,Bronze,106.89
CUST002802,Customer 2802,customer2802@email.com,Australia,North,05/11/2026,Silver,142.56
CUST002803,Customer 2803,customer2803@email.com,India,South,19/07/2021,Bronze,249.6
CUST002804,Customer 2804,customer2804@email.com,France,West,15/05/2022,Bronze,114.12
CUST002805,Customer 2805,customer2805@email.com,Australia,South,22/10/2023,Platinum,598.99
CUST002806,Customer 2806,customer2806@email.com,France,East,09/09/2021,Platinum,377.91
CUST002807,Customer 2807,customer2807@email.com,USA,East,22/05/2025,Platinum,497.2
CUST002808,Customer 2808,customer2808@email.com,UK,West,05/01/2022,Bronze,195.97
CUST002809,Customer 2809,customer2809@email.com,Canada,East,19/03/2025,Bronze,275.44
CUST002810,Customer 2810,customer2810@email.com,USA,South,14/07/2024,Gold,645.06
CUST002811,Customer 2811,customer2811@email.com,Australia,West,11/06/2021,Bronze,1780.55
CUST002812,Customer 2812,customer2812@email.com,Australia,West,14/06/2025,Bronze,125.87
CUST002813,Customer 2813,customer2813@email.com,Australia,East,25/05/2023,Bronze,1205.39
CUST002814,Customer 2814,customer2814@email.com,India,Central,08/10/2026,Gold,530.05
CUST002815,Customer 2815,customer2815@email.com,Japan,Central,23/04/2025,Gold,514.96
CUST002816,Customer 2816,customer2816@email.com,UK,West,02/04/2021,Platinum,446.85
CUST002817,Customer 2817,customer2817@email.com,UK,North,23/11/2020,Gold,135.96
CUST002818,Customer 2818,customer2818@email.com,France,South,14/08/2026,Platinum,147.09
CUST002819,Customer 2819,customer2819@email.com,USA,West,16/11/2024,Gold,559.29
CUST002820,Customer 2820,customer2820@email.com,Canada,West,12/06/2020,Platinum,308.48
CUST002821,Customer 2821,customer2821@email.com,USA,Central,12/02/2024,Gold,1346.07
CUST002822,Customer 2822,customer2822@email.com,Australia,East,30/10/2022,Gold,360.94
CUST002823,Customer 2823,customer2823@email.com,France,South,06/04/2020,Gold,177.32
CUST002824,Customer 2824,customer2824@email.com,Australia,North,01/01/2024,Platinum,727.14
CUST002825,Customer 2825,customer2825@email.com,France,North,22/08/2023,Bronze,273.61
CUST002826,Customer 2826,customer2826@email.com,USA,Central,03/01/2024,Platinum,472.72
CUST002827,Customer 2827,customer2827@email.com,UK,North,15/10/2022,Bronze,698.39
CUST002828,Customer 2828,customer2828@email.com,UK,West,31/05/2021,Platinum,1252.61
CUST002829,Customer 2829,customer2829@email.com,Japan,West,30/01/2023,Silver,885.57
CUST002830,Customer 2830,customer2830@email.com,India,North,14/11/2025,Bronze,664.06
CUST002831,Customer 2831,customer2831@email.com,Japan,North,30/08/2023,Silver,669.14
CUST002832,Customer 2832,customer2832@email.com,Canada,West,31/10/2026,Bronze,1558.69
CUST002833,Customer 2833,customer2833@email.com,France,West,15/10/2023,Platinum,275.36
CUST002834,Customer 2834,customer2834@email.com,UK,East,01/04/2020,Bronze,100.56
CUST002835,Customer 2835,customer2835@email.com,Canada,South,10/11/2024,Gold,258.7
CUST002836,Customer 2836,customer2836@email.com,Germany,North,26/05/2023,Gold,222.88
CUST002837,Customer 2837,customer2837@email.com,India,South,06/06/2026,Platinum,642.11
CUST002838,Customer 2838,customer2838@email.com,UK,East,30/01/2023,Bronze,602.17
CUST002839,Customer 2839,customer2839@email.com,Australia,South,12/10/2026,Gold,550.04
CUST002840,Customer 2840,customer2840@email.com,USA,West,21/01/2023,Silver,108.19
CUST002841,Customer 2841,customer2841@email.com,Australia,South,17/03/2020,Gold,752.41
CUST002842,Customer 2842,customer2842@email.com,India,Central,29/12/2022,Gold,295.43
CUST002843,Customer 2843,customer2843@email.com,Germany,South,01/02/2021,Bronze,646.9
CUST002844,Customer 2844,customer2844@email.com,Germany,North,22/08/2023,Gold,506.62
CUST002845,Customer 2845,customer2845@email.com,India,Central,31/10/2026,Platinum,309.83
CUST002846,Customer 2846,customer2846@email.com,Japan,Central,04/09/2026,Platinum,172.27
CUST002847,Customer 2847,customer2847@email.com,USA,East,02/05/2025,Gold,149.59
CUST002848,Customer 2848,customer2848@email.com,Japan,West,02/08/2023,Silver,990.46
CUST002849,Customer 2849,customer2849@email.com,India,South,07/03/2025,Silver,1352.95
CUST002850,Customer 2850,customer2850@email.com,France,West,16/05/2024,Bronze,624.61
CUST002851,Customer 2851,customer2851@email.com,Canada,West,29/05/2026,Gold,154.59
CUST002852,Customer 2852,customer2852@email.com,Germany,Central,06/12/2020,Gold,357.11
CUST002853,Customer 2853,customer2853@email.com,France,East,30/05/2023,Platinum,752.71
CUST002854,Customer 2854,customer2854@email.com,USA,South,29/03/2025,Silver,856.66
CUST002855,Customer 2855,customer2855@email.com,Japan,Central,31/12/2026,Platinum,162.91
CUST002856,Customer 2856,customer2856@email.com,USA,East,28/08/2024,Platinum,100.02
CUST002857,Customer 2857,customer2857@email.com,Australia,Central,19/08/2022,Silver,722.64
CUST002858,Customer 2858,customer2858@email.com,Canada,North,30/03/2024,Platinum,320.49
CUST002859,Customer 2859,customer2859@email.com,Germany,North,13/06/2022,Gold,246.84
CUST002860,Customer 2860,customer2860@email.com,UK,West,01/01/2022,Platinum,106.49
CUST002861,Customer 2861,customer2861@email.com,Germany,West,12/12/2023,Gold,488.59
CUST002862,Customer 2862,customer2862@email.com,Japan,North,01/08/2023,Gold,1052.41
CUST002863,Customer 2863,customer2863@email.com,Australia,South,19/08/2025,Platinum,1680.68
CUST002864,Customer 2864,customer2864@email.com,India,East,19/07/2025,Platinum,517.06
CUST002865,Customer 2865,customer2865@email.com,UK,West,04/10/2021,Gold,461.25
CUST002866,Customer 2866,customer2866@email.com,Japan,West,14/01/2020,Silver,144.45
CUST002867,Customer 2867,customer2867@email.com,Australia,Central,06/02/2021,Platinum,498
CUST002868,Customer 2868,customer2868@email.com,Australia,South,09/09/2024,Bronze,339
CUST002869,Customer 2869,customer2869@email.com,Germany,South,09/12/2026,Bronze,567.14
CUST002870,Customer 2870,customer2870@email.com,Australia,North,21/09/2026,Gold,346.11
CUST002871,Customer 2871,customer2871@email.com,Germany,South,02/11/2026,Platinum,237.42
CUST002872,Customer 2872,customer2872@email.com,Japan,North,07/01/2021,Platinum,149.89
CUST002873,Customer 2873,customer2873@email.com,Germany,South,11/03/2026,Platinum,289.11
CUST002874,Customer 2874,customer2874@email.com,Germany,South,20/02/2024,Platinum,150.82
CUST002875,Customer 2875,customer2875@email.com,Japan,South,29/03/2022,Gold,197.34
CUST002876,Customer 2876,customer2876@email.com,USA,South,22/09/2020,Platinum,2284.5
CUST002877,Customer 2877,customer2877@email.com,Germany,Central,23/02/2025,Platinum,393.59
CUST002878,Customer 2878,customer2878@email.com,UK,West,17/09/2022,Bronze,479.51
CUST002879,Customer 2879,customer2879@email.com,Japan,South,10/10/2026,Silver,1134.23
CUST002880,Customer 2880,customer2880@email.com,Canada,North,08/03/2025,Bronze,2809.55
CUST002881,Customer 2881,customer2881@email.com,India,West,22/07/2024,Bronze,536.99
CUST002882,Customer 2882,customer2882@email.com,France,Central,04/09/2024,Bronze,936.92
CUST002883,Customer 2883,customer2883@email.com,USA,West,22/10/2026,Platinum,297.96
CUST002884,Customer 2884,customer2884@email.com,France,West,01/09/2020,Bronze,282.46
CUST002885,Customer 2885,customer2885@email.com,Australia,Central,28/01/2024,Platinum,357.67
CUST002886,Customer 2886,customer2886@email.com,Canada,North,21/10/2024,Silver,658.14
CUST002887,Customer 2887,customer2887@email.com,Canada,South,11/12/2022,Gold,673.15
CUST002888,Customer 2888,customer2888@email.com,Japan,South,18/08/2024,Silver,289.34
CUST002889,Customer 2889,customer2889@email.com,Germany,East,30/05/2025,Bronze,171.48
CUST002890,Customer 2890,customer2890@email.com,Canada,West,13/09/2023,Platinum,600.37
CUST002891,Customer 2891,customer2891@email.com,France,East,29/09/2022,Gold,168.67
CUST002892,Customer 2892,customer2892@email.com,Japan,West,26/12/2024,Gold,531.96
CUST002893,Customer 2893,customer2893@email.com,France,Central,16/05/2026,Bronze,691.14
CUST002894,Customer 2894,customer2894@email.com,UK,Central,27/07/2021,Gold,703.01
CUST002895,Customer 2895,customer2895@email.com,Germany,East,16/04/2020,Gold,800.14
CUST002896,Customer 2896,customer2896@email.com,France,South,07/04/2023,Gold,1131.23
CUST002897,Customer 2897,customer2897@email.com,India,East,30/04/2025,Silver,446.53
CUST002898,Customer 2898,customer2898@email.com,UK,Central,10/06/2021,Gold,755.13
CUST002899,Customer 2899,customer2899@email.com,France,South,22/04/2024,Bronze,582.7
CUST002900,Customer 2900,customer2900@email.com,France,South,16/05/2022,Bronze,203.29
CUST002901,Customer 2901,customer2901@email.com,Japan,Central,28/11/2022,Platinum,113.01
CUST002902,Customer 2902,customer2902@email.com,UK,East,07/05/2025,Silver,267.42
CUST002903,Customer 2903,customer2903@email.com,Japan,Central,01/08/2026,Gold,392.63
CUST002904,Customer 2904,customer2904@email.com,India,South,28/03/2024,Platinum,580
CUST002905,Customer 2905,customer2905@email.com,India,West,19/12/2021,Bronze,1048.42
CUST002906,Customer 2906,customer2906@email.com,Japan,South,22/09/2020,Gold,209.23
CUST002907,Customer 2907,customer2907@email.com,Germany,South,25/04/2022,Gold,167.08
CUST002908,Customer 2908,customer2908@email.com,Canada,South,28/10/2026,Gold,1754.95
CUST002909,Customer 2909,customer2909@email.com,India,Central,05/08/2025,Bronze,157.17
CUST002910,Customer 2910,customer2910@email.com,Germany,South,16/11/2025,Gold,425.51
CUST002911,Customer 2911,customer2911@email.com,Australia,North,14/05/2020,Gold,540.42
CUST002912,Customer 2912,customer2912@email.com,Canada,East,09/09/2025,Bronze,489.76
CUST002913,Customer 2913,customer2913@email.com,India,Central,17/08/2020,Silver,144.98
CUST002914,Customer 2914,customer2914@email.com,France,South,29/09/2022,Silver,129.36
CUST002915,Customer 2915,customer2915@email.com,India,South,24/07/2022,Bronze,155.74
CUST002916,Customer 2916,customer2916@email.com,France,Central,31/10/2026,Gold,540.45
CUST002917,Customer 2917,customer2917@email.com,Germany,North,09/01/2021,Silver,493.01
CUST002918,Customer 2918,customer2918@email.com,France,North,10/11/2025,Silver,233.12
CUST002919,Customer 2919,customer2919@email.com,Germany,Central,21/07/2022,Platinum,607.74
CUST002920,Customer 2920,customer2920@email.com,Canada,Central,16/03/2025,Bronze,957.59
CUST002921,Customer 2921,customer2921@email.com,Canada,South,30/07/2023,Platinum,121.23
CUST002922,Customer 2922,customer2922@email.com,India,North,21/04/2021,Platinum,444.71
CUST002923,Customer 2923,customer2923@email.com,Canada,Central,19/03/2022,Silver,684.48
CUST002924,Customer 2924,customer2924@email.com,India,East,16/09/2026,Bronze,245.38
CUST002925,Customer 2925,customer2925@email.com,Australia,North,10/07/2026,Platinum,283.92
CUST002926,Customer 2926,customer2926@email.com,India,North,08/03/2022,Gold,575.49
CUST002927,Customer 2927,customer2927@email.com,France,West,25/07/2024,Silver,1241.07
CUST002928,Customer 2928,customer2928@email.com,India,Central,08/09/2023,Gold,930.17
CUST002929,Customer 2929,customer2929@email.com,France,Central,12/05/2023,Silver,537.49
CUST002930,Customer 2930,customer2930@email.com,France,Central,29/10/2023,Gold,755.08
CUST002931,Customer 2931,customer2931@email.com,Canada,South,07/12/2024,Platinum,326.93
CUST002932,Customer 2932,customer2932@email.com,Japan,Central,27/01/2020,Platinum,612.17
CUST002933,Customer 2933,customer2933@email.com,UK,South,23/07/2025,Bronze,413.85
CUST002934,Customer 2934,customer2934@email.com,France,North,04/11/2024,Platinum,205.32
CUST002935,Customer 2935,customer2935@email.com,UK,South,03/11/2023,Bronze,704.89
CUST002936,Customer 2936,customer2936@email.com,Germany,East,07/08/2022,Gold,506.49
CUST002937,Customer 2937,customer2937@email.com,India,North,03/08/2023,Gold,322.07
CUST002938,Customer 2938,customer2938@email.com,Germany,Central,01/11/2026,Silver,1311.47
CUST002939,Customer 2939,customer2939@email.com,UK,South,19/08/2023,Platinum,110.58
CUST002940,Customer 2940,customer2940@email.com,UK,Central,04/12/2021,Silver,289.73
CUST002941,Customer 2941,customer2941@email.com,India,Central,26/08/2023,Platinum,129.28
CUST002942,Customer 2942,customer2942@email.com,Germany,East,08/01/2023,Platinum,827.35
CUST002943,Customer 2943,customer2943@email.com,Japan,South,28/05/2023,Gold,705.51
CUST002944,Customer 2944,customer2944@email.com,Japan,East,28/09/2023,Platinum,301.25
CUST002945,Customer 2945,customer2945@email.com,Australia,Central,15/06/2023,Platinum,662.99
CUST002946,Customer 2946,customer2946@email.com,USA,West,04/09/2024,Bronze,352.04
CUST002947,Customer 2947,customer2947@email.com,Japan,South,01/08/2024,Platinum,805.81
CUST002948,Customer 2948,customer2948@email.com,USA,South,28/01/2023,Silver,402.74
CUST002949,Customer 2949,customer2949@email.com,France,East,14/11/2022,Bronze,365.75
CUST002950,Customer 2950,customer2950@email.com,Australia,West,11/08/2023,Gold,1464.61
CUST002951,Customer 2951,customer2951@email.com,Germany,South,04/04/2026,Platinum,244.43
CUST002952,Customer 2952,customer2952@email.com,Canada,North,27/01/2023,Silver,164.17
CUST002953,Customer 2953,customer2953@email.com,Japan,West,19/10/2021,Platinum,539.19
CUST002954,Customer 2954,customer2954@email.com,Australia,West,07/07/2020,Silver,1842.1
CUST002955,Customer 2955,customer2955@email.com,Australia,North,21/02/2023,Bronze,337.28
CUST002956,Customer 2956,customer2956@email.com,Japan,East,17/08/2020,Gold,132.02
CUST002957,Customer 2957,customer2957@email.com,France,North,29/11/2024,Platinum,307.23
CUST002958,Customer 2958,customer2958@email.com,Canada,East,04/07/2021,Platinum,452.54
CUST002959,Customer 2959,customer2959@email.com,UK,Central,13/09/2021,Gold,188.32
CUST002960,Customer 2960,customer2960@email.com,Germany,Central,09/06/2026,Bronze,636.62
CUST002961,Customer 2961,customer2961@email.com,Germany,East,30/11/2024,Gold,3148.28
CUST002962,Customer 2962,customer2962@email.com,France,North,30/03/2026,Silver,400.5
CUST002963,Customer 2963,customer2963@email.com,Japan,East,05/10/2020,Platinum,319.04
CUST002964,Customer 2964,customer2964@email.com,UK,East,29/05/2022,Platinum,356
CUST002965,Customer 2965,customer2965@email.com,India,East,21/07/2022,Gold,161.17
CUST002966,Customer 2966,customer2966@email.com,France,East,26/03/2022,Bronze,1173.96
CUST002967,Customer 2967,customer2967@email.com,Canada,West,28/07/2021,Platinum,367.92
CUST002968,Customer 2968,customer2968@email.com,India,North,11/06/2024,Bronze,344.92
CUST002969,Customer 2969,customer2969@email.com,Japan,North,29/09/2025,Platinum,638.95
CUST002970,Customer 2970,customer2970@email.com,Japan,Central,11/05/2020,Platinum,391.73
CUST002971,Customer 2971,customer2971@email.com,Japan,North,03/03/2023,Bronze,622.39
CUST002972,Customer 2972,customer2972@email.com,Canada,Central,04/05/2026,Bronze,131.71
CUST002973,Customer 2973,customer2973@email.com,UK,Central,18/12/2025,Bronze,940.26
CUST002974,Customer 2974,customer2974@email.com,India,Central,08/06/2026,Silver,1510.92
CUST002975,Customer 2975,customer2975@email.com,Australia,East,26/10/2020,Platinum,623.15
CUST002976,Customer 2976,customer2976@email.com,UK,East,22/01/2025,Bronze,1645.75
CUST002977,Customer 2977,customer2977@email.com,Japan,West,14/01/2022,Platinum,182.1
CUST002978,Customer 2978,customer2978@email.com,Australia,Central,28/03/2020,Gold,424.48
CUST002979,Customer 2979,customer2979@email.com,Australia,North,27/01/2020,Bronze,560.41
CUST002980,Customer 2980,customer2980@email.com,Japan,West,11/07/2022,Silver,535.82
CUST002981,Customer 2981,customer2981@email.com,Germany,Central,26/11/2022,Gold,356.63
CUST002982,Customer 2982,customer2982@email.com,India,South,20/12/2025,Gold,306.31
CUST002983,Customer 2983,customer2983@email.com,UK,South,20/06/2026,Silver,167.81
CUST002984,Customer 2984,customer2984@email.com,France,South,24/04/2022,Bronze,348.58
CUST002985,Customer 2985,customer2985@email.com,USA,South,17/04/2020,Gold,188.76
CUST002986,Customer 2986,customer2986@email.com,Japan,East,10/10/2020,Silver,762.82
CUST002987,Customer 2987,customer2987@email.com,Germany,East,05/05/2022,Silver,217.12
CUST002988,Customer 2988,customer2988@email.com,France,South,03/10/2024,Silver,130.18
CUST002989,Customer 2989,customer2989@email.com,USA,South,26/12/2023,Platinum,501.89
CUST002990,Customer 2990,customer2990@email.com,Australia,North,19/05/2021,Platinum,552.22
CUST002991,Customer 2991,customer2991@email.com,Australia,North,04/05/2022,Platinum,1127.52
CUST002992,Customer 2992,customer2992@email.com,Australia,South,01/12/2024,Silver,530.17
CUST002993,Customer 2993,customer2993@email.com,Canada,North,07/04/2024,Silver,311.93
CUST002994,Customer 2994,customer2994@email.com,Canada,South,06/09/2025,Silver,912.31
CUST002995,Customer 2995,customer2995@email.com,India,Central,07/05/2021,Gold,488.57
CUST002996,Customer 2996,customer2996@email.com,Australia,South,21/07/2023,Silver,141.3
CUST002997,Customer 2997,customer2997@email.com,Japan,West,06/01/2021,Gold,517.18
CUST002998,Customer 2998,customer2998@email.com,Canada,West,14/09/2025,Bronze,1293.08
CUST002999,Customer 2999,customer2999@email.com,Australia,West,30/01/2020,Platinum,352.35
CUST003000,Customer 3000,customer3000@email.com,Japan,East,13/02/2021,Gold,275.72
CUST003001,Customer 3001,customer3001@email.com,Australia,East,24/09/2020,Silver,177.43
CUST003002,Customer 3002,customer3002@email.com,Australia,West,11/12/2020,Bronze,182.11
CUST003003,Customer 3003,customer3003@email.com,Japan,North,30/01/2023,Silver,383.5
CUST003004,Customer 3004,customer3004@email.com,UK,Central,16/10/2022,Bronze,552.77
CUST003005,Customer 3005,customer3005@email.com,UK,South,08/06/2021,Platinum,142.03
CUST003006,Customer 3006,customer3006@email.com,USA,Central,08/06/2020,Silver,1503.12
CUST003007,Customer 3007,customer3007@email.com,Japan,Central,15/04/2023,Platinum,803.52
CUST003008,Customer 3008,customer3008@email.com,Australia,South,07/10/2021,Silver,541.7
CUST003009,Customer 3009,customer3009@email.com,UK,South,25/10/2025,Gold,981.41
CUST003010,Customer 3010,customer3010@email.com,UK,North,24/03/2021,Platinum,141.79
CUST003011,Customer 3011,customer3011@email.com,France,West,15/04/2022,Gold,423.93
CUST003012,Customer 3012,customer3012@email.com,Japan,North,22/12/2022,Bronze,597.25
CUST003013,Customer 3013,customer3013@email.com,USA,West,20/09/2023,Bronze,982.03
CUST003014,Customer 3014,customer3014@email.com,Australia,North,14/08/2021,Platinum,865.01
CUST003015,Customer 3015,customer3015@email.com,UK,South,17/09/2026,Bronze,262.22
CUST003016,Customer 3016,customer3016@email.com,Japan,South,02/03/2020,Bronze,1514.09
CUST003017,Customer 3017,customer3017@email.com,Canada,North,15/09/2024,Platinum,166.39
CUST003018,Customer 3018,customer3018@email.com,Australia,Central,17/03/2025,Platinum,1140.26
CUST003019,Customer 3019,customer3019@email.com,USA,East,04/07/2021,Platinum,1869.2
CUST003020,Customer 3020,customer3020@email.com,France,South,07/04/2025,Gold,197.49
CUST003021,Customer 3021,customer3021@email.com,Japan,Central,20/01/2026,Bronze,740.19
CUST003022,Customer 3022,customer3022@email.com,India,Central,11/05/2025,Silver,120.56
CUST003023,Customer 3023,customer3023@email.com,Germany,Central,30/05/2021,Silver,359.95
CUST003024,Customer 3024,customer3024@email.com,Germany,North,07/08/2021,Bronze,463.13
CUST003025,Customer 3025,customer3025@email.com,France,Central,12/07/2024,Bronze,534.52
CUST003026,Customer 3026,customer3026@email.com,Germany,East,20/10/2022,Silver,1473.95
CUST003027,Customer 3027,customer3027@email.com,Japan,West,18/05/2023,Gold,657.75
CUST003028,Customer 3028,customer3028@email.com,Japan,West,23/06/2021,Gold,428.19
CUST003029,Customer 3029,customer3029@email.com,USA,West,17/08/2021,Bronze,929.51
CUST003030,Customer 3030,customer3030@email.com,UK,North,21/03/2022,Silver,1603.22
CUST003031,Customer 3031,customer3031@email.com,Germany,South,19/05/2020,Platinum,111.16
CUST003032,Customer 3032,customer3032@email.com,USA,Central,14/08/2023,Platinum,2123.39
CUST003033,Customer 3033,customer3033@email.com,Japan,South,04/06/2025,Platinum,145.03
CUST003034,Customer 3034,customer3034@email.com,Germany,West,25/01/2025,Gold,942.05
CUST003035,Customer 3035,customer3035@email.com,India,North,13/02/2026,Gold,264.48
CUST003036,Customer 3036,customer3036@email.com,Japan,East,08/10/2025,Silver,170.89
CUST003037,Customer 3037,customer3037@email.com,Japan,West,11/11/2022,Platinum,389.78
CUST003038,Customer 3038,customer3038@email.com,Japan,Central,30/01/2021,Gold,616.35
CUST003039,Customer 3039,customer3039@email.com,Japan,West,15/09/2020,Bronze,339.79
CUST003040,Customer 3040,customer3040@email.com,UK,North,03/02/2026,Silver,128.06
CUST003041,Customer 3041,customer3041@email.com,Canada,North,16/02/2025,Gold,557.47
CUST003042,Customer 3042,customer3042@email.com,Japan,East,01/06/2021,Platinum,1263.46
CUST003043,Customer 3043,customer3043@email.com,Canada,Central,21/11/2024,Silver,341.62
CUST003044,Customer 3044,customer3044@email.com,Germany,South,16/06/2024,Silver,221.89
CUST003045,Customer 3045,customer3045@email.com,Germany,East,09/03/2020,Silver,392.22
CUST003046,Customer 3046,customer3046@email.com,USA,Central,24/04/2026,Gold,124.79
CUST003047,Customer 3047,customer3047@email.com,Germany,Central,18/01/2026,Silver,958.76
CUST003048,Customer 3048,customer3048@email.com,UK,North,13/03/2024,Silver,975.33
CUST003049,Customer 3049,customer3049@email.com,Germany,South,07/12/2026,Platinum,543.37
CUST003050,Customer 3050,customer3050@email.com,France,North,08/04/2022,Platinum,317.78
CUST003051,Customer 3051,customer3051@email.com,Australia,Central,29/04/2023,Platinum,904.18
CUST003052,Customer 3052,customer3052@email.com,India,East,05/05/2025,Silver,504.49
CUST003053,Customer 3053,customer3053@email.com,USA,North,13/05/2023,Gold,974.16
CUST003054,Customer 3054,customer3054@email.com,France,South,26/03/2026,Bronze,599.1
CUST003055,Customer 3055,customer3055@email.com,Australia,South,30/08/2020,Silver,867.18
CUST003056,Customer 3056,customer3056@email.com,UK,South,23/05/2025,Platinum,556.35
CUST003057,Customer 3057,customer3057@email.com,Australia,West,15/10/2021,Silver,367.34
CUST003058,Customer 3058,customer3058@email.com,Japan,North,15/10/2022,Silver,1684.4
CUST003059,Customer 3059,customer3059@email.com,UK,West,05/02/2023,Bronze,489.48
CUST003060,Customer 3060,customer3060@email.com,UK,South,27/07/2026,Platinum,564.55
CUST003061,Customer 3061,customer3061@email.com,France,East,06/08/2021,Bronze,224.54
CUST003062,Customer 3062,customer3062@email.com,France,Central,25/04/2021,Bronze,591.28
CUST003063,Customer 3063,customer3063@email.com,India,South,17/09/2026,Platinum,523.86
CUST003064,Customer 3064,customer3064@email.com,Canada,Central,08/05/2023,Platinum,202.18
CUST003065,Customer 3065,customer3065@email.com,Canada,East,21/09/2021,Gold,130.72
CUST003066,Customer 3066,customer3066@email.com,Australia,East,16/06/2020,Bronze,563.62
CUST003067,Customer 3067,customer3067@email.com,Australia,Central,25/03/2025,Silver,821.31
CUST003068,Customer 3068,customer3068@email.com,France,South,18/06/2025,Bronze,470.54
CUST003069,Customer 3069,customer3069@email.com,Japan,South,28/12/2020,Platinum,228.59
CUST003070,Customer 3070,customer3070@email.com,Australia,North,06/11/2024,Bronze,649.09
CUST003071,Customer 3071,customer3071@email.com,France,East,21/02/2023,Gold,141.75
CUST003072,Customer 3072,customer3072@email.com,France,East,14/09/2024,Bronze,391.55
CUST003073,Customer 3073,customer3073@email.com,Canada,West,22/02/2020,Silver,189.18
CUST003074,Customer 3074,customer3074@email.com,India,South,27/07/2026,Platinum,201.95
CUST003075,Customer 3075,customer3075@email.com,Canada,West,24/12/2022,Platinum,213.01
CUST003076,Customer 3076,customer3076@email.com,Australia,North,20/10/2026,Bronze,344.46
CUST003077,Customer 3077,customer3077@email.com,Canada,Central,15/08/2026,Bronze,126.25
CUST003078,Customer 3078,customer3078@email.com,Germany,East,26/04/2021,Platinum,353.58
CUST003079,Customer 3079,customer3079@email.com,USA,East,31/05/2024,Platinum,458.42
CUST003080,Customer 3080,customer3080@email.com,USA,West,02/03/2025,Platinum,430.14
CUST003081,Customer 3081,customer3081@email.com,Germany,Central,15/04/2020,Silver,341.27
CUST003082,Customer 3082,customer3082@email.com,Japan,North,08/04/2020,Gold,1013.63
CUST003083,Customer 3083,customer3083@email.com,USA,West,15/08/2024,Gold,178.52
CUST003084,Customer 3084,customer3084@email.com,Japan,East,08/01/2024,Silver,452.3
CUST003085,Customer 3085,customer3085@email.com,India,North,07/02/2023,Gold,132.02
CUST003086,Customer 3086,customer3086@email.com,France,South,19/02/2025,Silver,136.91
CUST003087,Customer 3087,customer3087@email.com,Japan,West,06/04/2026,Gold,526.5
CUST003088,Customer 3088,customer3088@email.com,India,North,05/12/2021,Gold,517.38
CUST003089,Customer 3089,customer3089@email.com,Germany,East,11/12/2023,Gold,1152
CUST003090,Customer 3090,customer3090@email.com,Canada,West,18/02/2021,Gold,508.08
CUST003091,Customer 3091,customer3091@email.com,India,South,21/12/2026,Platinum,1706.83
CUST003092,Customer 3092,customer3092@email.com,France,West,08/04/2022,Gold,124.96
CUST003093,Customer 3093,customer3093@email.com,India,East,12/10/2023,Silver,151.57
CUST003094,Customer 3094,customer3094@email.com,Japan,North,21/11/2021,Bronze,122.53
CUST003095,Customer 3095,customer3095@email.com,France,Central,16/02/2022,Gold,202.45
CUST003096,Customer 3096,customer3096@email.com,UK,West,12/04/2026,Bronze,489.65
CUST003097,Customer 3097,customer3097@email.com,Canada,North,24/03/2022,Platinum,618.63
CUST003098,Customer 3098,customer3098@email.com,UK,East,14/12/2022,Gold,123.33
CUST003099,Customer 3099,customer3099@email.com,UK,West,13/06/2024,Bronze,1559.12
CUST003100,Customer 3100,customer3100@email.com,Canada,East,18/04/2023,Silver,1023.1
CUST003101,Customer 3101,customer3101@email.com,USA,South,17/12/2024,Silver,275.92
CUST003102,Customer 3102,customer3102@email.com,USA,West,26/01/2023,Silver,140.16
CUST003103,Customer 3103,customer3103@email.com,Germany,South,15/06/2022,Platinum,193.1
CUST003104,Customer 3104,customer3104@email.com,UK,North,03/06/2022,Gold,167.88
CUST003105,Customer 3105,customer3105@email.com,USA,Central,25/09/2022,Platinum,165.79
CUST003106,Customer 3106,customer3106@email.com,Australia,Central,02/12/2024,Silver,465.49
CUST003107,Customer 3107,customer3107@email.com,UK,Central,15/08/2024,Platinum,241.08
CUST003108,Customer 3108,customer3108@email.com,Australia,East,15/06/2026,Gold,321.69
CUST003109,Customer 3109,customer3109@email.com,Australia,East,15/12/2022,Gold,2378.44
CUST003110,Customer 3110,customer3110@email.com,Japan,Central,19/08/2022,Gold,676.5
CUST003111,Customer 3111,customer3111@email.com,UK,East,11/11/2020,Silver,1587.78
CUST003112,Customer 3112,customer3112@email.com,UK,North,13/01/2026,Platinum,176.9
CUST003113,Customer 3113,customer3113@email.com,Japan,North,01/01/2026,Silver,340.75
CUST003114,Customer 3114,customer3114@email.com,Germany,West,27/11/2023,Gold,504.54
CUST003115,Customer 3115,customer3115@email.com,USA,West,10/06/2026,Platinum,139.93
CUST003116,Customer 3116,customer3116@email.com,Australia,North,29/07/2025,Silver,102.1
CUST003117,Customer 3117,customer3117@email.com,India,Central,31/03/2020,Bronze,654.99
CUST003118,Customer 3118,customer3118@email.com,India,South,24/11/2023,Bronze,613.36
CUST003119,Customer 3119,customer3119@email.com,Canada,East,22/12/2023,Gold,364.49
CUST003120,Customer 3120,customer3120@email.com,India,West,22/04/2020,Silver,436.32
CUST003121,Customer 3121,customer3121@email.com,Germany,West,11/06/2024,Gold,368.45
CUST003122,Customer 3122,customer3122@email.com,France,East,14/01/2026,Silver,112.15
CUST003123,Customer 3123,customer3123@email.com,Australia,South,23/05/2026,Gold,304.26
CUST003124,Customer 3124,customer3124@email.com,USA,East,28/01/2020,Bronze,197.45
CUST003125,Customer 3125,customer3125@email.com,Canada,Central,17/10/2020,Platinum,151.81
CUST003126,Customer 3126,customer3126@email.com,Germany,South,22/10/2021,Silver,1670.04
CUST003127,Customer 3127,customer3127@email.com,USA,West,12/01/2022,Bronze,557.35
CUST003128,Customer 3128,customer3128@email.com,Canada,North,21/09/2023,Platinum,752.18
CUST003129,Customer 3129,customer3129@email.com,Australia,West,09/06/2026,Platinum,289.43
CUST003130,Customer 3130,customer3130@email.com,UK,East,27/04/2025,Silver,349.73
CUST003131,Customer 3131,customer3131@email.com,France,East,27/01/2021,Silver,235.2
CUST003132,Customer 3132,customer3132@email.com,France,West,28/10/2024,Bronze,151
CUST003133,Customer 3133,customer3133@email.com,France,West,25/01/2022,Silver,198.64
CUST003134,Customer 3134,customer3134@email.com,Japan,North,17/07/2022,Gold,898.54
CUST003135,Customer 3135,customer3135@email.com,Canada,Central,24/01/2025,Gold,665.9
CUST003136,Customer 3136,customer3136@email.com,USA,Central,24/03/2020,Bronze,495.85
CUST003137,Customer 3137,customer3137@email.com,Canada,South,08/03/2024,Bronze,422.26
CUST003138,Customer 3138,customer3138@email.com,USA,North,07/12/2025,Gold,1378.31
CUST003139,Customer 3139,customer3139@email.com,France,North,24/04/2024,Gold,137.76
CUST003140,Customer 3140,customer3140@email.com,UK,South,11/10/2020,Platinum,264.67
CUST003141,Customer 3141,customer3141@email.com,Germany,East,14/01/2022,Bronze,315.34
CUST003142,Customer 3142,customer3142@email.com,Japan,Central,25/09/2021,Silver,862.61
CUST003143,Customer 3143,customer3143@email.com,UK,Central,10/12/2024,Silver,2547.4
CUST003144,Customer 3144,customer3144@email.com,USA,Central,28/12/2024,Bronze,237.66
CUST003145,Customer 3145,customer3145@email.com,Canada,East,10/01/2026,Gold,1136.96
CUST003146,Customer 3146,customer3146@email.com,Japan,South,17/03/2021,Silver,987.81
CUST003147,Customer 3147,customer3147@email.com,India,South,12/02/2021,Silver,227.23
CUST003148,Customer 3148,customer3148@email.com,Japan,West,16/11/2026,Platinum,354.86
CUST003149,Customer 3149,customer3149@email.com,Canada,Central,08/01/2025,Bronze,363.54
CUST003150,Customer 3150,customer3150@email.com,Germany,East,17/10/2023,Silver,2013.4
CUST003151,Customer 3151,customer3151@email.com,India,South,07/09/2022,Platinum,199.77
CUST003152,Customer 3152,customer3152@email.com,Japan,North,19/06/2020,Platinum,902.62
CUST003153,Customer 3153,customer3153@email.com,Canada,Central,18/08/2026,Bronze,303.38
CUST003154,Customer 3154,customer3154@email.com,Australia,Central,05/08/2023,Silver,756.28
CUST003155,Customer 3155,customer3155@email.com,Japan,South,03/03/2023,Platinum,372.37
CUST003156,Customer 3156,customer3156@email.com,France,West,22/03/2022,Platinum,531.8
CUST003157,Customer 3157,customer3157@email.com,Australia,North,17/11/2024,Platinum,993.72
CUST003158,Customer 3158,customer3158@email.com,India,North,07/04/2020,Gold,915.24
CUST003159,Customer 3159,customer3159@email.com,India,Central,17/04/2026,Platinum,1106.54
CUST003160,Customer 3160,customer3160@email.com,India,East,06/06/2023,Bronze,130.73
CUST003161,Customer 3161,customer3161@email.com,USA,South,30/11/2025,Bronze,688.91
CUST003162,Customer 3162,customer3162@email.com,UK,East,11/06/2023,Bronze,175.4
CUST003163,Customer 3163,customer3163@email.com,USA,North,28/12/2025,Gold,368.77
CUST003164,Customer 3164,customer3164@email.com,Germany,East,25/04/2024,Bronze,497.69
CUST003165,Customer 3165,customer3165@email.com,UK,Central,11/11/2024,Gold,357.7
CUST003166,Customer 3166,customer3166@email.com,Germany,North,02/07/2020,Platinum,466.58
CUST003167,Customer 3167,customer3167@email.com,Germany,East,30/01/2022,Bronze,2931.27
CUST003168,Customer 3168,customer3168@email.com,India,South,13/04/2022,Bronze,172.64
CUST003169,Customer 3169,customer3169@email.com,Australia,South,04/07/2020,Bronze,662.67
CUST003170,Customer 3170,customer3170@email.com,USA,South,04/04/2023,Gold,352.09
CUST003171,Customer 3171,customer3171@email.com,Australia,South,26/12/2021,Gold,171.36
CUST003172,Customer 3172,customer3172@email.com,USA,South,04/07/2024,Silver,186.43
CUST003173,Customer 3173,customer3173@email.com,Germany,Central,18/09/2026,Gold,1590.65
CUST003174,Customer 3174,customer3174@email.com,France,South,27/09/2024,Gold,1158.47
CUST003175,Customer 3175,customer3175@email.com,USA,West,03/08/2024,Platinum,1287.8
CUST003176,Customer 3176,customer3176@email.com,France,South,24/03/2024,Platinum,2485.78
CUST003177,Customer 3177,customer3177@email.com,USA,West,04/11/2022,Bronze,216.8
CUST003178,Customer 3178,customer3178@email.com,UK,South,13/01/2025,Bronze,319.59
CUST003179,Customer 3179,customer3179@email.com,Canada,South,13/04/2021,Platinum,653.15
CUST003180,Customer 3180,customer3180@email.com,UK,Central,29/09/2020,Gold,430.63
CUST003181,Customer 3181,customer3181@email.com,France,West,16/11/2021,Gold,370.98
CUST003182,Customer 3182,customer3182@email.com,France,East,05/01/2026,Gold,321.44
CUST003183,Customer 3183,customer3183@email.com,Canada,West,20/03/2021,Silver,550.43
CUST003184,Customer 3184,customer3184@email.com,India,South,20/12/2020,Silver,528.53
CUST003185,Customer 3185,customer3185@email.com,USA,West,23/10/2025,Platinum,188.05
CUST003186,Customer 3186,customer3186@email.com,Canada,South,23/03/2021,Bronze,419.08
CUST003187,Customer 3187,customer3187@email.com,UK,North,08/05/2024,Bronze,503.13
CUST003188,Customer 3188,customer3188@email.com,Australia,Central,17/09/2022,Gold,522.32
CUST003189,Customer 3189,customer3189@email.com,UK,West,29/11/2024,Bronze,217.93
CUST003190,Customer 3190,customer3190@email.com,Germany,South,24/08/2025,Gold,777.92
CUST003191,Customer 3191,customer3191@email.com,USA,South,28/06/2020,Gold,112.76
CUST003192,Customer 3192,customer3192@email.com,UK,East,24/10/2022,Platinum,319.12
CUST003193,Customer 3193,customer3193@email.com,USA,West,01/04/2022,Platinum,857.55
CUST003194,Customer 3194,customer3194@email.com,France,Central,19/09/2021,Bronze,514.93
CUST003195,Customer 3195,customer3195@email.com,UK,South,11/07/2022,Gold,251.34
CUST003196,Customer 3196,customer3196@email.com,USA,West,02/12/2024,Bronze,693.64
CUST003197,Customer 3197,customer3197@email.com,France,Central,03/10/2022,Silver,518.96
CUST003198,Customer 3198,customer3198@email.com,Japan,North,10/08/2021,Bronze,895.42
CUST003199,Customer 3199,customer3199@email.com,Australia,Central,23/09/2020,Bronze,764.06
CUST003200,Customer 3200,customer3200@email.com,UK,East,08/12/2026,Gold,570.94
CUST003201,Customer 3201,customer3201@email.com,UK,North,06/06/2020,Silver,434.89
CUST003202,Customer 3202,customer3202@email.com,Australia,North,25/01/2020,Bronze,171.46
CUST003203,Customer 3203,customer3203@email.com,Canada,South,06/05/2024,Bronze,251.45
CUST003204,Customer 3204,customer3204@email.com,Canada,North,27/04/2026,Platinum,371.59
CUST003205,Customer 3205,customer3205@email.com,Australia,East,29/05/2026,Platinum,557.27
CUST003206,Customer 3206,customer3206@email.com,Germany,West,15/01/2025,Gold,460.47
CUST003207,Customer 3207,customer3207@email.com,India,West,14/11/2023,Silver,269.97
CUST003208,Customer 3208,customer3208@email.com,Japan,South,03/02/2025,Silver,103.24
CUST003209,Customer 3209,customer3209@email.com,UK,West,20/03/2023,Gold,442.83
CUST003210,Customer 3210,customer3210@email.com,Japan,North,18/10/2021,Platinum,268.17
CUST003211,Customer 3211,customer3211@email.com,UK,North,13/05/2023,Platinum,763.27
CUST003212,Customer 3212,customer3212@email.com,Germany,West,07/08/2024,Silver,112.12
CUST003213,Customer 3213,customer3213@email.com,Germany,West,16/12/2023,Platinum,539.53
CUST003214,Customer 3214,customer3214@email.com,India,West,07/09/2024,Platinum,1519.14
CUST003215,Customer 3215,customer3215@email.com,India,East,10/05/2024,Gold,195.83
CUST003216,Customer 3216,customer3216@email.com,Australia,South,28/08/2023,Silver,419
CUST003217,Customer 3217,customer3217@email.com,Germany,South,04/10/2022,Silver,147.94
CUST003218,Customer 3218,customer3218@email.com,Japan,West,09/12/2026,Platinum,591.32
CUST003219,Customer 3219,customer3219@email.com,France,South,15/03/2024,Platinum,499.84
CUST003220,Customer 3220,customer3220@email.com,India,North,01/08/2021,Platinum,361.59
CUST003221,Customer 3221,customer3221@email.com,Australia,North,15/05/2023,Silver,468.42
CUST003222,Customer 3222,customer3222@email.com,Japan,Central,08/06/2022,Silver,1234.45
CUST003223,Customer 3223,customer3223@email.com,Australia,South,23/04/2024,Platinum,209.26
CUST003224,Customer 3224,customer3224@email.com,Germany,West,07/04/2020,Silver,111.41
CUST003225,Customer 3225,customer3225@email.com,UK,West,24/01/2023,Silver,1089.04
CUST003226,Customer 3226,customer3226@email.com,Australia,East,09/09/2021,Platinum,530.33
CUST003227,Customer 3227,customer3227@email.com,UK,West,03/10/2022,Gold,1206.64
CUST003228,Customer 3228,customer3228@email.com,USA,North,05/11/2026,Bronze,554.34
CUST003229,Customer 3229,customer3229@email.com,USA,North,17/12/2020,Bronze,930.79
CUST003230,Customer 3230,customer3230@email.com,Canada,East,19/09/2023,Gold,380.77
CUST003231,Customer 3231,customer3231@email.com,UK,South,11/04/2022,Gold,792.87
CUST003232,Customer 3232,customer3232@email.com,Japan,Central,27/09/2020,Gold,1321.16
CUST003233,Customer 3233,customer3233@email.com,India,West,17/07/2026,Gold,524.46
CUST003234,Customer 3234,customer3234@email.com,France,East,18/12/2021,Bronze,199.7
CUST003235,Customer 3235,customer3235@email.com,UK,South,20/04/2026,Silver,256.53
CUST003236,Customer 3236,customer3236@email.com,Canada,Central,27/08/2024,Platinum,210.73
CUST003237,Customer 3237,customer3237@email.com,India,East,10/10/2021,Silver,241.75
CUST003238,Customer 3238,customer3238@email.com,UK,West,09/04/2021,Bronze,282.94
CUST003239,Customer 3239,customer3239@email.com,UK,West,10/06/2020,Platinum,504.99
CUST003240,Customer 3240,customer3240@email.com,India,South,02/04/2024,Bronze,543.36
CUST003241,Customer 3241,customer3241@email.com,Japan,West,28/07/2026,Silver,378
CUST003242,Customer 3242,customer3242@email.com,USA,West,06/01/2025,Gold,577.8
CUST003243,Customer 3243,customer3243@email.com,Canada,East,23/10/2023,Bronze,142.55
CUST003244,Customer 3244,customer3244@email.com,UK,Central,26/12/2021,Gold,145.94
CUST003245,Customer 3245,customer3245@email.com,UK,North,31/05/2024,Silver,194.27
CUST003246,Customer 3246,customer3246@email.com,France,North,06/08/2023,Gold,464.99
CUST003247,Customer 3247,customer3247@email.com,India,North,05/10/2026,Platinum,220.4
CUST003248,Customer 3248,customer3248@email.com,Japan,East,23/11/2021,Silver,266.54
CUST003249,Customer 3249,customer3249@email.com,France,Central,03/10/2025,Bronze,355.67
CUST003250,Customer 3250,customer3250@email.com,Japan,South,28/06/2025,Bronze,935.3
CUST003251,Customer 3251,customer3251@email.com,France,East,05/09/2022,Platinum,106.98
CUST003252,Customer 3252,customer3252@email.com,Japan,North,08/11/2024,Gold,624.02
CUST003253,Customer 3253,customer3253@email.com,Canada,East,19/02/2025,Bronze,652.63
CUST003254,Customer 3254,customer3254@email.com,USA,Central,19/06/2021,Bronze,901.37
CUST003255,Customer 3255,customer3255@email.com,Australia,South,24/05/2023,Platinum,1449.69
CUST003256,Customer 3256,customer3256@email.com,Australia,North,05/04/2024,Gold,110.17
CUST003257,Customer 3257,customer3257@email.com,Japan,East,16/03/2024,Platinum,183.49
CUST003258,Customer 3258,customer3258@email.com,Japan,South,25/07/2024,Gold,1186.53
CUST003259,Customer 3259,customer3259@email.com,Germany,West,07/12/2022,Gold,406.72
CUST003260,Customer 3260,customer3260@email.com,Canada,West,28/12/2022,Bronze,515.73
CUST003261,Customer 3261,customer3261@email.com,Canada,North,29/07/2023,Silver,643.88
CUST003262,Customer 3262,customer3262@email.com,Germany,North,14/03/2021,Silver,668.26
CUST003263,Customer 3263,customer3263@email.com,Canada,South,09/03/2024,Silver,1442.22
CUST003264,Customer 3264,customer3264@email.com,Canada,North,23/12/2020,Bronze,2996.21
CUST003265,Customer 3265,customer3265@email.com,Canada,South,29/10/2023,Platinum,736.76
CUST003266,Customer 3266,customer3266@email.com,Canada,Central,17/09/2023,Bronze,269.29
CUST003267,Customer 3267,customer3267@email.com,UK,South,18/08/2020,Bronze,1159.1
CUST003268,Customer 3268,customer3268@email.com,Canada,North,30/01/2022,Bronze,125.24
CUST003269,Customer 3269,customer3269@email.com,Germany,South,08/11/2024,Bronze,231.38
CUST003270,Customer 3270,customer3270@email.com,Australia,East,21/11/2020,Silver,1238.39
CUST003271,Customer 3271,customer3271@email.com,Germany,West,03/05/2025,Silver,247.99
CUST003272,Customer 3272,customer3272@email.com,France,Central,05/04/2025,Bronze,224.65
CUST003273,Customer 3273,customer3273@email.com,UK,Central,17/12/2024,Bronze,174.32
CUST003274,Customer 3274,customer3274@email.com,UK,South,21/11/2020,Gold,1079.89
CUST003275,Customer 3275,customer3275@email.com,Germany,North,12/08/2021,Bronze,446.63
CUST003276,Customer 3276,customer3276@email.com,UK,East,09/02/2022,Silver,661.8
CUST003277,Customer 3277,customer3277@email.com,Australia,Central,27/10/2021,Gold,236.6
CUST003278,Customer 3278,customer3278@email.com,Australia,Central,29/09/2026,Gold,809.49
CUST003279,Customer 3279,customer3279@email.com,Australia,East,12/06/2022,Gold,813.57
CUST003280,Customer 3280,customer3280@email.com,USA,East,13/09/2022,Gold,287.42
CUST003281,Customer 3281,customer3281@email.com,Canada,North,22/10/2021,Bronze,364.4
CUST003282,Customer 3282,customer3282@email.com,Japan,North,16/07/2025,Platinum,217.67
CUST003283,Customer 3283,customer3283@email.com,India,North,23/11/2020,Bronze,1976.68
CUST003284,Customer 3284,customer3284@email.com,Japan,Central,28/07/2023,Bronze,618.67
CUST003285,Customer 3285,customer3285@email.com,France,East,20/05/2026,Platinum,1463.19
CUST003286,Customer 3286,customer3286@email.com,India,East,06/01/2024,Platinum,280.76
CUST003287,Customer 3287,customer3287@email.com,India,East,14/05/2023,Silver,861.38
CUST003288,Customer 3288,customer3288@email.com,UK,North,23/07/2022,Gold,825.92
CUST003289,Customer 3289,customer3289@email.com,India,West,05/08/2024,Gold,688.27
CUST003290,Customer 3290,customer3290@email.com,India,West,09/07/2024,Platinum,1785.42
CUST003291,Customer 3291,customer3291@email.com,UK,West,17/09/2021,Platinum,350.07
CUST003292,Customer 3292,customer3292@email.com,UK,East,10/04/2020,Platinum,170.04
CUST003293,Customer 3293,customer3293@email.com,Australia,East,03/09/2021,Bronze,656.93
CUST003294,Customer 3294,customer3294@email.com,UK,South,14/11/2024,Silver,753.39
CUST003295,Customer 3295,customer3295@email.com,Canada,North,07/06/2022,Platinum,527.9
CUST003296,Customer 3296,customer3296@email.com,UK,East,18/04/2025,Gold,215.85
CUST003297,Customer 3297,customer3297@email.com,USA,West,21/03/2022,Platinum,451.05
CUST003298,Customer 3298,customer3298@email.com,France,Central,10/10/2021,Gold,287.12
CUST003299,Customer 3299,customer3299@email.com,Germany,West,21/07/2022,Platinum,378.84
CUST003300,Customer 3300,customer3300@email.com,Australia,South,07/11/2024,Platinum,618.13
CUST003301,Customer 3301,customer3301@email.com,Japan,North,01/09/2020,Bronze,783.67
CUST003302,Customer 3302,customer3302@email.com,India,Central,17/08/2023,Gold,232.13
CUST003303,Customer 3303,customer3303@email.com,Germany,Central,02/08/2021,Platinum,359.87
CUST003304,Customer 3304,customer3304@email.com,Australia,West,05/06/2022,Bronze,256.78
CUST003305,Customer 3305,customer3305@email.com,UK,East,15/06/2023,Gold,210.72
CUST003306,Customer 3306,customer3306@email.com,Australia,Central,08/12/2026,Bronze,864.82
CUST003307,Customer 3307,customer3307@email.com,UK,Central,19/09/2026,Gold,1299.84
CUST003308,Customer 3308,customer3308@email.com,Japan,South,29/10/2023,Gold,331.2
CUST003309,Customer 3309,customer3309@email.com,India,North,04/05/2026,Bronze,795.71
CUST003310,Customer 3310,customer3310@email.com,Japan,West,05/01/2025,Silver,1236.49
CUST003311,Customer 3311,customer3311@email.com,Japan,South,07/05/2022,Gold,1035.8
CUST003312,Customer 3312,customer3312@email.com,France,Central,04/05/2025,Gold,200.94
CUST003313,Customer 3313,customer3313@email.com,Japan,South,22/06/2026,Silver,1665.11
CUST003314,Customer 3314,customer3314@email.com,Germany,Central,11/08/2023,Silver,336.34
CUST003315,Customer 3315,customer3315@email.com,India,Central,17/10/2022,Platinum,307.18
CUST003316,Customer 3316,customer3316@email.com,Japan,Central,20/03/2020,Bronze,132.23
CUST003317,Customer 3317,customer3317@email.com,UK,Central,22/04/2024,Gold,432.93
CUST003318,Customer 3318,customer3318@email.com,India,West,29/11/2020,Gold,157.71
CUST003319,Customer 3319,customer3319@email.com,India,West,01/10/2020,Silver,242.87
CUST003320,Customer 3320,customer3320@email.com,UK,East,05/02/2023,Bronze,290.59
CUST003321,Customer 3321,customer3321@email.com,Germany,South,24/04/2025,Bronze,927.29
CUST003322,Customer 3322,customer3322@email.com,Japan,Central,02/09/2023,Platinum,1141.68
CUST003323,Customer 3323,customer3323@email.com,UK,East,20/04/2026,Gold,280.1
CUST003324,Customer 3324,customer3324@email.com,Japan,Central,08/06/2025,Silver,1078.43
CUST003325,Customer 3325,customer3325@email.com,Canada,East,09/02/2022,Bronze,1073.26
CUST003326,Customer 3326,customer3326@email.com,France,South,09/03/2022,Platinum,823.34
CUST003327,Customer 3327,customer3327@email.com,USA,East,28/09/2024,Gold,179.32
CUST003328,Customer 3328,customer3328@email.com,UK,East,16/04/2022,Bronze,686.11
CUST003329,Customer 3329,customer3329@email.com,Australia,North,28/04/2020,Gold,1550.43
CUST003330,Customer 3330,customer3330@email.com,UK,West,19/03/2025,Platinum,673.7
CUST003331,Customer 3331,customer3331@email.com,UK,Central,24/03/2026,Platinum,301.45
CUST003332,Customer 3332,customer3332@email.com,Canada,East,10/07/2023,Platinum,447.15
CUST003333,Customer 3333,customer3333@email.com,Germany,Central,04/02/2023,Platinum,618.84
CUST003334,Customer 3334,customer3334@email.com,UK,Central,12/03/2023,Silver,457.26
CUST003335,Customer 3335,customer3335@email.com,USA,North,15/08/2023,Bronze,163.89
CUST003336,Customer 3336,customer3336@email.com,India,East,30/08/2023,Silver,287.03
CUST003337,Customer 3337,customer3337@email.com,Australia,Central,15/07/2023,Bronze,910.75
CUST003338,Customer 3338,customer3338@email.com,Japan,West,13/11/2024,Silver,1088.15
CUST003339,Customer 3339,customer3339@email.com,USA,East,30/08/2023,Gold,173.84
CUST003340,Customer 3340,customer3340@email.com,USA,Central,05/05/2026,Bronze,1622.32
CUST003341,Customer 3341,customer3341@email.com,India,North,24/06/2021,Bronze,299.36
CUST003342,Customer 3342,customer3342@email.com,UK,North,27/07/2021,Silver,642.82
CUST003343,Customer 3343,customer3343@email.com,Canada,East,20/08/2022,Gold,796.81
CUST003344,Customer 3344,customer3344@email.com,Canada,West,17/10/2023,Gold,935.51
CUST003345,Customer 3345,customer3345@email.com,India,West,11/10/2020,Bronze,1557.07
CUST003346,Customer 3346,customer3346@email.com,Australia,West,19/11/2025,Silver,287.65
CUST003347,Customer 3347,customer3347@email.com,Canada,South,23/02/2026,Platinum,1077.75
CUST003348,Customer 3348,customer3348@email.com,Canada,East,13/10/2021,Silver,170.6
CUST003349,Customer 3349,customer3349@email.com,USA,Central,07/09/2022,Bronze,710.46
CUST003350,Customer 3350,customer3350@email.com,Germany,West,02/08/2020,Bronze,777.35
CUST003351,Customer 3351,customer3351@email.com,Germany,South,21/06/2020,Silver,666.17
CUST003352,Customer 3352,customer3352@email.com,Japan,East,17/07/2021,Platinum,245.39
CUST003353,Customer 3353,customer3353@email.com,USA,Central,09/06/2024,Gold,1131.95
CUST003354,Customer 3354,customer3354@email.com,USA,West,09/07/2025,Bronze,192.48
CUST003355,Customer 3355,customer3355@email.com,Germany,Central,13/06/2020,Bronze,127.56
CUST003356,Customer 3356,customer3356@email.com,Germany,Central,05/05/2022,Platinum,731.98
CUST003357,Customer 3357,customer3357@email.com,Japan,North,30/01/2020,Gold,422.63
CUST003358,Customer 3358,customer3358@email.com,UK,West,16/09/2025,Silver,1045.56
CUST003359,Customer 3359,customer3359@email.com,USA,Central,15/09/2021,Gold,341.77
CUST003360,Customer 3360,customer3360@email.com,Japan,Central,24/12/2022,Platinum,192.13
CUST003361,Customer 3361,customer3361@email.com,Germany,Central,16/10/2021,Gold,1005.29
CUST003362,Customer 3362,customer3362@email.com,Germany,East,02/10/2023,Gold,498.04
CUST003363,Customer 3363,customer3363@email.com,Canada,East,27/05/2024,Platinum,204.86
CUST003364,Customer 3364,customer3364@email.com,India,Central,28/04/2020,Platinum,737.17
CUST003365,Customer 3365,customer3365@email.com,UK,North,18/04/2022,Bronze,457.81
CUST003366,Customer 3366,customer3366@email.com,Canada,South,06/05/2024,Silver,563.57
CUST003367,Customer 3367,customer3367@email.com,France,South,24/05/2026,Gold,408.93
CUST003368,Customer 3368,customer3368@email.com,India,North,18/01/2024,Silver,982.2
CUST003369,Customer 3369,customer3369@email.com,France,South,10/05/2026,Bronze,984.69
CUST003370,Customer 3370,customer3370@email.com,USA,South,23/06/2023,Silver,717.88
CUST003371,Customer 3371,customer3371@email.com,Germany,West,29/09/2023,Platinum,155.69
CUST003372,Customer 3372,customer3372@email.com,India,West,02/09/2023,Silver,1012.72
CUST003373,Customer 3373,customer3373@email.com,India,Central,06/07/2025,Gold,655.87
CUST003374,Customer 3374,customer3374@email.com,Canada,Central,14/10/2022,Bronze,697.05
CUST003375,Customer 3375,customer3375@email.com,USA,Central,02/01/2020,Bronze,325.48
CUST003376,Customer 3376,customer3376@email.com,France,North,15/02/2020,Gold,1157.14
CUST003377,Customer 3377,customer3377@email.com,Australia,Central,27/12/2024,Silver,746.17
CUST003378,Customer 3378,customer3378@email.com,USA,East,02/02/2021,Silver,159.72
CUST003379,Customer 3379,customer3379@email.com,Australia,East,20/02/2022,Bronze,361.94
CUST003380,Customer 3380,customer3380@email.com,Australia,North,20/02/2023,Gold,1187.45
CUST003381,Customer 3381,customer3381@email.com,Canada,East,23/05/2020,Silver,124.17
CUST003382,Customer 3382,customer3382@email.com,India,South,12/12/2022,Bronze,1727.47
CUST003383,Customer 3383,customer3383@email.com,India,South,04/05/2020,Bronze,668.41
CUST003384,Customer 3384,customer3384@email.com,Canada,South,06/04/2021,Platinum,598.99
CUST003385,Customer 3385,customer3385@email.com,France,East,02/07/2026,Bronze,257.74
CUST003386,Customer 3386,customer3386@email.com,India,North,25/04/2026,Silver,243.04
CUST003387,Customer 3387,customer3387@email.com,Canada,West,01/06/2022,Platinum,1524.16
CUST003388,Customer 3388,customer3388@email.com,USA,West,02/05/2020,Platinum,277.11
CUST003389,Customer 3389,customer3389@email.com,Australia,South,22/03/2025,Bronze,846.95
CUST003390,Customer 3390,customer3390@email.com,USA,North,20/06/2026,Gold,349.71
CUST003391,Customer 3391,customer3391@email.com,India,South,27/02/2023,Gold,174.98
CUST003392,Customer 3392,customer3392@email.com,France,South,09/04/2020,Silver,105.39
CUST003393,Customer 3393,customer3393@email.com,USA,North,08/01/2025,Platinum,492.91
CUST003394,Customer 3394,customer3394@email.com,India,South,08/04/2026,Bronze,1960.26
CUST003395,Customer 3395,customer3395@email.com,Japan,North,19/03/2023,Gold,330.33
CUST003396,Customer 3396,customer3396@email.com,India,Central,11/02/2025,Silver,320.95
CUST003397,Customer 3397,customer3397@email.com,Japan,Central,08/03/2024,Silver,310.87
CUST003398,Customer 3398,customer3398@email.com,Japan,West,06/08/2023,Silver,467.55
CUST003399,Customer 3399,customer3399@email.com,Australia,East,04/07/2026,Platinum,390.5
CUST003400,Customer 3400,customer3400@email.com,France,South,24/11/2023,Platinum,1159.78
CUST003401,Customer 3401,customer3401@email.com,Australia,East,30/01/2026,Platinum,452.13
CUST003402,Customer 3402,customer3402@email.com,France,South,20/12/2020,Gold,454.39
CUST003403,Customer 3403,customer3403@email.com,India,West,09/01/2024,Silver,174.47
CUST003404,Customer 3404,customer3404@email.com,Japan,Central,24/06/2020,Silver,2129.67
CUST003405,Customer 3405,customer3405@email.com,Japan,Central,18/09/2026,Silver,243.82
CUST003406,Customer 3406,customer3406@email.com,UK,South,07/06/2026,Platinum,138.1
CUST003407,Customer 3407,customer3407@email.com,Australia,North,30/11/2020,Bronze,644.05
CUST003408,Customer 3408,customer3408@email.com,Canada,Central,29/10/2025,Bronze,552.39
CUST003409,Customer 3409,customer3409@email.com,UK,South,09/11/2022,Gold,368.2
CUST003410,Customer 3410,customer3410@email.com,Canada,East,26/06/2025,Gold,374.26
CUST003411,Customer 3411,customer3411@email.com,Australia,Central,24/02/2026,Platinum,868.71
CUST003412,Customer 3412,customer3412@email.com,Japan,West,16/06/2022,Bronze,208.9
CUST003413,Customer 3413,customer3413@email.com,India,South,13/07/2022,Silver,958.1
CUST003414,Customer 3414,customer3414@email.com,Canada,West,03/01/2020,Silver,623.12
CUST003415,Customer 3415,customer3415@email.com,France,South,22/10/2020,Platinum,371.48
CUST003416,Customer 3416,customer3416@email.com,Germany,Central,25/05/2023,Bronze,406.27
CUST003417,Customer 3417,customer3417@email.com,USA,North,21/02/2022,Bronze,248.29
CUST003418,Customer 3418,customer3418@email.com,Canada,South,26/04/2023,Silver,797.39
CUST003419,Customer 3419,customer3419@email.com,Canada,East,19/10/2020,Platinum,459.62
CUST003420,Customer 3420,customer3420@email.com,Australia,East,02/05/2021,Platinum,293.46
CUST003421,Customer 3421,customer3421@email.com,France,East,13/02/2020,Platinum,553.23
CUST003422,Customer 3422,customer3422@email.com,Germany,East,15/03/2024,Platinum,2828.59
CUST003423,Customer 3423,customer3423@email.com,India,Central,11/12/2026,Bronze,385.7
CUST003424,Customer 3424,customer3424@email.com,USA,West,05/07/2025,Gold,1367.2
CUST003425,Customer 3425,customer3425@email.com,USA,East,10/12/2023,Platinum,311.57
CUST003426,Customer 3426,customer3426@email.com,Canada,West,20/04/2024,Gold,128.14
CUST003427,Customer 3427,customer3427@email.com,USA,West,01/07/2025,Bronze,214.23
CUST003428,Customer 3428,customer3428@email.com,Canada,West,19/06/2025,Gold,371.24
CUST003429,Customer 3429,customer3429@email.com,Canada,North,05/02/2026,Silver,224
CUST003430,Customer 3430,customer3430@email.com,India,West,20/01/2021,Gold,100.11
CUST003431,Customer 3431,customer3431@email.com,India,North,15/09/2022,Gold,1332.56
CUST003432,Customer 3432,customer3432@email.com,India,South,22/06/2023,Platinum,1028.56
CUST003433,Customer 3433,customer3433@email.com,USA,South,23/01/2021,Bronze,777.96
CUST003434,Customer 3434,customer3434@email.com,India,North,04/09/2025,Silver,191.85
CUST003435,Customer 3435,customer3435@email.com,France,Central,12/03/2025,Platinum,164.12
CUST003436,Customer 3436,customer3436@email.com,USA,East,03/01/2026,Bronze,135
CUST003437,Customer 3437,customer3437@email.com,India,South,17/10/2025,Platinum,743.73
CUST003438,Customer 3438,customer3438@email.com,UK,North,16/04/2023,Gold,1421.19
CUST003439,Customer 3439,customer3439@email.com,Japan,West,28/09/2026,Bronze,381.53
CUST003440,Customer 3440,customer3440@email.com,Canada,South,26/09/2021,Platinum,163.43
CUST003441,Customer 3441,customer3441@email.com,Germany,North,14/06/2025,Platinum,459.12
CUST003442,Customer 3442,customer3442@email.com,Australia,North,24/12/2021,Gold,314.49
CUST003443,Customer 3443,customer3443@email.com,Germany,East,18/01/2022,Platinum,334.86
CUST003444,Customer 3444,customer3444@email.com,India,North,25/07/2022,Bronze,585.55
CUST003445,Customer 3445,customer3445@email.com,UK,South,04/11/2021,Bronze,734.2
CUST003446,Customer 3446,customer3446@email.com,India,East,29/11/2024,Platinum,158.61
CUST003447,Customer 3447,customer3447@email.com,Japan,Central,25/03/2020,Bronze,118.12
CUST003448,Customer 3448,customer3448@email.com,India,North,10/09/2024,Gold,2686.31
CUST003449,Customer 3449,customer3449@email.com,Australia,North,22/11/2024,Bronze,232.46
CUST003450,Customer 3450,customer3450@email.com,France,East,23/12/2020,Platinum,127.67
CUST003451,Customer 3451,customer3451@email.com,Germany,South,01/07/2024,Bronze,205.28
CUST003452,Customer 3452,customer3452@email.com,UK,North,08/04/2020,Silver,119.87
CUST003453,Customer 3453,customer3453@email.com,India,Central,15/03/2022,Gold,348.63
CUST003454,Customer 3454,customer3454@email.com,France,West,01/04/2026,Bronze,910.76
CUST003455,Customer 3455,customer3455@email.com,Australia,North,29/01/2022,Bronze,308.7
CUST003456,Customer 3456,customer3456@email.com,Germany,South,09/08/2022,Gold,393.66
CUST003457,Customer 3457,customer3457@email.com,Australia,North,29/06/2021,Gold,662.87
CUST003458,Customer 3458,customer3458@email.com,USA,North,02/09/2020,Gold,455.55
CUST003459,Customer 3459,customer3459@email.com,USA,East,26/07/2026,Silver,1088.25
CUST003460,Customer 3460,customer3460@email.com,Germany,West,01/08/2023,Silver,1105.09
CUST003461,Customer 3461,customer3461@email.com,India,West,11/02/2022,Platinum,104.98
CUST003462,Customer 3462,customer3462@email.com,Canada,South,27/05/2022,Platinum,852.64
CUST003463,Customer 3463,customer3463@email.com,Canada,South,15/03/2026,Silver,408.77
CUST003464,Customer 3464,customer3464@email.com,UK,North,19/09/2025,Platinum,2347.73
CUST003465,Customer 3465,customer3465@email.com,Canada,Central,03/10/2025,Silver,430.08
CUST003466,Customer 3466,customer3466@email.com,Australia,East,08/10/2022,Silver,2267.42
CUST003467,Customer 3467,customer3467@email.com,Australia,North,11/12/2022,Platinum,802.37
CUST003468,Customer 3468,customer3468@email.com,Japan,West,24/06/2020,Bronze,242.91
CUST003469,Customer 3469,customer3469@email.com,Japan,West,27/02/2022,Platinum,486.52
CUST003470,Customer 3470,customer3470@email.com,Germany,South,19/10/2026,Platinum,2522.71
CUST003471,Customer 3471,customer3471@email.com,Australia,South,23/11/2026,Silver,1074.31
CUST003472,Customer 3472,customer3472@email.com,France,West,19/09/2026,Bronze,151.22
CUST003473,Customer 3473,customer3473@email.com,USA,West,07/11/2024,Bronze,712.72
CUST003474,Customer 3474,customer3474@email.com,Canada,South,19/04/2026,Bronze,312
CUST003475,Customer 3475,customer3475@email.com,France,West,22/02/2024,Gold,103.5
CUST003476,Customer 3476,customer3476@email.com,Japan,East,17/03/2025,Gold,358.32
CUST003477,Customer 3477,customer3477@email.com,India,Central,16/06/2023,Platinum,233.78
CUST003478,Customer 3478,customer3478@email.com,UK,West,30/04/2024,Gold,954.27
CUST003479,Customer 3479,customer3479@email.com,India,East,07/01/2021,Bronze,305.74
CUST003480,Customer 3480,customer3480@email.com,France,East,27/10/2022,Gold,978.75
CUST003481,Customer 3481,customer3481@email.com,Germany,East,31/08/2026,Gold,100.3
CUST003482,Customer 3482,customer3482@email.com,Germany,East,07/09/2022,Gold,283.95
CUST003483,Customer 3483,customer3483@email.com,Japan,Central,24/02/2022,Platinum,237.99
CUST003484,Customer 3484,customer3484@email.com,France,Central,14/02/2023,Platinum,233
CUST003485,Customer 3485,customer3485@email.com,UK,East,10/02/2022,Silver,135.31
CUST003486,Customer 3486,customer3486@email.com,Japan,South,20/01/2024,Platinum,203.59
CUST003487,Customer 3487,customer3487@email.com,UK,North,10/07/2026,Gold,505.46
CUST003488,Customer 3488,customer3488@email.com,Germany,Central,08/10/2022,Gold,272.2
CUST003489,Customer 3489,customer3489@email.com,India,East,19/01/2022,Silver,370.12
CUST003490,Customer 3490,customer3490@email.com,India,East,23/05/2024,Platinum,336.5
CUST003491,Customer 3491,customer3491@email.com,Japan,South,10/01/2026,Gold,1143.35
CUST003492,Customer 3492,customer3492@email.com,Canada,East,18/10/2026,Bronze,1278.52
CUST003493,Customer 3493,customer3493@email.com,Australia,North,22/03/2024,Bronze,439.58
CUST003494,Customer 3494,customer3494@email.com,France,West,12/02/2022,Platinum,300.36
CUST003495,Customer 3495,customer3495@email.com,France,Central,05/03/2026,Platinum,156.47
CUST003496,Customer 3496,customer3496@email.com,France,North,26/03/2022,Platinum,1633.11
CUST003497,Customer 3497,customer3497@email.com,Canada,West,28/06/2025,Platinum,131.06
CUST003498,Customer 3498,customer3498@email.com,Japan,North,03/05/2024,Silver,276.66
CUST003499,Customer 3499,customer3499@email.com,Canada,East,11/01/2022,Bronze,276.96
CUST003500,Customer 3500,customer3500@email.com,Canada,East,17/06/2020,Bronze,293.13
CUST003501,Customer 3501,customer3501@email.com,France,South,24/02/2026,Bronze,189.73
CUST003502,Customer 3502,customer3502@email.com,Germany,North,29/09/2024,Bronze,864.3
CUST003503,Customer 3503,customer3503@email.com,Canada,East,10/02/2020,Gold,165.34
CUST003504,Customer 3504,customer3504@email.com,Australia,South,10/03/2023,Silver,603.8
CUST003505,Customer 3505,customer3505@email.com,France,Central,21/06/2022,Gold,166.11
CUST003506,Customer 3506,customer3506@email.com,UK,North,26/08/2022,Gold,136.57
CUST003507,Customer 3507,customer3507@email.com,UK,West,19/06/2022,Silver,1300.81
CUST003508,Customer 3508,customer3508@email.com,USA,South,27/01/2026,Bronze,205.44
CUST003509,Customer 3509,customer3509@email.com,France,West,28/05/2026,Bronze,960.88
CUST003510,Customer 3510,customer3510@email.com,Germany,West,26/01/2021,Silver,493.32
CUST003511,Customer 3511,customer3511@email.com,India,Central,18/09/2022,Silver,140.53
CUST003512,Customer 3512,customer3512@email.com,Germany,East,11/12/2021,Bronze,1655.55
CUST003513,Customer 3513,customer3513@email.com,Germany,East,13/01/2020,Platinum,241.82
CUST003514,Customer 3514,customer3514@email.com,Australia,West,02/07/2026,Silver,1081.79
CUST003515,Customer 3515,customer3515@email.com,Canada,North,09/08/2022,Platinum,192.45
CUST003516,Customer 3516,customer3516@email.com,India,South,24/12/2024,Platinum,1061.88
CUST003517,Customer 3517,customer3517@email.com,Australia,North,24/11/2026,Gold,106.66
CUST003518,Customer 3518,customer3518@email.com,India,West,20/04/2022,Gold,458.5
CUST003519,Customer 3519,customer3519@email.com,USA,West,12/08/2023,Platinum,833.63
CUST003520,Customer 3520,customer3520@email.com,Germany,East,16/12/2024,Silver,1465.11
CUST003521,Customer 3521,customer3521@email.com,Australia,South,12/11/2020,Platinum,1299.56
CUST003522,Customer 3522,customer3522@email.com,Germany,East,28/04/2022,Gold,956.36
CUST003523,Customer 3523,customer3523@email.com,France,South,17/07/2024,Gold,1195.48
CUST003524,Customer 3524,customer3524@email.com,Australia,Central,03/08/2022,Platinum,211.08
CUST003525,Customer 3525,customer3525@email.com,Germany,North,09/04/2020,Platinum,267.17
CUST003526,Customer 3526,customer3526@email.com,Australia,Central,30/03/2020,Gold,270.52
CUST003527,Customer 3527,customer3527@email.com,Australia,North,12/01/2024,Platinum,336.65
CUST003528,Customer 3528,customer3528@email.com,India,West,22/11/2024,Bronze,349.88
CUST003529,Customer 3529,customer3529@email.com,France,East,26/11/2024,Silver,493.24
CUST003530,Customer 3530,customer3530@email.com,Japan,East,07/01/2023,Platinum,187.11
CUST003531,Customer 3531,customer3531@email.com,UK,South,09/10/2021,Silver,687.61
CUST003532,Customer 3532,customer3532@email.com,Australia,East,28/05/2020,Bronze,191.7
CUST003533,Customer 3533,customer3533@email.com,Canada,South,25/07/2022,Bronze,285.76
CUST003534,Customer 3534,customer3534@email.com,USA,East,25/11/2026,Bronze,449.93
CUST003535,Customer 3535,customer3535@email.com,France,West,21/11/2025,Silver,895.9
CUST003536,Customer 3536,customer3536@email.com,UK,West,15/04/2023,Gold,772.52
CUST003537,Customer 3537,customer3537@email.com,Germany,West,31/01/2022,Gold,618.57
CUST003538,Customer 3538,customer3538@email.com,Canada,South,13/11/2021,Bronze,184.67
CUST003539,Customer 3539,customer3539@email.com,USA,Central,18/12/2026,Silver,495.98
CUST003540,Customer 3540,customer3540@email.com,India,West,26/03/2023,Silver,145.75
CUST003541,Customer 3541,customer3541@email.com,USA,South,25/08/2022,Bronze,336.9
CUST003542,Customer 3542,customer3542@email.com,Canada,East,02/10/2020,Silver,366.81
CUST003543,Customer 3543,customer3543@email.com,Canada,West,27/12/2025,Gold,120.31
CUST003544,Customer 3544,customer3544@email.com,UK,Central,02/01/2022,Silver,260.09
CUST003545,Customer 3545,customer3545@email.com,USA,East,03/10/2022,Silver,1657.82
CUST003546,Customer 3546,customer3546@email.com,USA,Central,20/01/2023,Bronze,1635.58
CUST003547,Customer 3547,customer3547@email.com,UK,South,01/06/2024,Bronze,317.18
CUST003548,Customer 3548,customer3548@email.com,UK,South,05/04/2025,Silver,122.03
CUST003549,Customer 3549,customer3549@email.com,Japan,Central,30/10/2026,Gold,198.67
CUST003550,Customer 3550,customer3550@email.com,Germany,West,09/03/2025,Silver,348.97
CUST003551,Customer 3551,customer3551@email.com,Germany,South,26/03/2021,Bronze,1576.14
CUST003552,Customer 3552,customer3552@email.com,Australia,South,01/10/2020,Bronze,176.11
CUST003553,Customer 3553,customer3553@email.com,India,Central,22/03/2023,Platinum,820.94
CUST003554,Customer 3554,customer3554@email.com,Australia,Central,05/06/2024,Platinum,157.53
CUST003555,Customer 3555,customer3555@email.com,Japan,Central,29/10/2025,Platinum,2088.48
CUST003556,Customer 3556,customer3556@email.com,Australia,South,26/10/2022,Platinum,340.32
CUST003557,Customer 3557,customer3557@email.com,USA,South,01/06/2021,Bronze,846.35
CUST003558,Customer 3558,customer3558@email.com,Japan,East,22/09/2026,Bronze,309.72
CUST003559,Customer 3559,customer3559@email.com,Australia,West,11/10/2026,Platinum,593.99
CUST003560,Customer 3560,customer3560@email.com,Japan,North,11/05/2023,Gold,206.61
CUST003561,Customer 3561,customer3561@email.com,Germany,North,18/06/2025,Silver,178.92
CUST003562,Customer 3562,customer3562@email.com,UK,West,18/11/2024,Silver,1490.83
CUST003563,Customer 3563,customer3563@email.com,Australia,South,21/05/2023,Silver,1348.37
CUST003564,Customer 3564,customer3564@email.com,Germany,West,08/03/2020,Gold,1192.26
CUST003565,Customer 3565,customer3565@email.com,Australia,West,16/06/2025,Platinum,590.99
CUST003566,Customer 3566,customer3566@email.com,Germany,West,01/03/2024,Silver,925.83
CUST003567,Customer 3567,customer3567@email.com,USA,South,30/08/2024,Silver,135.77
CUST003568,Customer 3568,customer3568@email.com,France,East,18/02/2021,Bronze,303.83
CUST003569,Customer 3569,customer3569@email.com,India,West,06/12/2023,Platinum,288.22
CUST003570,Customer 3570,customer3570@email.com,France,East,15/11/2020,Platinum,604.81
CUST003571,Customer 3571,customer3571@email.com,India,North,14/06/2020,Gold,320
CUST003572,Customer 3572,customer3572@email.com,Germany,East,19/09/2023,Silver,180.38
CUST003573,Customer 3573,customer3573@email.com,Canada,South,15/02/2020,Gold,553.75
CUST003574,Customer 3574,customer3574@email.com,USA,Central,02/09/2020,Silver,942.04
CUST003575,Customer 3575,customer3575@email.com,Japan,North,04/11/2025,Platinum,340.73
CUST003576,Customer 3576,customer3576@email.com,Japan,Central,10/07/2024,Platinum,170.94
CUST003577,Customer 3577,customer3577@email.com,Japan,East,22/11/2023,Gold,209.51
CUST003578,Customer 3578,customer3578@email.com,Canada,West,27/07/2020,Platinum,235.57
CUST003579,Customer 3579,customer3579@email.com,USA,Central,10/11/2024,Bronze,278.26
CUST003580,Customer 3580,customer3580@email.com,Australia,East,20/09/2021,Platinum,614.72
CUST003581,Customer 3581,customer3581@email.com,UK,South,30/12/2022,Silver,559.33
CUST003582,Customer 3582,customer3582@email.com,Australia,East,16/01/2021,Platinum,695.5
CUST003583,Customer 3583,customer3583@email.com,USA,North,21/06/2022,Gold,325.1
CUST003584,Customer 3584,customer3584@email.com,UK,South,19/02/2020,Platinum,968.63
CUST003585,Customer 3585,customer3585@email.com,Germany,West,20/05/2026,Silver,214.13
CUST003586,Customer 3586,customer3586@email.com,France,South,14/10/2024,Bronze,416.53
CUST003587,Customer 3587,customer3587@email.com,UK,North,28/09/2020,Gold,907.07
CUST003588,Customer 3588,customer3588@email.com,Canada,South,30/05/2025,Platinum,199.32
CUST003589,Customer 3589,customer3589@email.com,India,North,09/11/2021,Bronze,158.19
CUST003590,Customer 3590,customer3590@email.com,Japan,Central,25/02/2025,Gold,1175.72
CUST003591,Customer 3591,customer3591@email.com,France,Central,04/04/2025,Gold,309.98
CUST003592,Customer 3592,customer3592@email.com,UK,Central,30/08/2023,Gold,675.8
CUST003593,Customer 3593,customer3593@email.com,Germany,South,29/08/2026,Bronze,112.84
CUST003594,Customer 3594,customer3594@email.com,India,East,12/11/2024,Gold,685.67
CUST003595,Customer 3595,customer3595@email.com,France,West,15/09/2025,Platinum,289.97
CUST003596,Customer 3596,customer3596@email.com,France,East,29/07/2020,Bronze,128.68
CUST003597,Customer 3597,customer3597@email.com,Germany,South,29/08/2021,Silver,570.56
CUST003598,Customer 3598,customer3598@email.com,UK,North,16/03/2025,Gold,237.75
CUST003599,Customer 3599,customer3599@email.com,Australia,West,17/08/2024,Gold,344.54
CUST003600,Customer 3600,customer3600@email.com,Canada,South,10/05/2023,Silver,142.01
CUST003601,Customer 3601,customer3601@email.com,India,North,27/12/2026,Gold,179.59
CUST003602,Customer 3602,customer3602@email.com,Australia,West,21/08/2020,Platinum,276.89
CUST003603,Customer 3603,customer3603@email.com,Australia,West,22/09/2021,Bronze,147.02
CUST003604,Customer 3604,customer3604@email.com,Japan,North,29/09/2023,Gold,1308.58
CUST003605,Customer 3605,customer3605@email.com,India,West,23/08/2022,Platinum,103.03
CUST003606,Customer 3606,customer3606@email.com,Germany,West,07/08/2026,Platinum,430.69
CUST003607,Customer 3607,customer3607@email.com,France,South,21/08/2022,Silver,165.77
CUST003608,Customer 3608,customer3608@email.com,UK,Central,08/10/2023,Gold,283.85
CUST003609,Customer 3609,customer3609@email.com,Australia,North,27/08/2026,Bronze,1402.25
CUST003610,Customer 3610,customer3610@email.com,Canada,North,02/12/2020,Silver,188.19
CUST003611,Customer 3611,customer3611@email.com,Australia,West,22/01/2026,Bronze,1788.24
CUST003612,Customer 3612,customer3612@email.com,USA,North,14/09/2021,Platinum,215.21
CUST003613,Customer 3613,customer3613@email.com,USA,South,28/12/2021,Gold,776.56
CUST003614,Customer 3614,customer3614@email.com,Japan,Central,11/02/2024,Bronze,495.58
CUST003615,Customer 3615,customer3615@email.com,UK,East,14/06/2020,Gold,1179.15
CUST003616,Customer 3616,customer3616@email.com,USA,Central,13/02/2021,Bronze,503.71
CUST003617,Customer 3617,customer3617@email.com,USA,South,10/06/2020,Silver,482.39
CUST003618,Customer 3618,customer3618@email.com,India,North,19/05/2024,Gold,208.74
CUST003619,Customer 3619,customer3619@email.com,France,Central,27/08/2026,Bronze,190.9
CUST003620,Customer 3620,customer3620@email.com,France,South,14/11/2026,Bronze,1341.39
CUST003621,Customer 3621,customer3621@email.com,France,South,08/03/2025,Bronze,298.63
CUST003622,Customer 3622,customer3622@email.com,Germany,East,26/07/2025,Bronze,332.67
CUST003623,Customer 3623,customer3623@email.com,Japan,South,30/05/2024,Platinum,813.19
CUST003624,Customer 3624,customer3624@email.com,Japan,Central,27/01/2025,Gold,306.87
CUST003625,Customer 3625,customer3625@email.com,Australia,West,17/04/2023,Silver,1618.93
CUST003626,Customer 3626,customer3626@email.com,Japan,South,20/06/2023,Silver,769.57
CUST003627,Customer 3627,customer3627@email.com,UK,South,04/03/2025,Bronze,554.94
CUST003628,Customer 3628,customer3628@email.com,USA,Central,21/11/2020,Bronze,1163.88
CUST003629,Customer 3629,customer3629@email.com,Canada,West,27/08/2021,Silver,125.44
CUST003630,Customer 3630,customer3630@email.com,Canada,East,03/09/2021,Gold,248.57
CUST003631,Customer 3631,customer3631@email.com,Germany,West,03/08/2023,Platinum,412.78
CUST003632,Customer 3632,customer3632@email.com,Canada,Central,05/08/2024,Gold,228.72
CUST003633,Customer 3633,customer3633@email.com,India,North,09/05/2022,Gold,781.1
CUST003634,Customer 3634,customer3634@email.com,Australia,South,03/10/2021,Gold,1357.94
CUST003635,Customer 3635,customer3635@email.com,USA,North,27/09/2020,Gold,375.62
CUST003636,Customer 3636,customer3636@email.com,UK,West,14/05/2024,Platinum,309.38
CUST003637,Customer 3637,customer3637@email.com,Japan,West,16/06/2024,Silver,1729.21
CUST003638,Customer 3638,customer3638@email.com,Australia,East,01/09/2023,Silver,394.26
CUST003639,Customer 3639,customer3639@email.com,UK,East,31/01/2020,Platinum,435.74
CUST003640,Customer 3640,customer3640@email.com,India,East,16/01/2021,Silver,316.66
CUST003641,Customer 3641,customer3641@email.com,UK,South,21/06/2020,Platinum,1301.47
CUST003642,Customer 3642,customer3642@email.com,Germany,South,12/02/2023,Platinum,520.77
CUST003643,Customer 3643,customer3643@email.com,USA,East,06/06/2020,Gold,818.11
CUST003644,Customer 3644,customer3644@email.com,Japan,East,23/11/2026,Bronze,935.14
CUST003645,Customer 3645,customer3645@email.com,India,Central,04/03/2021,Silver,309.16
CUST003646,Customer 3646,customer3646@email.com,UK,East,14/05/2022,Gold,384.31
CUST003647,Customer 3647,customer3647@email.com,Australia,Central,14/12/2025,Silver,1043.49
CUST003648,Customer 3648,customer3648@email.com,USA,West,16/11/2024,Gold,325.69
CUST003649,Customer 3649,customer3649@email.com,India,North,15/01/2026,Gold,889.78
CUST003650,Customer 3650,customer3650@email.com,USA,West,24/09/2023,Bronze,1515.04
CUST003651,Customer 3651,customer3651@email.com,Australia,West,27/04/2025,Silver,588.03
CUST003652,Customer 3652,customer3652@email.com,Germany,West,14/07/2023,Gold,776.68
CUST003653,Customer 3653,customer3653@email.com,USA,South,14/05/2023,Gold,917.63
CUST003654,Customer 3654,customer3654@email.com,France,North,05/06/2024,Silver,1032.29
CUST003655,Customer 3655,customer3655@email.com,Germany,West,15/06/2020,Silver,351.31
CUST003656,Customer 3656,customer3656@email.com,USA,West,14/06/2024,Bronze,126.31
CUST003657,Customer 3657,customer3657@email.com,France,Central,07/11/2020,Platinum,356.98
CUST003658,Customer 3658,customer3658@email.com,France,Central,07/03/2020,Bronze,660.06
CUST003659,Customer 3659,customer3659@email.com,Germany,Central,27/07/2025,Gold,399.24
CUST003660,Customer 3660,customer3660@email.com,Germany,West,19/04/2021,Gold,791.08
CUST003661,Customer 3661,customer3661@email.com,Germany,North,26/12/2021,Platinum,320.79
CUST003662,Customer 3662,customer3662@email.com,Japan,South,22/11/2020,Platinum,603.58
CUST003663,Customer 3663,customer3663@email.com,Canada,South,25/03/2020,Gold,203.16
CUST003664,Customer 3664,customer3664@email.com,France,East,23/11/2021,Platinum,791.89
CUST003665,Customer 3665,customer3665@email.com,Australia,South,24/10/2021,Silver,494.49
CUST003666,Customer 3666,customer3666@email.com,Canada,East,20/01/2024,Gold,214.12
CUST003667,Customer 3667,customer3667@email.com,Canada,North,30/01/2026,Silver,272.59
CUST003668,Customer 3668,customer3668@email.com,USA,South,12/05/2021,Bronze,790.37
CUST003669,Customer 3669,customer3669@email.com,UK,North,11/01/2023,Platinum,429.47
CUST003670,Customer 3670,customer3670@email.com,Canada,Central,14/10/2023,Platinum,221.69
CUST003671,Customer 3671,customer3671@email.com,Canada,West,23/09/2025,Gold,1809.75
CUST003672,Customer 3672,customer3672@email.com,Japan,North,07/12/2020,Gold,727.85
CUST003673,Customer 3673,customer3673@email.com,Australia,South,23/12/2021,Gold,1674.85
CUST003674,Customer 3674,customer3674@email.com,Canada,North,15/03/2020,Silver,378.53
CUST003675,Customer 3675,customer3675@email.com,Japan,South,20/08/2021,Silver,422.27
CUST003676,Customer 3676,customer3676@email.com,Japan,North,14/05/2025,Gold,1241.17
CUST003677,Customer 3677,customer3677@email.com,Australia,North,13/05/2024,Platinum,472.27
CUST003678,Customer 3678,customer3678@email.com,UK,South,19/05/2022,Platinum,714.27
CUST003679,Customer 3679,customer3679@email.com,Canada,South,29/07/2026,Platinum,245.29
CUST003680,Customer 3680,customer3680@email.com,India,West,02/04/2026,Gold,395.95
CUST003681,Customer 3681,customer3681@email.com,Germany,North,19/02/2024,Bronze,165.88
CUST003682,Customer 3682,customer3682@email.com,Germany,North,29/01/2025,Gold,215.32
CUST003683,Customer 3683,customer3683@email.com,Japan,East,11/03/2020,Platinum,100.47
CUST003684,Customer 3684,customer3684@email.com,Japan,West,31/01/2020,Bronze,120.03
CUST003685,Customer 3685,customer3685@email.com,Canada,Central,03/07/2021,Bronze,1992.34
CUST003686,Customer 3686,customer3686@email.com,UK,West,25/08/2026,Platinum,238.77
CUST003687,Customer 3687,customer3687@email.com,Japan,North,17/03/2026,Bronze,644.3
CUST003688,Customer 3688,customer3688@email.com,Germany,East,22/07/2023,Platinum,1013.49
CUST003689,Customer 3689,customer3689@email.com,USA,North,16/04/2023,Bronze,499.99
CUST003690,Customer 3690,customer3690@email.com,UK,East,14/05/2023,Platinum,183.11
CUST003691,Customer 3691,customer3691@email.com,France,East,18/09/2021,Platinum,751.19
CUST003692,Customer 3692,customer3692@email.com,Japan,North,31/10/2020,Platinum,558.46
CUST003693,Customer 3693,customer3693@email.com,France,West,17/06/2023,Bronze,756.99
CUST003694,Customer 3694,customer3694@email.com,France,East,17/04/2020,Silver,834.29
CUST003695,Customer 3695,customer3695@email.com,UK,Central,16/01/2021,Bronze,1952.72
CUST003696,Customer 3696,customer3696@email.com,Canada,North,24/01/2024,Gold,526.15
CUST003697,Customer 3697,customer3697@email.com,Japan,North,29/09/2023,Silver,309
CUST003698,Customer 3698,customer3698@email.com,Germany,Central,18/06/2026,Bronze,622.72
CUST003699,Customer 3699,customer3699@email.com,USA,East,06/08/2022,Gold,135.45
CUST003700,Customer 3700,customer3700@email.com,Canada,Central,03/03/2026,Gold,1238.45
CUST003701,Customer 3701,customer3701@email.com,France,North,12/03/2026,Platinum,163.57
CUST003702,Customer 3702,customer3702@email.com,France,West,15/06/2020,Bronze,298.63
CUST003703,Customer 3703,customer3703@email.com,France,North,27/09/2023,Silver,945.72
CUST003704,Customer 3704,customer3704@email.com,Canada,Central,08/10/2020,Bronze,554.8
CUST003705,Customer 3705,customer3705@email.com,India,North,13/03/2021,Platinum,350.14
CUST003706,Customer 3706,customer3706@email.com,Australia,Central,19/01/2024,Bronze,420.69
CUST003707,Customer 3707,customer3707@email.com,UK,Central,18/12/2022,Silver,1063.95
CUST003708,Customer 3708,customer3708@email.com,Japan,South,01/12/2020,Silver,307.76
CUST003709,Customer 3709,customer3709@email.com,Canada,North,19/05/2026,Platinum,1118.76
CUST003710,Customer 3710,customer3710@email.com,UK,South,13/06/2022,Silver,146.13
CUST003711,Customer 3711,customer3711@email.com,USA,Central,28/07/2024,Gold,849.84
CUST003712,Customer 3712,customer3712@email.com,Germany,West,20/06/2026,Silver,1040.45
CUST003713,Customer 3713,customer3713@email.com,Australia,South,31/08/2020,Platinum,200.34
CUST003714,Customer 3714,customer3714@email.com,France,East,27/02/2022,Silver,381.36
CUST003715,Customer 3715,customer3715@email.com,Australia,Central,14/07/2024,Gold,190.46
CUST003716,Customer 3716,customer3716@email.com,Germany,Central,08/01/2023,Bronze,713.12
CUST003717,Customer 3717,customer3717@email.com,France,Central,17/09/2024,Platinum,483.23
CUST003718,Customer 3718,customer3718@email.com,Canada,West,06/01/2020,Silver,604.37
CUST003719,Customer 3719,customer3719@email.com,UK,Central,02/11/2022,Silver,209.38
CUST003720,Customer 3720,customer3720@email.com,Canada,South,04/07/2026,Silver,218.97
CUST003721,Customer 3721,customer3721@email.com,Germany,South,13/06/2020,Bronze,121.19
CUST003722,Customer 3722,customer3722@email.com,Australia,South,22/10/2020,Silver,294.35
CUST003723,Customer 3723,customer3723@email.com,Canada,Central,06/02/2023,Bronze,510.2
CUST003724,Customer 3724,customer3724@email.com,Canada,North,10/05/2022,Platinum,1075.73
CUST003725,Customer 3725,customer3725@email.com,Japan,South,14/03/2021,Platinum,649.7
CUST003726,Customer 3726,customer3726@email.com,UK,North,14/08/2021,Gold,385.82
CUST003727,Customer 3727,customer3727@email.com,Australia,West,24/08/2023,Gold,1630.08
CUST003728,Customer 3728,customer3728@email.com,Germany,South,21/12/2024,Silver,735.14
CUST003729,Customer 3729,customer3729@email.com,Japan,South,13/05/2024,Silver,1430.81
CUST003730,Customer 3730,customer3730@email.com,India,East,29/06/2025,Platinum,474.95
CUST003731,Customer 3731,customer3731@email.com,France,North,19/07/2020,Platinum,249.81
CUST003732,Customer 3732,customer3732@email.com,UK,North,13/03/2025,Bronze,127.14
CUST003733,Customer 3733,customer3733@email.com,France,South,22/02/2025,Platinum,747.47
CUST003734,Customer 3734,customer3734@email.com,France,South,28/03/2021,Gold,164.66
CUST003735,Customer 3735,customer3735@email.com,UK,West,18/02/2023,Bronze,280.32
CUST003736,Customer 3736,customer3736@email.com,Canada,Central,22/04/2025,Platinum,480.15
CUST003737,Customer 3737,customer3737@email.com,France,South,25/11/2023,Platinum,515.53
CUST003738,Customer 3738,customer3738@email.com,France,West,02/04/2022,Platinum,558.87
CUST003739,Customer 3739,customer3739@email.com,UK,West,09/01/2023,Silver,190.91
CUST003740,Customer 3740,customer3740@email.com,UK,North,29/11/2024,Silver,338.81
CUST003741,Customer 3741,customer3741@email.com,Australia,South,13/06/2025,Silver,580.11
CUST003742,Customer 3742,customer3742@email.com,France,East,25/03/2021,Gold,1850.27
CUST003743,Customer 3743,customer3743@email.com,France,Central,08/02/2021,Gold,750.3
CUST003744,Customer 3744,customer3744@email.com,USA,North,11/07/2024,Bronze,1379.41
CUST003745,Customer 3745,customer3745@email.com,France,East,15/09/2022,Silver,818.19
CUST003746,Customer 3746,customer3746@email.com,UK,West,27/03/2026,Bronze,547.9
CUST003747,Customer 3747,customer3747@email.com,USA,East,02/09/2021,Platinum,206.61
CUST003748,Customer 3748,customer3748@email.com,Japan,North,15/05/2026,Platinum,649.33
CUST003749,Customer 3749,customer3749@email.com,UK,North,03/03/2022,Gold,588.26
CUST003750,Customer 3750,customer3750@email.com,France,East,06/10/2024,Silver,561.24
CUST003751,Customer 3751,customer3751@email.com,Japan,North,04/07/2024,Platinum,436.46
CUST003752,Customer 3752,customer3752@email.com,Germany,South,16/04/2025,Gold,476.08
CUST003753,Customer 3753,customer3753@email.com,Japan,East,06/07/2020,Platinum,303.57
CUST003754,Customer 3754,customer3754@email.com,Japan,West,14/09/2022,Silver,466.27
CUST003755,Customer 3755,customer3755@email.com,USA,North,30/10/2024,Bronze,210.05
CUST003756,Customer 3756,customer3756@email.com,UK,South,03/05/2026,Platinum,917.83
CUST003757,Customer 3757,customer3757@email.com,Germany,West,28/06/2020,Platinum,202.76
CUST003758,Customer 3758,customer3758@email.com,Canada,North,31/12/2025,Platinum,144.4
CUST003759,Customer 3759,customer3759@email.com,Germany,South,09/07/2021,Silver,386.57
CUST003760,Customer 3760,customer3760@email.com,Canada,North,28/02/2024,Gold,636.92
CUST003761,Customer 3761,customer3761@email.com,Australia,North,17/02/2020,Gold,387.87
CUST003762,Customer 3762,customer3762@email.com,India,South,08/08/2026,Bronze,262
CUST003763,Customer 3763,customer3763@email.com,Germany,Central,27/10/2023,Bronze,508.42
CUST003764,Customer 3764,customer3764@email.com,France,Central,18/01/2021,Silver,313.09
CUST003765,Customer 3765,customer3765@email.com,India,East,29/06/2020,Silver,1450.54
CUST003766,Customer 3766,customer3766@email.com,India,South,27/01/2020,Platinum,1379.68
CUST003767,Customer 3767,customer3767@email.com,Canada,North,16/09/2023,Silver,448.95
CUST003768,Customer 3768,customer3768@email.com,France,North,15/06/2026,Platinum,298.66
CUST003769,Customer 3769,customer3769@email.com,Japan,West,30/11/2023,Silver,768.05
CUST003770,Customer 3770,customer3770@email.com,Canada,Central,20/04/2020,Bronze,118.7
CUST003771,Customer 3771,customer3771@email.com,Germany,South,01/02/2023,Silver,421.96
CUST003772,Customer 3772,customer3772@email.com,USA,South,17/08/2022,Silver,304.98
CUST003773,Customer 3773,customer3773@email.com,Germany,South,06/05/2022,Gold,1366.22
CUST003774,Customer 3774,customer3774@email.com,USA,West,02/03/2025,Silver,106.04
CUST003775,Customer 3775,customer3775@email.com,UK,North,08/12/2026,Bronze,502.39
CUST003776,Customer 3776,customer3776@email.com,Japan,East,16/04/2022,Platinum,774.81
CUST003777,Customer 3777,customer3777@email.com,Canada,South,22/09/2021,Platinum,431.81
CUST003778,Customer 3778,customer3778@email.com,USA,South,28/03/2024,Gold,144.64
CUST003779,Customer 3779,customer3779@email.com,UK,West,23/05/2020,Bronze,1896.08
CUST003780,Customer 3780,customer3780@email.com,UK,South,13/12/2020,Bronze,464.92
CUST003781,Customer 3781,customer3781@email.com,Australia,North,21/09/2021,Platinum,576.2
CUST003782,Customer 3782,customer3782@email.com,UK,East,28/07/2022,Gold,234.99
CUST003783,Customer 3783,customer3783@email.com,UK,Central,29/01/2025,Silver,430.34
CUST003784,Customer 3784,customer3784@email.com,Australia,South,13/01/2025,Platinum,380.31
CUST003785,Customer 3785,customer3785@email.com,Japan,East,17/02/2023,Silver,138.92
CUST003786,Customer 3786,customer3786@email.com,Germany,West,23/03/2020,Gold,156.11
CUST003787,Customer 3787,customer3787@email.com,India,North,18/03/2024,Bronze,1008.45
CUST003788,Customer 3788,customer3788@email.com,USA,South,03/06/2021,Bronze,237.1
CUST003789,Customer 3789,customer3789@email.com,India,West,13/04/2026,Silver,208.43
CUST003790,Customer 3790,customer3790@email.com,UK,Central,04/08/2020,Silver,451.51
CUST003791,Customer 3791,customer3791@email.com,Germany,North,01/06/2021,Bronze,832.12
CUST003792,Customer 3792,customer3792@email.com,Canada,East,16/09/2022,Bronze,131.97
CUST003793,Customer 3793,customer3793@email.com,France,East,29/11/2022,Silver,529.96
CUST003794,Customer 3794,customer3794@email.com,USA,West,31/12/2021,Platinum,163.47
CUST003795,Customer 3795,customer3795@email.com,UK,South,20/04/2022,Bronze,118.57
CUST003796,Customer 3796,customer3796@email.com,UK,Central,22/10/2025,Platinum,127.09
CUST003797,Customer 3797,customer3797@email.com,Australia,Central,19/10/2020,Bronze,998.38
CUST003798,Customer 3798,customer3798@email.com,India,South,11/08/2023,Gold,162.77
CUST003799,Customer 3799,customer3799@email.com,USA,North,15/10/2023,Bronze,123.1
CUST003800,Customer 3800,customer3800@email.com,USA,North,21/04/2020,Bronze,388.04
CUST003801,Customer 3801,customer3801@email.com,UK,Central,13/08/2023,Bronze,1028.93
CUST003802,Customer 3802,customer3802@email.com,Germany,West,04/12/2020,Bronze,252.18
CUST003803,Customer 3803,customer3803@email.com,Japan,North,03/12/2024,Bronze,373.84
CUST003804,Customer 3804,customer3804@email.com,Japan,East,05/09/2021,Platinum,120.37
CUST003805,Customer 3805,customer3805@email.com,France,East,16/04/2021,Gold,398.08
CUST003806,Customer 3806,customer3806@email.com,Canada,Central,14/10/2021,Silver,530.92
CUST003807,Customer 3807,customer3807@email.com,India,East,25/09/2026,Platinum,523.04
CUST003808,Customer 3808,customer3808@email.com,Canada,South,09/11/2025,Silver,302.05
CUST003809,Customer 3809,customer3809@email.com,USA,East,29/03/2023,Platinum,289.56
CUST003810,Customer 3810,customer3810@email.com,USA,Central,04/04/2025,Platinum,156.37
CUST003811,Customer 3811,customer3811@email.com,USA,North,29/03/2025,Bronze,328.48
CUST003812,Customer 3812,customer3812@email.com,France,South,12/01/2020,Platinum,152.4
CUST003813,Customer 3813,customer3813@email.com,Japan,North,15/11/2023,Gold,827.49
CUST003814,Customer 3814,customer3814@email.com,France,Central,14/10/2025,Silver,1794.75
CUST003815,Customer 3815,customer3815@email.com,Australia,Central,17/07/2024,Bronze,1854.52
CUST003816,Customer 3816,customer3816@email.com,Australia,South,23/08/2022,Gold,1101.5
CUST003817,Customer 3817,customer3817@email.com,Germany,East,26/09/2025,Gold,559.14
CUST003818,Customer 3818,customer3818@email.com,Japan,East,19/07/2020,Silver,703.43
CUST003819,Customer 3819,customer3819@email.com,Australia,North,20/06/2026,Bronze,267.88
CUST003820,Customer 3820,customer3820@email.com,USA,West,08/04/2025,Silver,598.17
CUST003821,Customer 3821,customer3821@email.com,Australia,Central,11/09/2022,Platinum,404.08
CUST003822,Customer 3822,customer3822@email.com,Japan,North,06/12/2026,Silver,428.91
CUST003823,Customer 3823,customer3823@email.com,Canada,North,30/05/2021,Gold,808.95
CUST003824,Customer 3824,customer3824@email.com,Canada,West,11/07/2020,Gold,265.59
CUST003825,Customer 3825,customer3825@email.com,Canada,Central,05/12/2025,Bronze,291.39
CUST003826,Customer 3826,customer3826@email.com,France,South,07/12/2022,Platinum,1392.75
CUST003827,Customer 3827,customer3827@email.com,Germany,Central,03/08/2025,Silver,128.93
CUST003828,Customer 3828,customer3828@email.com,Germany,Central,28/03/2024,Bronze,432.41
CUST003829,Customer 3829,customer3829@email.com,France,South,25/06/2024,Silver,1319.78
CUST003830,Customer 3830,customer3830@email.com,UK,West,25/09/2020,Gold,571.27
CUST003831,Customer 3831,customer3831@email.com,France,West,30/11/2021,Gold,495.28
CUST003832,Customer 3832,customer3832@email.com,USA,South,11/10/2021,Platinum,243.67
CUST003833,Customer 3833,customer3833@email.com,Japan,Central,18/06/2021,Platinum,310.25
CUST003834,Customer 3834,customer3834@email.com,Canada,East,26/05/2022,Gold,1055.44
CUST003835,Customer 3835,customer3835@email.com,India,North,02/12/2020,Platinum,509.6
CUST003836,Customer 3836,customer3836@email.com,Australia,South,09/04/2023,Gold,461.54
CUST003837,Customer 3837,customer3837@email.com,France,North,10/03/2024,Silver,152.45
CUST003838,Customer 3838,customer3838@email.com,Germany,East,09/07/2024,Gold,108.08
CUST003839,Customer 3839,customer3839@email.com,UK,East,04/02/2026,Silver,1757.76
CUST003840,Customer 3840,customer3840@email.com,Canada,West,05/04/2020,Platinum,336.59
CUST003841,Customer 3841,customer3841@email.com,Australia,East,14/06/2023,Gold,562.18
CUST003842,Customer 3842,customer3842@email.com,USA,South,02/10/2025,Bronze,141.54
CUST003843,Customer 3843,customer3843@email.com,Germany,Central,17/02/2024,Silver,674.61
CUST003844,Customer 3844,customer3844@email.com,Japan,South,02/02/2023,Platinum,1448.31
CUST003845,Customer 3845,customer3845@email.com,USA,East,03/11/2026,Bronze,528.62
CUST003846,Customer 3846,customer3846@email.com,USA,East,01/04/2023,Silver,167.4
CUST003847,Customer 3847,customer3847@email.com,Germany,South,18/04/2022,Gold,535.8
CUST003848,Customer 3848,customer3848@email.com,France,Central,06/03/2022,Gold,826.96
CUST003849,Customer 3849,customer3849@email.com,Australia,South,15/05/2021,Silver,360.79
CUST003850,Customer 3850,customer3850@email.com,Canada,North,22/02/2021,Platinum,1159.46
CUST003851,Customer 3851,customer3851@email.com,India,North,25/11/2025,Bronze,623.03
CUST003852,Customer 3852,customer3852@email.com,Germany,South,20/10/2026,Bronze,1247.55
CUST003853,Customer 3853,customer3853@email.com,India,South,21/03/2022,Silver,588.43
CUST003854,Customer 3854,customer3854@email.com,Japan,South,16/07/2024,Bronze,170.37
CUST003855,Customer 3855,customer3855@email.com,USA,North,23/07/2024,Bronze,285.31
CUST003856,Customer 3856,customer3856@email.com,India,East,11/11/2026,Platinum,212.69
CUST003857,Customer 3857,customer3857@email.com,India,Central,25/01/2021,Platinum,1297.5
CUST003858,Customer 3858,customer3858@email.com,USA,North,13/03/2026,Silver,814.39
CUST003859,Customer 3859,customer3859@email.com,USA,North,04/05/2022,Bronze,664.12
CUST003860,Customer 3860,customer3860@email.com,Australia,North,02/10/2023,Silver,279.03
CUST003861,Customer 3861,customer3861@email.com,USA,South,12/09/2026,Platinum,201.7
CUST003862,Customer 3862,customer3862@email.com,India,West,29/09/2023,Gold,806.22
CUST003863,Customer 3863,customer3863@email.com,Canada,West,07/03/2023,Bronze,421.38
CUST003864,Customer 3864,customer3864@email.com,Germany,West,18/12/2026,Gold,227.96
CUST003865,Customer 3865,customer3865@email.com,Japan,South,02/11/2026,Bronze,579.37
CUST003866,Customer 3866,customer3866@email.com,France,Central,08/11/2020,Bronze,120.58
CUST003867,Customer 3867,customer3867@email.com,France,North,19/05/2021,Gold,297.39
CUST003868,Customer 3868,customer3868@email.com,Germany,West,14/07/2022,Platinum,416.08
CUST003869,Customer 3869,customer3869@email.com,USA,Central,05/11/2023,Silver,180.06
CUST003870,Customer 3870,customer3870@email.com,Germany,South,26/07/2024,Silver,2188.47
CUST003871,Customer 3871,customer3871@email.com,UK,North,02/06/2022,Silver,217.29
CUST003872,Customer 3872,customer3872@email.com,France,East,22/01/2025,Gold,169.83
CUST003873,Customer 3873,customer3873@email.com,Canada,North,09/09/2024,Gold,213.79
CUST003874,Customer 3874,customer3874@email.com,France,South,29/05/2020,Platinum,832.8
CUST003875,Customer 3875,customer3875@email.com,Japan,North,24/06/2020,Gold,377.13
CUST003876,Customer 3876,customer3876@email.com,India,West,31/08/2022,Platinum,516.68
CUST003877,Customer 3877,customer3877@email.com,USA,Central,18/11/2024,Bronze,110.62
CUST003878,Customer 3878,customer3878@email.com,UK,West,22/04/2021,Bronze,117.52
CUST003879,Customer 3879,customer3879@email.com,Germany,North,21/06/2020,Silver,395.14
CUST003880,Customer 3880,customer3880@email.com,Australia,West,19/01/2024,Bronze,948.19
CUST003881,Customer 3881,customer3881@email.com,Australia,South,21/04/2020,Platinum,1182.45
CUST003882,Customer 3882,customer3882@email.com,Japan,South,24/10/2020,Bronze,145.35
CUST003883,Customer 3883,customer3883@email.com,Germany,East,19/12/2021,Gold,486.49
CUST003884,Customer 3884,customer3884@email.com,USA,West,28/12/2023,Silver,1322.25
CUST003885,Customer 3885,customer3885@email.com,Canada,West,21/11/2024,Platinum,345.49
CUST003886,Customer 3886,customer3886@email.com,UK,Central,04/10/2024,Silver,984.7
CUST003887,Customer 3887,customer3887@email.com,France,East,18/11/2025,Bronze,171.76
CUST003888,Customer 3888,customer3888@email.com,Germany,East,19/04/2021,Bronze,1469.73
CUST003889,Customer 3889,customer3889@email.com,India,South,01/12/2025,Gold,796
CUST003890,Customer 3890,customer3890@email.com,Germany,West,07/05/2023,Silver,1517.95
CUST003891,Customer 3891,customer3891@email.com,USA,South,26/07/2024,Silver,664.46
CUST003892,Customer 3892,customer3892@email.com,Canada,North,13/03/2024,Bronze,325.81
CUST003893,Customer 3893,customer3893@email.com,India,North,26/02/2024,Bronze,1491.77
CUST003894,Customer 3894,customer3894@email.com,Japan,Central,09/09/2025,Bronze,261.18
CUST003895,Customer 3895,customer3895@email.com,France,Central,31/03/2023,Silver,301.86
CUST003896,Customer 3896,customer3896@email.com,India,East,05/03/2020,Silver,703.34
CUST003897,Customer 3897,customer3897@email.com,Australia,Central,08/07/2024,Platinum,824.76
CUST003898,Customer 3898,customer3898@email.com,India,North,29/04/2023,Gold,1425.39
CUST003899,Customer 3899,customer3899@email.com,Japan,Central,17/08/2021,Platinum,214.58
CUST003900,Customer 3900,customer3900@email.com,Germany,South,18/05/2026,Gold,899.74
CUST003901,Customer 3901,customer3901@email.com,Canada,East,04/05/2026,Bronze,770.75
CUST003902,Customer 3902,customer3902@email.com,France,Central,11/08/2025,Silver,132.96
CUST003903,Customer 3903,customer3903@email.com,Germany,North,18/12/2021,Silver,344.88
CUST003904,Customer 3904,customer3904@email.com,France,South,02/07/2022,Platinum,266.18
CUST003905,Customer 3905,customer3905@email.com,USA,West,13/07/2024,Bronze,281.56
CUST003906,Customer 3906,customer3906@email.com,India,South,04/04/2026,Platinum,2135.71
CUST003907,Customer 3907,customer3907@email.com,India,West,27/04/2021,Bronze,614.7
CUST003908,Customer 3908,customer3908@email.com,UK,South,15/12/2024,Gold,732.35
CUST003909,Customer 3909,customer3909@email.com,Germany,Central,19/04/2026,Silver,1977.89
CUST003910,Customer 3910,customer3910@email.com,Japan,South,27/08/2023,Silver,336.77
CUST003911,Customer 3911,customer3911@email.com,USA,East,17/04/2026,Bronze,909.34
CUST003912,Customer 3912,customer3912@email.com,Australia,North,12/11/2023,Silver,385.05
CUST003913,Customer 3913,customer3913@email.com,Australia,East,08/05/2026,Bronze,1118.32
CUST003914,Customer 3914,customer3914@email.com,UK,West,27/02/2026,Gold,199.63
CUST003915,Customer 3915,customer3915@email.com,UK,West,08/02/2026,Gold,1575.25
CUST003916,Customer 3916,customer3916@email.com,Australia,Central,17/01/2021,Platinum,223.44
CUST003917,Customer 3917,customer3917@email.com,Australia,North,12/11/2023,Silver,297.43
CUST003918,Customer 3918,customer3918@email.com,India,West,02/03/2020,Bronze,805.69
CUST003919,Customer 3919,customer3919@email.com,Germany,Central,19/08/2021,Gold,350.24
CUST003920,Customer 3920,customer3920@email.com,Japan,North,29/05/2026,Gold,568.52
CUST003921,Customer 3921,customer3921@email.com,France,West,25/02/2022,Silver,394.01
CUST003922,Customer 3922,customer3922@email.com,France,Central,12/09/2022,Gold,778.12
CUST003923,Customer 3923,customer3923@email.com,USA,South,15/06/2020,Platinum,229.6
CUST003924,Customer 3924,customer3924@email.com,USA,North,05/07/2022,Platinum,130.12
CUST003925,Customer 3925,customer3925@email.com,Australia,West,25/09/2026,Bronze,278.29
CUST003926,Customer 3926,customer3926@email.com,Canada,West,13/08/2020,Silver,421.52
CUST003927,Customer 3927,customer3927@email.com,Canada,South,03/11/2020,Gold,191.97
CUST003928,Customer 3928,customer3928@email.com,USA,North,14/04/2020,Platinum,319.1
CUST003929,Customer 3929,customer3929@email.com,USA,Central,01/12/2025,Gold,355.4
CUST003930,Customer 3930,customer3930@email.com,France,Central,24/11/2020,Bronze,129.55
CUST003931,Customer 3931,customer3931@email.com,USA,West,09/08/2023,Platinum,537.7
CUST003932,Customer 3932,customer3932@email.com,Germany,Central,26/12/2021,Platinum,1178.57
CUST003933,Customer 3933,customer3933@email.com,UK,North,11/08/2024,Gold,182.29
CUST003934,Customer 3934,customer3934@email.com,France,East,22/06/2022,Bronze,555.41
CUST003935,Customer 3935,customer3935@email.com,India,West,21/07/2025,Gold,646.42
CUST003936,Customer 3936,customer3936@email.com,UK,North,19/05/2024,Platinum,371.79
CUST003937,Customer 3937,customer3937@email.com,Australia,West,26/07/2021,Silver,703.82
CUST003938,Customer 3938,customer3938@email.com,UK,East,08/09/2026,Bronze,364.44
CUST003939,Customer 3939,customer3939@email.com,Canada,West,25/03/2026,Platinum,451.23
CUST003940,Customer 3940,customer3940@email.com,USA,South,23/04/2024,Bronze,103.69
CUST003941,Customer 3941,customer3941@email.com,USA,West,15/12/2022,Gold,688.37
CUST003942,Customer 3942,customer3942@email.com,Germany,South,02/10/2020,Silver,641.38
CUST003943,Customer 3943,customer3943@email.com,Germany,North,02/02/2025,Silver,119.58
CUST003944,Customer 3944,customer3944@email.com,Japan,South,10/07/2023,Silver,329.63
CUST003945,Customer 3945,customer3945@email.com,Australia,North,13/11/2023,Platinum,2032.38
CUST003946,Customer 3946,customer3946@email.com,Canada,West,09/02/2026,Bronze,373
CUST003947,Customer 3947,customer3947@email.com,UK,North,19/04/2022,Bronze,448.52
CUST003948,Customer 3948,customer3948@email.com,UK,North,05/10/2026,Platinum,1303.58
CUST003949,Customer 3949,customer3949@email.com,Germany,West,06/04/2021,Silver,731.62
CUST003950,Customer 3950,customer3950@email.com,Japan,South,03/10/2025,Platinum,536.22
CUST003951,Customer 3951,customer3951@email.com,Japan,West,23/07/2025,Bronze,899.26
CUST003952,Customer 3952,customer3952@email.com,Germany,West,18/02/2022,Bronze,1098.9
CUST003953,Customer 3953,customer3953@email.com,France,East,11/02/2026,Gold,405.22
CUST003954,Customer 3954,customer3954@email.com,USA,South,24/08/2026,Gold,422.28
CUST003955,Customer 3955,customer3955@email.com,UK,West,14/07/2020,Gold,343.92
CUST003956,Customer 3956,customer3956@email.com,USA,North,21/09/2025,Platinum,1801.19
CUST003957,Customer 3957,customer3957@email.com,France,North,02/02/2023,Silver,697.29
CUST003958,Customer 3958,customer3958@email.com,Germany,East,24/01/2025,Bronze,143.45
CUST003959,Customer 3959,customer3959@email.com,India,Central,19/06/2024,Bronze,1093.74
CUST003960,Customer 3960,customer3960@email.com,India,West,03/08/2021,Silver,427.5
CUST003961,Customer 3961,customer3961@email.com,Canada,North,03/02/2022,Silver,135.62
CUST003962,Customer 3962,customer3962@email.com,India,Central,12/01/2021,Silver,498.94
CUST003963,Customer 3963,customer3963@email.com,Germany,East,23/02/2021,Platinum,369.92
CUST003964,Customer 3964,customer3964@email.com,Japan,West,03/12/2021,Platinum,1150.84
CUST003965,Customer 3965,customer3965@email.com,Australia,South,15/08/2022,Silver,214.07
CUST003966,Customer 3966,customer3966@email.com,UK,Central,15/04/2021,Gold,975.69
CUST003967,Customer 3967,customer3967@email.com,USA,East,30/07/2024,Silver,507.87
CUST003968,Customer 3968,customer3968@email.com,India,North,02/06/2026,Platinum,128.08
CUST003969,Customer 3969,customer3969@email.com,Australia,West,07/08/2026,Bronze,1885.02
CUST003970,Customer 3970,customer3970@email.com,India,North,31/01/2025,Platinum,459.35
CUST003971,Customer 3971,customer3971@email.com,Germany,West,26/07/2025,Silver,271.86
CUST003972,Customer 3972,customer3972@email.com,Japan,North,04/03/2020,Platinum,416.88
CUST003973,Customer 3973,customer3973@email.com,UK,North,23/01/2026,Silver,1075.46
CUST003974,Customer 3974,customer3974@email.com,Germany,East,09/01/2022,Gold,281.85
CUST003975,Customer 3975,customer3975@email.com,Canada,West,14/10/2021,Gold,207.02
CUST003976,Customer 3976,customer3976@email.com,Japan,Central,01/03/2020,Platinum,169.1
CUST003977,Customer 3977,customer3977@email.com,France,West,05/03/2021,Silver,276.81
CUST003978,Customer 3978,customer3978@email.com,UK,North,25/10/2020,Silver,857.17
CUST003979,Customer 3979,customer3979@email.com,Australia,West,02/09/2023,Bronze,418.98
CUST003980,Customer 3980,customer3980@email.com,France,South,02/04/2026,Platinum,229.05
CUST003981,Customer 3981,customer3981@email.com,France,Central,28/12/2026,Bronze,190.87
CUST003982,Customer 3982,customer3982@email.com,UK,North,10/10/2021,Gold,302.28
CUST003983,Customer 3983,customer3983@email.com,Germany,Central,18/05/2020,Platinum,1506.08
CUST003984,Customer 3984,customer3984@email.com,France,Central,16/09/2026,Gold,310.06
CUST003985,Customer 3985,customer3985@email.com,France,Central,16/06/2021,Gold,2316.62
CUST003986,Customer 3986,customer3986@email.com,Canada,North,02/11/2026,Gold,432.02
CUST003987,Customer 3987,customer3987@email.com,India,Central,21/11/2023,Platinum,198.72
CUST003988,Customer 3988,customer3988@email.com,India,North,26/05/2020,Gold,1208.85
CUST003989,Customer 3989,customer3989@email.com,Germany,Central,03/01/2022,Platinum,408.42
CUST003990,Customer 3990,customer3990@email.com,Australia,West,07/01/2025,Silver,718.37
CUST003991,Customer 3991,customer3991@email.com,UK,North,17/01/2026,Platinum,2158.65
CUST003992,Customer 3992,customer3992@email.com,Australia,North,30/01/2023,Bronze,125.74
CUST003993,Customer 3993,customer3993@email.com,India,Central,04/03/2025,Platinum,150.85
CUST003994,Customer 3994,customer3994@email.com,UK,Central,23/04/2024,Platinum,737.3
CUST003995,Customer 3995,customer3995@email.com,India,South,02/09/2025,Silver,265.52
CUST003996,Customer 3996,customer3996@email.com,Germany,West,04/08/2023,Bronze,201.86
CUST003997,Customer 3997,customer3997@email.com,Japan,Central,19/12/2025,Bronze,120.08
CUST003998,Customer 3998,customer3998@email.com,UK,South,20/06/2024,Gold,111.04
CUST003999,Customer 3999,customer3999@email.com,France,North,31/07/2020,Gold,844.69
CUST004000,Customer 4000,customer4000@email.com,Australia,Central,17/05/2024,Gold,172.19
CUST004001,Customer 4001,customer4001@email.com,USA,North,13/02/2025,Bronze,415.29
CUST004002,Customer 4002,customer4002@email.com,France,Central,18/11/2021,Silver,565.57
CUST004003,Customer 4003,customer4003@email.com,Japan,East,04/11/2023,Gold,379.62
CUST004004,Customer 4004,customer4004@email.com,Australia,West,17/01/2022,Platinum,113.74
CUST004005,Customer 4005,customer4005@email.com,UK,East,14/03/2022,Gold,865.09
CUST004006,Customer 4006,customer4006@email.com,Germany,South,30/01/2022,Gold,105.28
CUST004007,Customer 4007,customer4007@email.com,Germany,South,22/05/2024,Bronze,817.51
CUST004008,Customer 4008,customer4008@email.com,Australia,South,25/10/2023,Gold,1218.89
CUST004009,Customer 4009,customer4009@email.com,Japan,South,22/11/2020,Gold,383.56
CUST004010,Customer 4010,customer4010@email.com,UK,East,02/06/2025,Platinum,483.44
CUST004011,Customer 4011,customer4011@email.com,UK,West,17/11/2021,Silver,424.07
CUST004012,Customer 4012,customer4012@email.com,Japan,Central,29/06/2022,Gold,346.5
CUST004013,Customer 4013,customer4013@email.com,Germany,Central,22/02/2021,Bronze,1192.07
CUST004014,Customer 4014,customer4014@email.com,Australia,East,12/04/2026,Gold,1221.84
CUST004015,Customer 4015,customer4015@email.com,India,Central,15/04/2020,Gold,304.6
CUST004016,Customer 4016,customer4016@email.com,Japan,North,01/05/2024,Gold,577.35
CUST004017,Customer 4017,customer4017@email.com,France,East,20/06/2025,Silver,1408.02
CUST004018,Customer 4018,customer4018@email.com,Germany,East,01/02/2020,Bronze,1735.85
CUST004019,Customer 4019,customer4019@email.com,Canada,North,29/09/2025,Platinum,455.61
CUST004020,Customer 4020,customer4020@email.com,India,South,19/09/2026,Bronze,401.49
CUST004021,Customer 4021,customer4021@email.com,Japan,Central,26/03/2022,Silver,263.35
CUST004022,Customer 4022,customer4022@email.com,USA,North,07/01/2023,Gold,1695.53
CUST004023,Customer 4023,customer4023@email.com,Australia,East,10/05/2022,Bronze,177.05
CUST004024,Customer 4024,customer4024@email.com,France,West,25/08/2023,Bronze,533.55
CUST004025,Customer 4025,customer4025@email.com,Japan,South,31/08/2023,Bronze,266.03
CUST004026,Customer 4026,customer4026@email.com,UK,East,06/06/2022,Silver,263.56
CUST004027,Customer 4027,customer4027@email.com,India,Central,14/09/2024,Bronze,359.57
CUST004028,Customer 4028,customer4028@email.com,Australia,West,02/09/2022,Gold,3459.78
CUST004029,Customer 4029,customer4029@email.com,USA,Central,06/07/2020,Gold,128.27
CUST004030,Customer 4030,customer4030@email.com,Canada,East,05/09/2021,Bronze,532.02
CUST004031,Customer 4031,customer4031@email.com,Japan,South,24/05/2020,Platinum,143.09
CUST004032,Customer 4032,customer4032@email.com,Canada,Central,17/04/2024,Platinum,183.93
CUST004033,Customer 4033,customer4033@email.com,USA,Central,18/04/2026,Silver,389.52
CUST004034,Customer 4034,customer4034@email.com,USA,East,11/05/2025,Gold,457.14
CUST004035,Customer 4035,customer4035@email.com,Germany,Central,15/06/2021,Gold,249.74
CUST004036,Customer 4036,customer4036@email.com,UK,South,05/07/2024,Gold,290.23
CUST004037,Customer 4037,customer4037@email.com,Australia,West,02/04/2026,Bronze,145.49
CUST004038,Customer 4038,customer4038@email.com,Australia,West,21/08/2023,Platinum,280.64
CUST004039,Customer 4039,customer4039@email.com,France,South,18/02/2023,Silver,1798.98
CUST004040,Customer 4040,customer4040@email.com,Japan,Central,11/07/2025,Gold,1547.56
CUST004041,Customer 4041,customer4041@email.com,Japan,Central,19/02/2023,Platinum,303.89
CUST004042,Customer 4042,customer4042@email.com,Japan,Central,29/01/2024,Gold,522.98
CUST004043,Customer 4043,customer4043@email.com,UK,East,29/12/2021,Bronze,1301.73
CUST004044,Customer 4044,customer4044@email.com,Australia,East,05/12/2020,Bronze,103.1
CUST004045,Customer 4045,customer4045@email.com,USA,North,11/07/2021,Bronze,932.17
CUST004046,Customer 4046,customer4046@email.com,France,East,30/09/2021,Silver,1581.82
CUST004047,Customer 4047,customer4047@email.com,Germany,North,29/07/2026,Silver,147.88
CUST004048,Customer 4048,customer4048@email.com,Canada,East,21/06/2021,Gold,188.04
CUST004049,Customer 4049,customer4049@email.com,Germany,North,10/10/2020,Gold,1718.85
CUST004050,Customer 4050,customer4050@email.com,India,North,24/10/2023,Silver,485.6
CUST004051,Customer 4051,customer4051@email.com,UK,North,09/10/2024,Gold,107.15
CUST004052,Customer 4052,customer4052@email.com,France,Central,27/05/2023,Platinum,248.96
CUST004053,Customer 4053,customer4053@email.com,India,South,29/04/2024,Platinum,398.87
CUST004054,Customer 4054,customer4054@email.com,Australia,West,28/06/2022,Platinum,690.31
CUST004055,Customer 4055,customer4055@email.com,Australia,South,13/04/2023,Bronze,760.55
CUST004056,Customer 4056,customer4056@email.com,Japan,Central,15/06/2021,Silver,2793.19
CUST004057,Customer 4057,customer4057@email.com,France,South,19/02/2024,Bronze,269.5
CUST004058,Customer 4058,customer4058@email.com,Germany,South,23/11/2025,Bronze,486.33
CUST004059,Customer 4059,customer4059@email.com,Germany,North,01/07/2021,Silver,481.06
CUST004060,Customer 4060,customer4060@email.com,UK,North,30/03/2022,Gold,360.14
CUST004061,Customer 4061,customer4061@email.com,Canada,North,31/12/2026,Platinum,192.66
CUST004062,Customer 4062,customer4062@email.com,Canada,Central,03/02/2020,Silver,1996.16
CUST004063,Customer 4063,customer4063@email.com,France,West,28/08/2024,Silver,1059.74
CUST004064,Customer 4064,customer4064@email.com,India,East,15/04/2022,Bronze,444.91
CUST004065,Customer 4065,customer4065@email.com,UK,West,21/12/2025,Platinum,562.22
CUST004066,Customer 4066,customer4066@email.com,Canada,West,25/10/2025,Silver,228.91
CUST004067,Customer 4067,customer4067@email.com,Japan,West,10/01/2022,Platinum,492.4
CUST004068,Customer 4068,customer4068@email.com,France,East,07/08/2023,Gold,693.67
CUST004069,Customer 4069,customer4069@email.com,UK,West,04/06/2025,Silver,461.98
CUST004070,Customer 4070,customer4070@email.com,USA,East,28/05/2026,Silver,2417.05
CUST004071,Customer 4071,customer4071@email.com,Canada,Central,08/12/2026,Platinum,572.53
CUST004072,Customer 4072,customer4072@email.com,Germany,North,15/04/2024,Platinum,331.79
CUST004073,Customer 4073,customer4073@email.com,UK,West,05/08/2020,Bronze,839.54
CUST004074,Customer 4074,customer4074@email.com,UK,North,04/04/2025,Platinum,193.44
CUST004075,Customer 4075,customer4075@email.com,Germany,West,30/05/2022,Silver,342.67
CUST004076,Customer 4076,customer4076@email.com,UK,North,01/05/2026,Gold,313.06
CUST004077,Customer 4077,customer4077@email.com,UK,South,14/01/2022,Silver,382.65
CUST004078,Customer 4078,customer4078@email.com,UK,North,14/08/2024,Platinum,861.13
CUST004079,Customer 4079,customer4079@email.com,Canada,East,01/09/2023,Silver,430.99
CUST004080,Customer 4080,customer4080@email.com,UK,South,15/03/2026,Silver,889.97
CUST004081,Customer 4081,customer4081@email.com,Japan,South,24/08/2023,Silver,529.59
CUST004082,Customer 4082,customer4082@email.com,France,East,04/08/2023,Platinum,309.33
CUST004083,Customer 4083,customer4083@email.com,India,West,15/05/2021,Platinum,930.31
CUST004084,Customer 4084,customer4084@email.com,UK,West,15/06/2022,Gold,236.09
CUST004085,Customer 4085,customer4085@email.com,USA,Central,09/10/2022,Gold,227.05
CUST004086,Customer 4086,customer4086@email.com,France,Central,05/12/2022,Platinum,451.1
CUST004087,Customer 4087,customer4087@email.com,Canada,South,08/11/2026,Platinum,251.13
CUST004088,Customer 4088,customer4088@email.com,India,North,08/10/2026,Silver,104.56
CUST004089,Customer 4089,customer4089@email.com,UK,West,27/05/2026,Bronze,622.48
CUST004090,Customer 4090,customer4090@email.com,USA,East,25/10/2021,Silver,457.79
CUST004091,Customer 4091,customer4091@email.com,India,Central,06/09/2026,Platinum,394.86
CUST004092,Customer 4092,customer4092@email.com,Germany,West,05/04/2021,Gold,1805.15
CUST004093,Customer 4093,customer4093@email.com,Germany,South,20/07/2021,Silver,523.38
CUST004094,Customer 4094,customer4094@email.com,Canada,South,25/04/2020,Gold,1095.46
CUST004095,Customer 4095,customer4095@email.com,USA,Central,14/06/2024,Silver,175.09
CUST004096,Customer 4096,customer4096@email.com,USA,North,10/12/2021,Gold,521.06
CUST004097,Customer 4097,customer4097@email.com,India,Central,20/03/2026,Platinum,1112.4
CUST004098,Customer 4098,customer4098@email.com,India,East,25/10/2025,Silver,537.46
CUST004099,Customer 4099,customer4099@email.com,Japan,South,04/03/2024,Silver,732.95
CUST004100,Customer 4100,customer4100@email.com,Australia,North,31/12/2025,Bronze,332.64
CUST004101,Customer 4101,customer4101@email.com,USA,East,07/04/2022,Gold,148.5
CUST004102,Customer 4102,customer4102@email.com,Australia,North,25/08/2022,Gold,406.15
CUST004103,Customer 4103,customer4103@email.com,India,North,24/03/2021,Gold,350.83
CUST004104,Customer 4104,customer4104@email.com,Germany,Central,29/10/2021,Bronze,1108.93
CUST004105,Customer 4105,customer4105@email.com,UK,Central,03/04/2020,Silver,239.85
CUST004106,Customer 4106,customer4106@email.com,Japan,North,31/07/2026,Bronze,1801.61
CUST004107,Customer 4107,customer4107@email.com,Germany,West,25/05/2023,Gold,1686.69
CUST004108,Customer 4108,customer4108@email.com,Germany,North,25/09/2025,Silver,242.26
CUST004109,Customer 4109,customer4109@email.com,Australia,West,21/01/2020,Bronze,313.9
CUST004110,Customer 4110,customer4110@email.com,India,North,11/05/2022,Bronze,1229.55
CUST004111,Customer 4111,customer4111@email.com,Australia,North,17/08/2021,Silver,1799.93
CUST004112,Customer 4112,customer4112@email.com,Canada,South,13/09/2021,Silver,392.99
CUST004113,Customer 4113,customer4113@email.com,India,West,28/04/2021,Platinum,293.56
CUST004114,Customer 4114,customer4114@email.com,USA,North,25/07/2021,Bronze,473.37
CUST004115,Customer 4115,customer4115@email.com,Canada,West,19/04/2021,Platinum,682.01
CUST004116,Customer 4116,customer4116@email.com,UK,South,04/03/2021,Bronze,259.74
CUST004117,Customer 4117,customer4117@email.com,USA,West,10/05/2021,Silver,766.8
CUST004118,Customer 4118,customer4118@email.com,India,South,05/11/2023,Silver,126.52
CUST004119,Customer 4119,customer4119@email.com,Germany,North,26/12/2026,Gold,125.28
CUST004120,Customer 4120,customer4120@email.com,Germany,West,31/05/2026,Platinum,344.11
CUST004121,Customer 4121,customer4121@email.com,Germany,Central,13/10/2023,Bronze,318.07
CUST004122,Customer 4122,customer4122@email.com,India,East,02/01/2022,Bronze,289.63
CUST004123,Customer 4123,customer4123@email.com,France,South,04/09/2021,Bronze,437.67
CUST004124,Customer 4124,customer4124@email.com,France,North,04/01/2021,Platinum,293.37
CUST004125,Customer 4125,customer4125@email.com,UK,East,19/11/2025,Bronze,206.76
CUST004126,Customer 4126,customer4126@email.com,Japan,South,19/06/2026,Silver,285.15
CUST004127,Customer 4127,customer4127@email.com,France,West,08/09/2026,Silver,1942.53
CUST004128,Customer 4128,customer4128@email.com,Germany,East,11/03/2020,Gold,364.76
CUST004129,Customer 4129,customer4129@email.com,Canada,North,07/04/2024,Silver,394.13
CUST004130,Customer 4130,customer4130@email.com,Japan,South,19/05/2026,Platinum,529.65
CUST004131,Customer 4131,customer4131@email.com,Canada,South,10/03/2020,Platinum,2147.4
CUST004132,Customer 4132,customer4132@email.com,UK,East,30/04/2021,Silver,238.27
CUST004133,Customer 4133,customer4133@email.com,Japan,Central,02/10/2024,Gold,671.72
CUST004134,Customer 4134,customer4134@email.com,Japan,West,19/01/2026,Gold,729.36
CUST004135,Customer 4135,customer4135@email.com,Germany,North,17/06/2021,Gold,567.39
CUST004136,Customer 4136,customer4136@email.com,UK,North,02/11/2020,Silver,146.37
CUST004137,Customer 4137,customer4137@email.com,USA,West,27/05/2025,Bronze,664.85
CUST004138,Customer 4138,customer4138@email.com,UK,West,22/01/2024,Silver,133.12
CUST004139,Customer 4139,customer4139@email.com,India,East,02/04/2026,Bronze,553.35
CUST004140,Customer 4140,customer4140@email.com,USA,West,12/11/2021,Bronze,772.73
CUST004141,Customer 4141,customer4141@email.com,Australia,Central,01/11/2024,Bronze,218.48
CUST004142,Customer 4142,customer4142@email.com,Germany,South,15/08/2024,Silver,1021.39
CUST004143,Customer 4143,customer4143@email.com,Canada,East,26/02/2023,Gold,115.41
CUST004144,Customer 4144,customer4144@email.com,UK,North,05/12/2022,Silver,1028.35
CUST004145,Customer 4145,customer4145@email.com,USA,South,15/03/2023,Bronze,408.4
CUST004146,Customer 4146,customer4146@email.com,USA,Central,25/05/2021,Gold,222.69
CUST004147,Customer 4147,customer4147@email.com,India,Central,19/07/2024,Platinum,171.81
CUST004148,Customer 4148,customer4148@email.com,Australia,East,18/02/2024,Bronze,1632.08
CUST004149,Customer 4149,customer4149@email.com,India,Central,28/02/2024,Gold,137.72
CUST004150,Customer 4150,customer4150@email.com,France,West,03/03/2024,Silver,211.01
CUST004151,Customer 4151,customer4151@email.com,France,West,05/10/2022,Bronze,313.72
CUST004152,Customer 4152,customer4152@email.com,France,West,14/07/2021,Platinum,584.1
CUST004153,Customer 4153,customer4153@email.com,Canada,North,12/01/2020,Bronze,493.51
CUST004154,Customer 4154,customer4154@email.com,Canada,North,30/04/2021,Silver,167.13
CUST004155,Customer 4155,customer4155@email.com,Australia,Central,19/04/2020,Silver,271.05
CUST004156,Customer 4156,customer4156@email.com,India,West,15/02/2021,Gold,236.4
CUST004157,Customer 4157,customer4157@email.com,India,South,03/01/2021,Platinum,220.11
CUST004158,Customer 4158,customer4158@email.com,USA,Central,15/10/2025,Bronze,364.79
CUST004159,Customer 4159,customer4159@email.com,Canada,East,18/10/2025,Platinum,708.75
CUST004160,Customer 4160,customer4160@email.com,UK,Central,15/03/2021,Bronze,222.6
CUST004161,Customer 4161,customer4161@email.com,Japan,North,19/03/2021,Platinum,328.39
CUST004162,Customer 4162,customer4162@email.com,Germany,Central,11/12/2020,Bronze,347.9
CUST004163,Customer 4163,customer4163@email.com,India,North,31/07/2024,Silver,1974.45
CUST004164,Customer 4164,customer4164@email.com,India,South,08/08/2020,Gold,1646.85
CUST004165,Customer 4165,customer4165@email.com,USA,East,22/11/2020,Gold,905.06
CUST004166,Customer 4166,customer4166@email.com,France,West,13/12/2025,Gold,238.31
CUST004167,Customer 4167,customer4167@email.com,Australia,South,28/03/2022,Bronze,135.23
CUST004168,Customer 4168,customer4168@email.com,USA,North,16/03/2022,Platinum,290.56
CUST004169,Customer 4169,customer4169@email.com,Japan,Central,14/01/2022,Gold,255.16
CUST004170,Customer 4170,customer4170@email.com,Australia,West,04/01/2025,Gold,452.53
CUST004171,Customer 4171,customer4171@email.com,USA,South,25/07/2025,Bronze,851.93
CUST004172,Customer 4172,customer4172@email.com,USA,East,17/04/2026,Silver,1077.1
CUST004173,Customer 4173,customer4173@email.com,Australia,South,31/03/2022,Platinum,1031.73
CUST004174,Customer 4174,customer4174@email.com,Australia,West,07/11/2022,Platinum,322.89
CUST004175,Customer 4175,customer4175@email.com,Canada,East,01/09/2021,Bronze,681.15
CUST004176,Customer 4176,customer4176@email.com,Germany,South,18/11/2025,Platinum,287.59
CUST004177,Customer 4177,customer4177@email.com,USA,North,18/03/2020,Gold,131.42
CUST004178,Customer 4178,customer4178@email.com,Australia,West,08/07/2024,Bronze,704.6
CUST004179,Customer 4179,customer4179@email.com,Japan,Central,26/06/2023,Bronze,104.94
CUST004180,Customer 4180,customer4180@email.com,Canada,North,04/10/2020,Platinum,363.12
CUST004181,Customer 4181,customer4181@email.com,India,West,07/08/2026,Bronze,299.78
CUST004182,Customer 4182,customer4182@email.com,USA,North,30/10/2022,Gold,691.07
CUST004183,Customer 4183,customer4183@email.com,Germany,Central,26/07/2026,Bronze,826.74
CUST004184,Customer 4184,customer4184@email.com,France,Central,24/04/2026,Bronze,281.27
CUST004185,Customer 4185,customer4185@email.com,Germany,North,14/07/2023,Gold,934.67
CUST004186,Customer 4186,customer4186@email.com,USA,East,06/12/2021,Bronze,274.01
CUST004187,Customer 4187,customer4187@email.com,France,Central,12/08/2026,Platinum,395.59
CUST004188,Customer 4188,customer4188@email.com,India,South,05/06/2024,Bronze,749.18
CUST004189,Customer 4189,customer4189@email.com,India,Central,24/03/2022,Platinum,690.32
CUST004190,Customer 4190,customer4190@email.com,Australia,West,07/05/2021,Gold,2285.78
CUST004191,Customer 4191,customer4191@email.com,Australia,West,22/02/2021,Bronze,227.55
CUST004192,Customer 4192,customer4192@email.com,Germany,West,31/08/2021,Gold,642.83
CUST004193,Customer 4193,customer4193@email.com,India,West,20/07/2020,Gold,570.4
CUST004194,Customer 4194,customer4194@email.com,Germany,South,13/10/2022,Gold,1333.13
CUST004195,Customer 4195,customer4195@email.com,UK,South,24/11/2024,Gold,185.02
CUST004196,Customer 4196,customer4196@email.com,Canada,Central,15/07/2026,Platinum,796.76
CUST004197,Customer 4197,customer4197@email.com,Canada,East,01/03/2020,Silver,519.98
CUST004198,Customer 4198,customer4198@email.com,UK,North,30/10/2024,Silver,260.56
CUST004199,Customer 4199,customer4199@email.com,USA,Central,28/03/2025,Platinum,421.64
CUST004200,Customer 4200,customer4200@email.com,UK,North,23/01/2026,Bronze,303.07
CUST004201,Customer 4201,customer4201@email.com,USA,South,09/08/2024,Bronze,532.93
CUST004202,Customer 4202,customer4202@email.com,Canada,Central,28/11/2022,Bronze,1199.12
CUST004203,Customer 4203,customer4203@email.com,Japan,Central,21/08/2022,Platinum,521.18
CUST004204,Customer 4204,customer4204@email.com,Canada,North,23/08/2021,Platinum,599.46
CUST004205,Customer 4205,customer4205@email.com,France,Central,01/04/2020,Bronze,465.68
CUST004206,Customer 4206,customer4206@email.com,Australia,East,16/10/2020,Gold,126.26
CUST004207,Customer 4207,customer4207@email.com,UK,South,31/12/2025,Bronze,232.54
CUST004208,Customer 4208,customer4208@email.com,Japan,Central,22/01/2025,Silver,438.64
CUST004209,Customer 4209,customer4209@email.com,India,Central,28/05/2026,Gold,285.7
CUST004210,Customer 4210,customer4210@email.com,USA,Central,27/11/2024,Silver,200.3
CUST004211,Customer 4211,customer4211@email.com,USA,East,09/09/2020,Bronze,450.72
CUST004212,Customer 4212,customer4212@email.com,India,East,11/09/2024,Platinum,294.9
CUST004213,Customer 4213,customer4213@email.com,UK,South,18/01/2021,Platinum,249.28
CUST004214,Customer 4214,customer4214@email.com,Canada,East,26/04/2026,Platinum,411.8
CUST004215,Customer 4215,customer4215@email.com,Canada,South,09/01/2021,Platinum,171.52
CUST004216,Customer 4216,customer4216@email.com,France,South,15/08/2026,Platinum,1413.78
CUST004217,Customer 4217,customer4217@email.com,UK,West,11/04/2026,Platinum,1111.35
CUST004218,Customer 4218,customer4218@email.com,India,North,27/06/2026,Gold,714.85
CUST004219,Customer 4219,customer4219@email.com,Japan,South,25/06/2020,Bronze,156.14
CUST004220,Customer 4220,customer4220@email.com,Canada,Central,25/11/2022,Platinum,847.78
CUST004221,Customer 4221,customer4221@email.com,Japan,West,05/04/2021,Bronze,925.02
CUST004222,Customer 4222,customer4222@email.com,Germany,South,17/07/2025,Platinum,830
CUST004223,Customer 4223,customer4223@email.com,Germany,East,09/03/2023,Platinum,160.5
CUST004224,Customer 4224,customer4224@email.com,Canada,West,21/12/2023,Platinum,616.28
CUST004225,Customer 4225,customer4225@email.com,France,North,14/01/2022,Platinum,998.86
CUST004226,Customer 4226,customer4226@email.com,Australia,West,05/03/2023,Silver,530.61
CUST004227,Customer 4227,customer4227@email.com,Australia,North,20/12/2022,Gold,619.8
CUST004228,Customer 4228,customer4228@email.com,France,South,29/01/2025,Bronze,406.58
CUST004229,Customer 4229,customer4229@email.com,USA,South,23/12/2024,Gold,476.14
CUST004230,Customer 4230,customer4230@email.com,Australia,South,22/02/2021,Silver,117.49
CUST004231,Customer 4231,customer4231@email.com,Germany,West,27/12/2023,Gold,609.39
CUST004232,Customer 4232,customer4232@email.com,UK,North,31/01/2026,Silver,142.48
CUST004233,Customer 4233,customer4233@email.com,Australia,Central,25/12/2022,Silver,385.48
CUST004234,Customer 4234,customer4234@email.com,USA,West,20/11/2026,Silver,273.12
CUST004235,Customer 4235,customer4235@email.com,Australia,West,24/11/2022,Silver,494.2
CUST004236,Customer 4236,customer4236@email.com,India,Central,29/11/2025,Bronze,171.6
CUST004237,Customer 4237,customer4237@email.com,USA,Central,06/10/2024,Bronze,688.25
CUST004238,Customer 4238,customer4238@email.com,France,North,31/12/2020,Silver,892.4
CUST004239,Customer 4239,customer4239@email.com,Germany,East,07/04/2021,Silver,189.18
CUST004240,Customer 4240,customer4240@email.com,Australia,North,17/04/2022,Silver,155.08
CUST004241,Customer 4241,customer4241@email.com,India,West,23/05/2022,Bronze,178.63
CUST004242,Customer 4242,customer4242@email.com,UK,South,31/10/2023,Bronze,1148.3
CUST004243,Customer 4243,customer4243@email.com,Japan,Central,08/11/2022,Bronze,475.59
CUST004244,Customer 4244,customer4244@email.com,Japan,North,28/06/2024,Silver,414.86
CUST004245,Customer 4245,customer4245@email.com,France,East,15/01/2024,Platinum,156.42
CUST004246,Customer 4246,customer4246@email.com,France,North,15/08/2021,Bronze,624.28
CUST004247,Customer 4247,customer4247@email.com,Japan,North,22/10/2024,Silver,1112.48
CUST004248,Customer 4248,customer4248@email.com,France,North,30/03/2023,Platinum,980.67
CUST004249,Customer 4249,customer4249@email.com,Canada,West,04/07/2024,Platinum,591.82
CUST004250,Customer 4250,customer4250@email.com,UK,East,24/09/2020,Bronze,139.13
CUST004251,Customer 4251,customer4251@email.com,USA,West,17/02/2026,Platinum,159.62
CUST004252,Customer 4252,customer4252@email.com,UK,North,07/03/2026,Gold,125.28
CUST004253,Customer 4253,customer4253@email.com,India,East,22/11/2020,Platinum,248.85
CUST004254,Customer 4254,customer4254@email.com,Canada,South,18/10/2025,Gold,172.9
CUST004255,Customer 4255,customer4255@email.com,UK,West,24/12/2026,Platinum,250.59
CUST004256,Customer 4256,customer4256@email.com,Australia,Central,21/12/2022,Silver,343.11
CUST004257,Customer 4257,customer4257@email.com,Australia,Central,10/07/2026,Platinum,1532.2
CUST004258,Customer 4258,customer4258@email.com,Australia,Central,30/06/2023,Gold,571.29
CUST004259,Customer 4259,customer4259@email.com,Japan,East,04/01/2021,Gold,1000.83
CUST004260,Customer 4260,customer4260@email.com,USA,North,08/07/2023,Bronze,719.54
CUST004261,Customer 4261,customer4261@email.com,UK,Central,18/11/2026,Silver,159.68
CUST004262,Customer 4262,customer4262@email.com,India,East,27/08/2020,Silver,765.75
CUST004263,Customer 4263,customer4263@email.com,USA,East,11/04/2024,Bronze,260.86
CUST004264,Customer 4264,customer4264@email.com,India,North,15/10/2020,Platinum,609.59
CUST004265,Customer 4265,customer4265@email.com,Germany,Central,10/09/2020,Platinum,308.49
CUST004266,Customer 4266,customer4266@email.com,Australia,East,28/04/2022,Silver,3131.43
CUST004267,Customer 4267,customer4267@email.com,UK,North,09/08/2024,Gold,252.96
CUST004268,Customer 4268,customer4268@email.com,Japan,Central,04/09/2023,Bronze,263.65
CUST004269,Customer 4269,customer4269@email.com,India,North,01/04/2024,Bronze,1434.46
CUST004270,Customer 4270,customer4270@email.com,France,South,11/04/2020,Gold,112.48
CUST004271,Customer 4271,customer4271@email.com,France,South,12/12/2025,Bronze,696.5
CUST004272,Customer 4272,customer4272@email.com,Australia,West,16/04/2023,Gold,746.09
CUST004273,Customer 4273,customer4273@email.com,Australia,West,30/03/2026,Platinum,1005.1
CUST004274,Customer 4274,customer4274@email.com,USA,East,08/08/2024,Platinum,1933.35
CUST004275,Customer 4275,customer4275@email.com,UK,North,09/12/2022,Gold,1956.63
CUST004276,Customer 4276,customer4276@email.com,Australia,East,13/07/2023,Platinum,133.75
CUST004277,Customer 4277,customer4277@email.com,Japan,Central,19/12/2024,Bronze,962.53
CUST004278,Customer 4278,customer4278@email.com,India,East,28/05/2026,Gold,619.67
CUST004279,Customer 4279,customer4279@email.com,Germany,Central,23/06/2022,Bronze,621.13
CUST004280,Customer 4280,customer4280@email.com,UK,South,07/10/2024,Gold,168.68
CUST004281,Customer 4281,customer4281@email.com,Australia,West,23/11/2022,Silver,625.18
CUST004282,Customer 4282,customer4282@email.com,Australia,East,24/01/2022,Gold,2122.28
CUST004283,Customer 4283,customer4283@email.com,Canada,West,09/08/2020,Gold,1314.18
CUST004284,Customer 4284,customer4284@email.com,Japan,South,08/10/2026,Bronze,389.13
CUST004285,Customer 4285,customer4285@email.com,Australia,South,07/02/2020,Silver,120.38
CUST004286,Customer 4286,customer4286@email.com,UK,South,30/04/2021,Gold,324.94
CUST004287,Customer 4287,customer4287@email.com,India,West,11/01/2022,Platinum,975.47
CUST004288,Customer 4288,customer4288@email.com,France,West,25/04/2025,Silver,704.49
CUST004289,Customer 4289,customer4289@email.com,Canada,West,18/07/2023,Bronze,407.49
CUST004290,Customer 4290,customer4290@email.com,Canada,South,28/02/2021,Gold,128.34
CUST004291,Customer 4291,customer4291@email.com,Canada,East,13/02/2021,Gold,378.34
CUST004292,Customer 4292,customer4292@email.com,Australia,North,24/12/2025,Bronze,416.52
CUST004293,Customer 4293,customer4293@email.com,USA,North,07/01/2026,Platinum,1419.42
CUST004294,Customer 4294,customer4294@email.com,Australia,West,08/08/2026,Platinum,612.34
CUST004295,Customer 4295,customer4295@email.com,UK,South,07/04/2026,Bronze,286.73
CUST004296,Customer 4296,customer4296@email.com,Japan,West,09/12/2021,Bronze,472.56
CUST004297,Customer 4297,customer4297@email.com,India,South,24/01/2023,Platinum,134.17
CUST004298,Customer 4298,customer4298@email.com,UK,West,13/12/2022,Bronze,1898.03
CUST004299,Customer 4299,customer4299@email.com,Canada,South,26/08/2021,Bronze,323.19
CUST004300,Customer 4300,customer4300@email.com,France,South,15/04/2022,Platinum,424.92
CUST004301,Customer 4301,customer4301@email.com,Germany,West,02/11/2023,Gold,319.47
CUST004302,Customer 4302,customer4302@email.com,Australia,Central,08/08/2026,Bronze,673.66
CUST004303,Customer 4303,customer4303@email.com,Japan,South,04/03/2025,Gold,642.7
CUST004304,Customer 4304,customer4304@email.com,UK,East,20/12/2022,Silver,728.2
CUST004305,Customer 4305,customer4305@email.com,Germany,Central,20/05/2021,Gold,256.09
CUST004306,Customer 4306,customer4306@email.com,Japan,East,03/11/2022,Bronze,289.66
CUST004307,Customer 4307,customer4307@email.com,Australia,East,08/05/2020,Gold,166.91
CUST004308,Customer 4308,customer4308@email.com,France,West,13/02/2024,Gold,632.85
CUST004309,Customer 4309,customer4309@email.com,Germany,North,19/08/2021,Bronze,120.31
CUST004310,Customer 4310,customer4310@email.com,Germany,South,27/07/2021,Platinum,555.26
CUST004311,Customer 4311,customer4311@email.com,India,Central,15/03/2023,Bronze,1118.94
CUST004312,Customer 4312,customer4312@email.com,India,West,20/01/2025,Silver,1207.43
CUST004313,Customer 4313,customer4313@email.com,France,South,21/09/2022,Platinum,398.04
CUST004314,Customer 4314,customer4314@email.com,USA,South,26/11/2021,Platinum,407.45
CUST004315,Customer 4315,customer4315@email.com,Canada,West,26/11/2021,Gold,140.05
CUST004316,Customer 4316,customer4316@email.com,USA,North,21/02/2020,Platinum,655.49
CUST004317,Customer 4317,customer4317@email.com,USA,East,08/10/2022,Gold,960.91
CUST004318,Customer 4318,customer4318@email.com,USA,West,07/03/2022,Silver,240.29
CUST004319,Customer 4319,customer4319@email.com,UK,East,24/08/2023,Silver,373.49
CUST004320,Customer 4320,customer4320@email.com,Germany,East,17/09/2023,Bronze,1012.68
CUST004321,Customer 4321,customer4321@email.com,Canada,Central,26/05/2020,Bronze,1148.28
CUST004322,Customer 4322,customer4322@email.com,India,West,11/06/2024,Gold,239.31
CUST004323,Customer 4323,customer4323@email.com,Canada,West,07/10/2025,Gold,499.89
CUST004324,Customer 4324,customer4324@email.com,France,East,06/12/2021,Gold,206.9
CUST004325,Customer 4325,customer4325@email.com,France,East,12/01/2024,Platinum,153.73
CUST004326,Customer 4326,customer4326@email.com,Germany,Central,07/08/2020,Gold,1310.24
CUST004327,Customer 4327,customer4327@email.com,India,Central,27/09/2020,Silver,958.81
CUST004328,Customer 4328,customer4328@email.com,Canada,North,18/01/2025,Gold,813.63
CUST004329,Customer 4329,customer4329@email.com,Canada,South,13/09/2022,Platinum,125
CUST004330,Customer 4330,customer4330@email.com,France,Central,19/08/2025,Platinum,1028.08
CUST004331,Customer 4331,customer4331@email.com,Australia,Central,23/12/2026,Silver,388.17
CUST004332,Customer 4332,customer4332@email.com,USA,East,18/09/2026,Gold,309.58
CUST004333,Customer 4333,customer4333@email.com,UK,West,25/05/2025,Bronze,495.35
CUST004334,Customer 4334,customer4334@email.com,India,South,28/01/2023,Gold,147.9
CUST004335,Customer 4335,customer4335@email.com,Germany,North,23/03/2024,Bronze,806.62
CUST004336,Customer 4336,customer4336@email.com,Australia,East,16/09/2026,Silver,536.66
CUST004337,Customer 4337,customer4337@email.com,UK,South,01/01/2023,Silver,203.26
CUST004338,Customer 4338,customer4338@email.com,India,South,23/08/2026,Silver,204.27
CUST004339,Customer 4339,customer4339@email.com,Canada,South,02/09/2022,Bronze,201.82
CUST004340,Customer 4340,customer4340@email.com,India,North,01/03/2026,Platinum,129.35
CUST004341,Customer 4341,customer4341@email.com,Germany,South,05/10/2021,Bronze,543.12
CUST004342,Customer 4342,customer4342@email.com,Germany,South,25/06/2026,Silver,1017.38
CUST004343,Customer 4343,customer4343@email.com,USA,North,11/05/2021,Bronze,108.83
CUST004344,Customer 4344,customer4344@email.com,Germany,South,28/01/2022,Bronze,125.12
CUST004345,Customer 4345,customer4345@email.com,Canada,Central,07/03/2020,Platinum,525.22
CUST004346,Customer 4346,customer4346@email.com,Australia,West,04/03/2025,Bronze,956
CUST004347,Customer 4347,customer4347@email.com,USA,Central,04/07/2020,Platinum,297.81
CUST004348,Customer 4348,customer4348@email.com,Canada,North,01/05/2024,Bronze,315.09
CUST004349,Customer 4349,customer4349@email.com,Germany,East,25/04/2023,Platinum,553.6
CUST004350,Customer 4350,customer4350@email.com,France,North,15/01/2021,Silver,260.25
CUST004351,Customer 4351,customer4351@email.com,France,East,15/03/2026,Silver,113.48
CUST004352,Customer 4352,customer4352@email.com,USA,West,14/12/2020,Gold,764.44
CUST004353,Customer 4353,customer4353@email.com,UK,South,20/09/2024,Gold,591.28
CUST004354,Customer 4354,customer4354@email.com,Australia,Central,21/06/2023,Gold,534.65
CUST004355,Customer 4355,customer4355@email.com,USA,North,04/02/2021,Silver,776.79
CUST004356,Customer 4356,customer4356@email.com,India,West,10/03/2020,Silver,662.32
CUST004357,Customer 4357,customer4357@email.com,Japan,East,15/01/2020,Gold,215.26
CUST004358,Customer 4358,customer4358@email.com,Australia,West,06/08/2026,Bronze,317.3
CUST004359,Customer 4359,customer4359@email.com,USA,North,19/09/2023,Platinum,167.4
CUST004360,Customer 4360,customer4360@email.com,Australia,West,07/11/2024,Gold,169.55
CUST004361,Customer 4361,customer4361@email.com,Canada,North,11/01/2021,Platinum,663.81
CUST004362,Customer 4362,customer4362@email.com,France,North,28/02/2024,Bronze,1078.08
CUST004363,Customer 4363,customer4363@email.com,France,North,09/07/2022,Platinum,1744.82
CUST004364,Customer 4364,customer4364@email.com,Japan,North,27/01/2026,Platinum,594.9
CUST004365,Customer 4365,customer4365@email.com,France,Central,20/11/2026,Platinum,201.73
CUST004366,Customer 4366,customer4366@email.com,USA,East,20/06/2020,Silver,155.83
CUST004367,Customer 4367,customer4367@email.com,Australia,Central,26/10/2024,Silver,937.93
CUST004368,Customer 4368,customer4368@email.com,UK,West,20/04/2023,Platinum,532.27
CUST004369,Customer 4369,customer4369@email.com,Australia,Central,14/10/2021,Platinum,581.54
CUST004370,Customer 4370,customer4370@email.com,Germany,Central,04/03/2020,Platinum,860.4
CUST004371,Customer 4371,customer4371@email.com,Canada,West,04/04/2026,Platinum,707.48
CUST004372,Customer 4372,customer4372@email.com,Canada,East,21/11/2026,Bronze,999.27
CUST004373,Customer 4373,customer4373@email.com,Australia,South,28/02/2024,Gold,128.93
CUST004374,Customer 4374,customer4374@email.com,Canada,Central,31/01/2025,Platinum,788.21
CUST004375,Customer 4375,customer4375@email.com,USA,Central,24/03/2024,Silver,1051.41
CUST004376,Customer 4376,customer4376@email.com,USA,North,02/06/2021,Silver,268.53
CUST004377,Customer 4377,customer4377@email.com,Japan,West,02/11/2024,Silver,611.45
CUST004378,Customer 4378,customer4378@email.com,USA,East,06/04/2024,Bronze,288.56
CUST004379,Customer 4379,customer4379@email.com,USA,Central,16/03/2026,Gold,1684.7
CUST004380,Customer 4380,customer4380@email.com,Canada,West,24/07/2021,Gold,117
CUST004381,Customer 4381,customer4381@email.com,Japan,North,06/10/2023,Platinum,533.5
CUST004382,Customer 4382,customer4382@email.com,India,East,16/06/2025,Bronze,191.06
CUST004383,Customer 4383,customer4383@email.com,India,East,19/07/2021,Platinum,722.78
CUST004384,Customer 4384,customer4384@email.com,UK,North,02/10/2026,Bronze,196.73
CUST004385,Customer 4385,customer4385@email.com,UK,East,28/01/2026,Bronze,234.19
CUST004386,Customer 4386,customer4386@email.com,Australia,South,28/10/2026,Platinum,440.98
CUST004387,Customer 4387,customer4387@email.com,UK,South,26/12/2022,Silver,1331.58
CUST004388,Customer 4388,customer4388@email.com,India,East,06/10/2026,Bronze,218.95
CUST004389,Customer 4389,customer4389@email.com,USA,East,14/01/2025,Gold,177.88
CUST004390,Customer 4390,customer4390@email.com,UK,North,27/12/2022,Gold,811.43
CUST004391,Customer 4391,customer4391@email.com,Japan,West,17/04/2023,Bronze,447.19
CUST004392,Customer 4392,customer4392@email.com,Australia,Central,30/07/2023,Silver,1313.99
CUST004393,Customer 4393,customer4393@email.com,UK,South,12/01/2020,Gold,179.27
CUST004394,Customer 4394,customer4394@email.com,USA,Central,28/07/2025,Bronze,619.13
CUST004395,Customer 4395,customer4395@email.com,Canada,West,22/07/2020,Silver,232.56
CUST004396,Customer 4396,customer4396@email.com,Australia,East,02/11/2023,Bronze,185.25
CUST004397,Customer 4397,customer4397@email.com,UK,South,24/02/2025,Silver,675.1
CUST004398,Customer 4398,customer4398@email.com,India,South,14/02/2023,Silver,550.31
CUST004399,Customer 4399,customer4399@email.com,Japan,East,12/04/2026,Bronze,802.9
CUST004400,Customer 4400,customer4400@email.com,Canada,West,27/08/2020,Silver,285.14
CUST004401,Customer 4401,customer4401@email.com,France,West,21/10/2021,Silver,397.08
CUST004402,Customer 4402,customer4402@email.com,UK,West,04/01/2021,Bronze,359.99
CUST004403,Customer 4403,customer4403@email.com,Japan,North,14/05/2024,Platinum,2170.39
CUST004404,Customer 4404,customer4404@email.com,USA,East,26/09/2020,Bronze,272.83
CUST004405,Customer 4405,customer4405@email.com,Canada,Central,09/01/2021,Gold,274.65
CUST004406,Customer 4406,customer4406@email.com,UK,West,05/01/2020,Bronze,318.9
CUST004407,Customer 4407,customer4407@email.com,Japan,South,18/12/2020,Platinum,515.74
CUST004408,Customer 4408,customer4408@email.com,USA,East,27/11/2020,Silver,245.39
CUST004409,Customer 4409,customer4409@email.com,USA,Central,09/12/2024,Silver,1334.26
CUST004410,Customer 4410,customer4410@email.com,USA,North,28/03/2022,Platinum,254.41
CUST004411,Customer 4411,customer4411@email.com,Australia,Central,17/10/2020,Gold,1230.8
CUST004412,Customer 4412,customer4412@email.com,USA,West,01/03/2020,Gold,154.61
CUST004413,Customer 4413,customer4413@email.com,France,Central,20/12/2020,Gold,634.38
CUST004414,Customer 4414,customer4414@email.com,Germany,South,15/04/2023,Platinum,1287.5
CUST004415,Customer 4415,customer4415@email.com,Germany,West,19/08/2024,Gold,192.41
CUST004416,Customer 4416,customer4416@email.com,France,East,22/06/2021,Platinum,1826.14
CUST004417,Customer 4417,customer4417@email.com,Australia,North,18/04/2021,Silver,401.55
CUST004418,Customer 4418,customer4418@email.com,Germany,East,26/04/2025,Bronze,1556.75
CUST004419,Customer 4419,customer4419@email.com,Canada,North,23/05/2022,Gold,664.77
CUST004420,Customer 4420,customer4420@email.com,USA,South,23/09/2023,Gold,279.47
CUST004421,Customer 4421,customer4421@email.com,Australia,South,18/04/2026,Silver,204.31
CUST004422,Customer 4422,customer4422@email.com,India,East,08/10/2020,Silver,281.01
CUST004423,Customer 4423,customer4423@email.com,India,East,14/01/2024,Silver,148.82
CUST004424,Customer 4424,customer4424@email.com,UK,West,13/10/2023,Bronze,177.67
CUST004425,Customer 4425,customer4425@email.com,France,Central,19/07/2024,Platinum,155.28
CUST004426,Customer 4426,customer4426@email.com,Australia,West,08/06/2020,Silver,374.91
CUST004427,Customer 4427,customer4427@email.com,Germany,East,06/08/2026,Gold,893.79
CUST004428,Customer 4428,customer4428@email.com,Germany,Central,28/01/2026,Gold,176.22
CUST004429,Customer 4429,customer4429@email.com,Japan,South,25/12/2021,Platinum,169.82
CUST004430,Customer 4430,customer4430@email.com,Australia,South,05/05/2023,Bronze,615.61
CUST004431,Customer 4431,customer4431@email.com,Japan,North,17/09/2023,Platinum,209.81
CUST004432,Customer 4432,customer4432@email.com,France,North,24/12/2024,Platinum,151.35
CUST004433,Customer 4433,customer4433@email.com,India,Central,14/01/2024,Gold,191.27
CUST004434,Customer 4434,customer4434@email.com,Canada,East,14/12/2023,Platinum,1386.75
CUST004435,Customer 4435,customer4435@email.com,Germany,Central,15/10/2021,Silver,961.5
CUST004436,Customer 4436,customer4436@email.com,USA,Central,09/02/2020,Gold,318.53
CUST004437,Customer 4437,customer4437@email.com,Canada,North,22/08/2023,Platinum,633.3
CUST004438,Customer 4438,customer4438@email.com,USA,Central,21/06/2023,Bronze,485.31
CUST004439,Customer 4439,customer4439@email.com,Canada,North,14/08/2022,Bronze,665.24
CUST004440,Customer 4440,customer4440@email.com,Australia,North,10/03/2025,Bronze,673.91
CUST004441,Customer 4441,customer4441@email.com,Japan,East,05/08/2021,Platinum,595.42
CUST004442,Customer 4442,customer4442@email.com,USA,South,12/05/2024,Silver,254.69
CUST004443,Customer 4443,customer4443@email.com,Australia,Central,07/04/2020,Gold,119.89
CUST004444,Customer 4444,customer4444@email.com,Japan,East,15/08/2022,Bronze,404
CUST004445,Customer 4445,customer4445@email.com,USA,North,26/12/2021,Silver,1208.08
CUST004446,Customer 4446,customer4446@email.com,India,East,16/01/2022,Gold,521.4
CUST004447,Customer 4447,customer4447@email.com,USA,South,31/08/2020,Platinum,993.06
CUST004448,Customer 4448,customer4448@email.com,Canada,East,26/07/2020,Bronze,2491.21
CUST004449,Customer 4449,customer4449@email.com,Germany,South,13/10/2023,Gold,189.33
CUST004450,Customer 4450,customer4450@email.com,France,West,06/08/2026,Gold,688.47
CUST004451,Customer 4451,customer4451@email.com,India,East,11/05/2020,Bronze,660.88
CUST004452,Customer 4452,customer4452@email.com,Canada,West,09/07/2025,Silver,2054.9
CUST004453,Customer 4453,customer4453@email.com,India,Central,12/06/2021,Bronze,2220.29
CUST004454,Customer 4454,customer4454@email.com,Japan,North,20/12/2023,Silver,680.26
CUST004455,Customer 4455,customer4455@email.com,USA,North,26/09/2020,Platinum,239.6
CUST004456,Customer 4456,customer4456@email.com,Germany,East,25/03/2023,Bronze,901.12
CUST004457,Customer 4457,customer4457@email.com,Canada,North,12/04/2022,Gold,156.6
CUST004458,Customer 4458,customer4458@email.com,UK,North,27/11/2023,Silver,858.66
CUST004459,Customer 4459,customer4459@email.com,USA,Central,20/10/2024,Gold,1305.06
CUST004460,Customer 4460,customer4460@email.com,Canada,Central,20/09/2020,Gold,341.31
CUST004461,Customer 4461,customer4461@email.com,Canada,South,17/11/2026,Gold,597.99
CUST004462,Customer 4462,customer4462@email.com,UK,Central,25/11/2026,Gold,381.18
CUST004463,Customer 4463,customer4463@email.com,Germany,East,18/11/2023,Gold,387.92
CUST004464,Customer 4464,customer4464@email.com,USA,East,23/08/2021,Platinum,285.8
CUST004465,Customer 4465,customer4465@email.com,USA,North,16/10/2020,Platinum,818.01
CUST004466,Customer 4466,customer4466@email.com,USA,North,17/06/2025,Platinum,1475.82
CUST004467,Customer 4467,customer4467@email.com,Australia,Central,28/05/2026,Bronze,1513
CUST004468,Customer 4468,customer4468@email.com,Australia,West,28/10/2020,Platinum,196.05
CUST004469,Customer 4469,customer4469@email.com,USA,South,12/12/2022,Platinum,1138.7
CUST004470,Customer 4470,customer4470@email.com,France,South,13/08/2025,Silver,768.62
CUST004471,Customer 4471,customer4471@email.com,France,East,04/03/2022,Gold,245.74
CUST004472,Customer 4472,customer4472@email.com,USA,North,10/07/2022,Platinum,134.83
CUST004473,Customer 4473,customer4473@email.com,India,West,03/07/2025,Silver,255.99
CUST004474,Customer 4474,customer4474@email.com,Japan,North,30/09/2023,Silver,1316.39
CUST004475,Customer 4475,customer4475@email.com,Japan,North,20/10/2021,Bronze,601.44
CUST004476,Customer 4476,customer4476@email.com,Germany,West,13/07/2025,Gold,738.37
CUST004477,Customer 4477,customer4477@email.com,UK,West,10/11/2022,Silver,248.63
CUST004478,Customer 4478,customer4478@email.com,Canada,West,16/03/2023,Gold,735.39
CUST004479,Customer 4479,customer4479@email.com,USA,South,22/01/2022,Silver,114.26
CUST004480,Customer 4480,customer4480@email.com,Germany,East,15/06/2022,Gold,335.26
CUST004481,Customer 4481,customer4481@email.com,Canada,North,25/01/2021,Bronze,592.76
CUST004482,Customer 4482,customer4482@email.com,USA,West,29/05/2026,Bronze,178.97
CUST004483,Customer 4483,customer4483@email.com,Germany,North,29/12/2023,Platinum,965.81
CUST004484,Customer 4484,customer4484@email.com,France,South,21/09/2025,Bronze,233.96
CUST004485,Customer 4485,customer4485@email.com,Canada,North,12/09/2021,Platinum,628.18
CUST004486,Customer 4486,customer4486@email.com,India,South,27/05/2024,Silver,359.76
CUST004487,Customer 4487,customer4487@email.com,USA,East,29/11/2026,Gold,553.22
CUST004488,Customer 4488,customer4488@email.com,Japan,Central,12/02/2025,Platinum,156.84
CUST004489,Customer 4489,customer4489@email.com,UK,North,17/08/2023,Silver,108.53
CUST004490,Customer 4490,customer4490@email.com,Australia,East,27/08/2026,Silver,1301.56
CUST004491,Customer 4491,customer4491@email.com,USA,South,06/06/2024,Silver,257.1
CUST004492,Customer 4492,customer4492@email.com,UK,North,12/09/2024,Silver,956.5
CUST004493,Customer 4493,customer4493@email.com,Japan,East,17/02/2025,Silver,3769.5
CUST004494,Customer 4494,customer4494@email.com,France,West,14/11/2020,Platinum,218.77
CUST004495,Customer 4495,customer4495@email.com,UK,North,11/04/2020,Platinum,254.06
CUST004496,Customer 4496,customer4496@email.com,Canada,East,14/04/2021,Silver,643.63
CUST004497,Customer 4497,customer4497@email.com,USA,South,13/07/2022,Silver,1782.65
CUST004498,Customer 4498,customer4498@email.com,UK,North,02/11/2024,Silver,1337.37
CUST004499,Customer 4499,customer4499@email.com,Japan,Central,03/10/2020,Bronze,449.46
CUST004500,Customer 4500,customer4500@email.com,India,North,09/11/2025,Gold,892.64
CUST004501,Customer 4501,customer4501@email.com,Canada,West,05/05/2026,Bronze,172.94
CUST004502,Customer 4502,customer4502@email.com,Australia,South,04/04/2021,Gold,1995.75
CUST004503,Customer 4503,customer4503@email.com,Canada,Central,23/09/2023,Gold,1767.05
CUST004504,Customer 4504,customer4504@email.com,India,West,19/05/2026,Silver,189.4
CUST004505,Customer 4505,customer4505@email.com,Australia,Central,20/01/2021,Bronze,277.93
CUST004506,Customer 4506,customer4506@email.com,Japan,South,25/07/2020,Platinum,152.77
CUST004507,Customer 4507,customer4507@email.com,Germany,North,31/12/2025,Platinum,258.53
CUST004508,Customer 4508,customer4508@email.com,UK,Central,29/10/2026,Platinum,946.29
CUST004509,Customer 4509,customer4509@email.com,France,East,07/12/2021,Gold,337.66
CUST004510,Customer 4510,customer4510@email.com,Canada,Central,06/08/2020,Silver,146.28
CUST004511,Customer 4511,customer4511@email.com,India,South,19/11/2021,Bronze,309.45
CUST004512,Customer 4512,customer4512@email.com,UK,Central,09/08/2020,Silver,2091.85
CUST004513,Customer 4513,customer4513@email.com,France,Central,24/11/2026,Silver,596.7
CUST004514,Customer 4514,customer4514@email.com,UK,South,25/07/2022,Bronze,369.06
CUST004515,Customer 4515,customer4515@email.com,Canada,East,29/10/2022,Gold,191.08
CUST004516,Customer 4516,customer4516@email.com,France,South,18/06/2025,Silver,2240.7
CUST004517,Customer 4517,customer4517@email.com,Canada,North,19/11/2025,Platinum,959.76
CUST004518,Customer 4518,customer4518@email.com,Germany,North,14/01/2024,Silver,265.28
CUST004519,Customer 4519,customer4519@email.com,UK,North,23/02/2020,Silver,136.32
CUST004520,Customer 4520,customer4520@email.com,France,South,26/07/2020,Silver,129.15
CUST004521,Customer 4521,customer4521@email.com,UK,West,21/06/2021,Platinum,164.13
CUST004522,Customer 4522,customer4522@email.com,UK,North,11/01/2024,Silver,534.67
CUST004523,Customer 4523,customer4523@email.com,Germany,North,07/03/2024,Silver,1420.87
CUST004524,Customer 4524,customer4524@email.com,Canada,West,23/08/2025,Gold,443.33
CUST004525,Customer 4525,customer4525@email.com,Australia,East,11/07/2020,Platinum,1025.58
CUST004526,Customer 4526,customer4526@email.com,USA,North,18/03/2022,Gold,395.19
CUST004527,Customer 4527,customer4527@email.com,Germany,West,02/09/2026,Platinum,716.5
CUST004528,Customer 4528,customer4528@email.com,Japan,West,25/02/2025,Bronze,758.15
CUST004529,Customer 4529,customer4529@email.com,Germany,South,08/11/2026,Bronze,195.56
CUST004530,Customer 4530,customer4530@email.com,UK,Central,03/04/2020,Bronze,324.09
CUST004531,Customer 4531,customer4531@email.com,Canada,West,29/08/2024,Gold,607.09
CUST004532,Customer 4532,customer4532@email.com,USA,South,28/03/2024,Silver,136.66
CUST004533,Customer 4533,customer4533@email.com,USA,East,03/05/2021,Silver,324.35
CUST004534,Customer 4534,customer4534@email.com,France,North,25/01/2026,Platinum,482.64
CUST004535,Customer 4535,customer4535@email.com,UK,South,24/05/2024,Bronze,2889.61
CUST004536,Customer 4536,customer4536@email.com,Canada,West,11/04/2022,Platinum,421.73
CUST004537,Customer 4537,customer4537@email.com,USA,East,27/02/2020,Platinum,946.56
CUST004538,Customer 4538,customer4538@email.com,Japan,West,01/04/2026,Platinum,382.88
CUST004539,Customer 4539,customer4539@email.com,USA,West,01/03/2025,Silver,895.78
CUST004540,Customer 4540,customer4540@email.com,UK,North,01/06/2024,Platinum,552.45
CUST004541,Customer 4541,customer4541@email.com,Japan,North,22/01/2024,Gold,1188.4
CUST004542,Customer 4542,customer4542@email.com,France,East,08/07/2026,Gold,364.62
CUST004543,Customer 4543,customer4543@email.com,India,West,28/05/2020,Platinum,563.56
CUST004544,Customer 4544,customer4544@email.com,France,Central,15/03/2022,Silver,597.15
CUST004545,Customer 4545,customer4545@email.com,Australia,East,09/07/2022,Bronze,370.11
CUST004546,Customer 4546,customer4546@email.com,Australia,South,23/05/2023,Platinum,177.92
CUST004547,Customer 4547,customer4547@email.com,UK,South,16/02/2022,Platinum,149.11
CUST004548,Customer 4548,customer4548@email.com,Australia,North,05/07/2021,Bronze,108.41
CUST004549,Customer 4549,customer4549@email.com,UK,East,25/04/2023,Silver,1133.89
CUST004550,Customer 4550,customer4550@email.com,UK,East,10/08/2024,Gold,234.9
CUST004551,Customer 4551,customer4551@email.com,UK,North,27/12/2022,Bronze,218.82
CUST004552,Customer 4552,customer4552@email.com,India,Central,26/12/2025,Bronze,765.97
CUST004553,Customer 4553,customer4553@email.com,Australia,South,25/12/2026,Silver,292.84
CUST004554,Customer 4554,customer4554@email.com,Canada,Central,28/06/2023,Platinum,452.66
CUST004555,Customer 4555,customer4555@email.com,Germany,South,15/12/2022,Gold,188.67
CUST004556,Customer 4556,customer4556@email.com,UK,East,07/09/2022,Platinum,1706.27
CUST004557,Customer 4557,customer4557@email.com,Japan,North,03/02/2022,Gold,1053.86
CUST004558,Customer 4558,customer4558@email.com,Germany,South,17/12/2025,Silver,1096.78
CUST004559,Customer 4559,customer4559@email.com,Germany,North,03/12/2022,Silver,361.09
CUST004560,Customer 4560,customer4560@email.com,Canada,East,13/11/2020,Platinum,818.5
CUST004561,Customer 4561,customer4561@email.com,USA,East,19/07/2024,Gold,177.67
CUST004562,Customer 4562,customer4562@email.com,India,West,23/02/2024,Gold,104.33
CUST004563,Customer 4563,customer4563@email.com,Japan,West,07/08/2025,Platinum,110.09
CUST004564,Customer 4564,customer4564@email.com,France,East,31/07/2026,Silver,541.67
CUST004565,Customer 4565,customer4565@email.com,Germany,West,16/01/2024,Gold,403.85
CUST004566,Customer 4566,customer4566@email.com,India,East,30/04/2026,Platinum,464.92
CUST004567,Customer 4567,customer4567@email.com,Australia,North,02/05/2024,Platinum,103.75
CUST004568,Customer 4568,customer4568@email.com,France,South,04/05/2022,Bronze,374.69
CUST004569,Customer 4569,customer4569@email.com,Japan,East,26/12/2021,Gold,733.04
CUST004570,Customer 4570,customer4570@email.com,USA,Central,31/03/2020,Gold,392.32
CUST004571,Customer 4571,customer4571@email.com,France,Central,07/12/2026,Bronze,758.79
CUST004572,Customer 4572,customer4572@email.com,UK,West,31/10/2023,Silver,232.65
CUST004573,Customer 4573,customer4573@email.com,Japan,Central,16/08/2023,Platinum,938.7
CUST004574,Customer 4574,customer4574@email.com,France,West,14/06/2024,Silver,543.89
CUST004575,Customer 4575,customer4575@email.com,Germany,North,07/04/2021,Platinum,218.34
CUST004576,Customer 4576,customer4576@email.com,UK,South,05/02/2023,Gold,235.07
CUST004577,Customer 4577,customer4577@email.com,Canada,East,07/08/2026,Silver,594.47
CUST004578,Customer 4578,customer4578@email.com,Canada,East,25/04/2024,Bronze,985.8
CUST004579,Customer 4579,customer4579@email.com,Germany,South,20/12/2022,Silver,368.61
CUST004580,Customer 4580,customer4580@email.com,Canada,East,28/08/2024,Gold,249.41
CUST004581,Customer 4581,customer4581@email.com,Germany,North,19/06/2023,Platinum,1108.75
CUST004582,Customer 4582,customer4582@email.com,Australia,South,09/05/2026,Platinum,653.22
CUST004583,Customer 4583,customer4583@email.com,Canada,North,14/07/2022,Bronze,397.18
CUST004584,Customer 4584,customer4584@email.com,Canada,West,27/12/2025,Gold,434.62
CUST004585,Customer 4585,customer4585@email.com,UK,North,15/11/2021,Bronze,214.24
CUST004586,Customer 4586,customer4586@email.com,India,North,17/02/2024,Gold,592.82
CUST004587,Customer 4587,customer4587@email.com,UK,South,27/07/2023,Gold,322.16
CUST004588,Customer 4588,customer4588@email.com,UK,West,18/02/2023,Platinum,2818.24
CUST004589,Customer 4589,customer4589@email.com,France,West,29/11/2022,Bronze,427.14
CUST004590,Customer 4590,customer4590@email.com,India,South,05/04/2021,Silver,432.65
CUST004591,Customer 4591,customer4591@email.com,Australia,East,13/04/2020,Silver,517.18
CUST004592,Customer 4592,customer4592@email.com,India,West,30/06/2022,Platinum,1342.99
CUST004593,Customer 4593,customer4593@email.com,Australia,West,24/06/2021,Gold,906.77
CUST004594,Customer 4594,customer4594@email.com,Germany,South,23/07/2024,Platinum,399.95
CUST004595,Customer 4595,customer4595@email.com,Canada,East,14/01/2020,Bronze,734.17
CUST004596,Customer 4596,customer4596@email.com,Japan,South,10/07/2020,Platinum,541.23
CUST004597,Customer 4597,customer4597@email.com,Canada,North,08/01/2026,Gold,439
CUST004598,Customer 4598,customer4598@email.com,USA,North,26/08/2023,Bronze,206.79
CUST004599,Customer 4599,customer4599@email.com,India,South,14/09/2021,Silver,411.75
CUST004600,Customer 4600,customer4600@email.com,France,South,26/09/2020,Gold,241.06
CUST004601,Customer 4601,customer4601@email.com,Germany,North,11/03/2025,Platinum,1331.62
CUST004602,Customer 4602,customer4602@email.com,France,South,18/04/2020,Bronze,304.29
CUST004603,Customer 4603,customer4603@email.com,Australia,Central,10/06/2022,Bronze,1621.03
CUST004604,Customer 4604,customer4604@email.com,UK,North,17/07/2025,Silver,480.77
CUST004605,Customer 4605,customer4605@email.com,Germany,West,13/05/2021,Gold,599.22
CUST004606,Customer 4606,customer4606@email.com,UK,Central,08/12/2023,Platinum,491.47
CUST004607,Customer 4607,customer4607@email.com,USA,Central,21/12/2021,Silver,169.28
CUST004608,Customer 4608,customer4608@email.com,India,South,15/06/2026,Gold,335.66
CUST004609,Customer 4609,customer4609@email.com,Japan,Central,07/06/2021,Gold,152.21
CUST004610,Customer 4610,customer4610@email.com,Germany,South,23/05/2022,Silver,587.69
CUST004611,Customer 4611,customer4611@email.com,India,South,09/09/2021,Silver,396.08
CUST004612,Customer 4612,customer4612@email.com,UK,North,08/11/2025,Gold,852.51
CUST004613,Customer 4613,customer4613@email.com,India,South,29/01/2024,Gold,224.53
CUST004614,Customer 4614,customer4614@email.com,UK,South,12/07/2022,Platinum,189.9
CUST004615,Customer 4615,customer4615@email.com,Canada,Central,14/10/2024,Gold,360.72
CUST004616,Customer 4616,customer4616@email.com,India,West,22/05/2020,Bronze,1405.82
CUST004617,Customer 4617,customer4617@email.com,India,North,19/07/2020,Silver,719.66
CUST004618,Customer 4618,customer4618@email.com,India,North,12/05/2024,Silver,371.44
CUST004619,Customer 4619,customer4619@email.com,Australia,North,29/03/2022,Bronze,464.15
CUST004620,Customer 4620,customer4620@email.com,India,North,27/02/2020,Silver,143.99
CUST004621,Customer 4621,customer4621@email.com,Canada,East,11/06/2024,Silver,2185.91
CUST004622,Customer 4622,customer4622@email.com,UK,North,05/04/2026,Platinum,648.92
CUST004623,Customer 4623,customer4623@email.com,France,Central,15/11/2024,Gold,268.02
CUST004624,Customer 4624,customer4624@email.com,India,South,06/07/2024,Gold,540.71
CUST004625,Customer 4625,customer4625@email.com,France,South,17/12/2024,Silver,157.98
CUST004626,Customer 4626,customer4626@email.com,Germany,South,09/05/2022,Silver,1788.3
CUST004627,Customer 4627,customer4627@email.com,USA,North,23/10/2021,Gold,196.06
CUST004628,Customer 4628,customer4628@email.com,UK,East,05/11/2022,Silver,622.11
CUST004629,Customer 4629,customer4629@email.com,UK,East,24/01/2022,Platinum,240.82
CUST004630,Customer 4630,customer4630@email.com,Australia,South,22/08/2020,Gold,732.15
CUST004631,Customer 4631,customer4631@email.com,Japan,North,14/05/2022,Platinum,849.89
CUST004632,Customer 4632,customer4632@email.com,India,South,19/09/2022,Bronze,659.54
CUST004633,Customer 4633,customer4633@email.com,USA,East,14/04/2021,Platinum,576.61
CUST004634,Customer 4634,customer4634@email.com,France,North,07/07/2025,Silver,1214.99
CUST004635,Customer 4635,customer4635@email.com,India,East,26/01/2020,Silver,140.95
CUST004636,Customer 4636,customer4636@email.com,France,North,08/04/2026,Gold,300.92
CUST004637,Customer 4637,customer4637@email.com,USA,North,31/08/2021,Silver,242.7
CUST004638,Customer 4638,customer4638@email.com,UK,West,27/04/2024,Bronze,2312.01
CUST004639,Customer 4639,customer4639@email.com,France,West,14/09/2025,Silver,346.65
CUST004640,Customer 4640,customer4640@email.com,India,East,27/05/2026,Platinum,759.53
CUST004641,Customer 4641,customer4641@email.com,Japan,East,16/09/2020,Platinum,677.16
CUST004642,Customer 4642,customer4642@email.com,Japan,East,03/07/2020,Gold,219.18
CUST004643,Customer 4643,customer4643@email.com,Canada,South,18/05/2026,Bronze,236.56
CUST004644,Customer 4644,customer4644@email.com,Canada,West,17/02/2024,Gold,265.14
CUST004645,Customer 4645,customer4645@email.com,Canada,Central,21/10/2020,Gold,364.77
CUST004646,Customer 4646,customer4646@email.com,Australia,East,13/09/2023,Bronze,233.5
CUST004647,Customer 4647,customer4647@email.com,Canada,Central,21/05/2026,Platinum,109.92
CUST004648,Customer 4648,customer4648@email.com,Germany,Central,23/08/2026,Gold,1157.61
CUST004649,Customer 4649,customer4649@email.com,India,East,20/01/2025,Silver,1784.99
CUST004650,Customer 4650,customer4650@email.com,India,North,03/09/2020,Silver,308.95
CUST004651,Customer 4651,customer4651@email.com,France,South,15/03/2020,Platinum,306.63
CUST004652,Customer 4652,customer4652@email.com,USA,North,10/10/2021,Platinum,103.56
CUST004653,Customer 4653,customer4653@email.com,UK,North,28/01/2021,Silver,670.11
CUST004654,Customer 4654,customer4654@email.com,Canada,South,13/06/2023,Silver,972.74
CUST004655,Customer 4655,customer4655@email.com,Australia,West,27/10/2024,Platinum,179.27
CUST004656,Customer 4656,customer4656@email.com,USA,Central,20/07/2024,Platinum,186.98
CUST004657,Customer 4657,customer4657@email.com,Canada,South,02/06/2022,Platinum,880.52
CUST004658,Customer 4658,customer4658@email.com,India,South,02/07/2025,Bronze,578.94
CUST004659,Customer 4659,customer4659@email.com,UK,South,01/10/2026,Platinum,122.95
CUST004660,Customer 4660,customer4660@email.com,USA,West,13/05/2024,Gold,587.15
CUST004661,Customer 4661,customer4661@email.com,India,Central,20/06/2026,Platinum,284.75
CUST004662,Customer 4662,customer4662@email.com,Germany,South,14/12/2023,Gold,330.01
CUST004663,Customer 4663,customer4663@email.com,Canada,Central,11/04/2022,Bronze,834.25
CUST004664,Customer 4664,customer4664@email.com,Japan,East,14/04/2024,Silver,932.83
CUST004665,Customer 4665,customer4665@email.com,Japan,South,06/05/2020,Silver,355.71
CUST004666,Customer 4666,customer4666@email.com,UK,North,25/05/2021,Silver,1570.18
CUST004667,Customer 4667,customer4667@email.com,Canada,East,10/05/2021,Bronze,360.83
CUST004668,Customer 4668,customer4668@email.com,India,West,30/11/2023,Gold,838.85
CUST004669,Customer 4669,customer4669@email.com,India,East,04/03/2023,Platinum,430.71
CUST004670,Customer 4670,customer4670@email.com,USA,North,29/01/2020,Silver,1239.1
CUST004671,Customer 4671,customer4671@email.com,India,West,19/09/2024,Gold,1291.69
CUST004672,Customer 4672,customer4672@email.com,Australia,West,20/06/2023,Platinum,145.74
CUST004673,Customer 4673,customer4673@email.com,India,Central,04/05/2023,Platinum,1478.31
CUST004674,Customer 4674,customer4674@email.com,Canada,West,21/06/2023,Silver,973.02
CUST004675,Customer 4675,customer4675@email.com,Japan,West,28/04/2024,Bronze,883.45
CUST004676,Customer 4676,customer4676@email.com,Japan,North,18/11/2022,Bronze,212.14
CUST004677,Customer 4677,customer4677@email.com,Germany,East,23/07/2024,Gold,917.68
CUST004678,Customer 4678,customer4678@email.com,India,South,22/06/2022,Bronze,1049
CUST004679,Customer 4679,customer4679@email.com,Australia,East,08/08/2026,Platinum,270.65
CUST004680,Customer 4680,customer4680@email.com,UK,West,30/11/2026,Platinum,1620.99
CUST004681,Customer 4681,customer4681@email.com,Canada,Central,19/11/2020,Gold,125.57
CUST004682,Customer 4682,customer4682@email.com,Australia,South,16/07/2021,Gold,181.21
CUST004683,Customer 4683,customer4683@email.com,USA,East,23/04/2022,Platinum,485.64
CUST004684,Customer 4684,customer4684@email.com,UK,East,02/02/2020,Gold,528.77
CUST004685,Customer 4685,customer4685@email.com,UK,Central,27/03/2021,Silver,618.03
CUST004686,Customer 4686,customer4686@email.com,Australia,South,10/03/2025,Platinum,108.56
CUST004687,Customer 4687,customer4687@email.com,Germany,North,12/05/2023,Gold,1714.04
CUST004688,Customer 4688,customer4688@email.com,France,Central,20/11/2026,Gold,122.81
CUST004689,Customer 4689,customer4689@email.com,Australia,East,10/11/2026,Gold,177.19
CUST004690,Customer 4690,customer4690@email.com,Australia,South,22/08/2024,Gold,107.06
CUST004691,Customer 4691,customer4691@email.com,France,East,15/09/2023,Silver,518.35
CUST004692,Customer 4692,customer4692@email.com,France,North,13/06/2023,Gold,1446.09
CUST004693,Customer 4693,customer4693@email.com,Canada,West,11/11/2026,Silver,648.23
CUST004694,Customer 4694,customer4694@email.com,Germany,East,24/10/2026,Gold,964.84
CUST004695,Customer 4695,customer4695@email.com,India,East,26/06/2026,Silver,106.69
CUST004696,Customer 4696,customer4696@email.com,France,West,12/06/2026,Gold,490.46
CUST004697,Customer 4697,customer4697@email.com,UK,South,11/03/2020,Silver,407.69
CUST004698,Customer 4698,customer4698@email.com,Japan,Central,14/07/2020,Platinum,445.54
CUST004699,Customer 4699,customer4699@email.com,India,South,09/06/2021,Gold,137.48
CUST004700,Customer 4700,customer4700@email.com,Germany,South,12/02/2021,Bronze,676.7
CUST004701,Customer 4701,customer4701@email.com,India,South,02/02/2020,Bronze,449.8
CUST004702,Customer 4702,customer4702@email.com,Canada,West,10/12/2021,Bronze,824.4
CUST004703,Customer 4703,customer4703@email.com,Japan,East,15/05/2025,Gold,432.08
CUST004704,Customer 4704,customer4704@email.com,France,West,28/02/2022,Gold,180.9
CUST004705,Customer 4705,customer4705@email.com,India,Central,11/10/2023,Silver,622.43
CUST004706,Customer 4706,customer4706@email.com,USA,South,29/05/2021,Bronze,194.6
CUST004707,Customer 4707,customer4707@email.com,France,East,24/06/2020,Platinum,1129.41
CUST004708,Customer 4708,customer4708@email.com,Australia,North,31/05/2023,Silver,574.82
CUST004709,Customer 4709,customer4709@email.com,Germany,Central,07/11/2026,Bronze,185.52
CUST004710,Customer 4710,customer4710@email.com,UK,East,22/04/2020,Bronze,1739.55
CUST004711,Customer 4711,customer4711@email.com,Canada,South,12/07/2021,Platinum,465.28
CUST004712,Customer 4712,customer4712@email.com,Australia,East,27/09/2023,Platinum,137.85
CUST004713,Customer 4713,customer4713@email.com,Japan,Central,18/02/2022,Gold,592.86
CUST004714,Customer 4714,customer4714@email.com,USA,Central,14/04/2025,Platinum,245.98
CUST004715,Customer 4715,customer4715@email.com,Germany,North,19/11/2020,Gold,914.04
CUST004716,Customer 4716,customer4716@email.com,France,South,16/01/2024,Gold,951.39
CUST004717,Customer 4717,customer4717@email.com,Australia,West,02/09/2023,Silver,2030.36
CUST004718,Customer 4718,customer4718@email.com,Canada,South,12/12/2020,Gold,448.45
CUST004719,Customer 4719,customer4719@email.com,Germany,East,15/07/2020,Silver,403.45
CUST004720,Customer 4720,customer4720@email.com,Australia,South,19/02/2022,Silver,800.15
CUST004721,Customer 4721,customer4721@email.com,Germany,South,17/05/2020,Gold,171.05
CUST004722,Customer 4722,customer4722@email.com,France,South,16/02/2025,Gold,495.84
CUST004723,Customer 4723,customer4723@email.com,Germany,North,23/07/2024,Bronze,495.1
CUST004724,Customer 4724,customer4724@email.com,Germany,West,18/05/2023,Platinum,146.87
CUST004725,Customer 4725,customer4725@email.com,Australia,Central,28/08/2025,Bronze,370.63
CUST004726,Customer 4726,customer4726@email.com,Japan,South,13/05/2020,Gold,1059.63
CUST004727,Customer 4727,customer4727@email.com,USA,South,11/04/2024,Bronze,1069.5
CUST004728,Customer 4728,customer4728@email.com,India,East,18/06/2025,Bronze,152.26
CUST004729,Customer 4729,customer4729@email.com,France,South,22/03/2025,Bronze,147.55
CUST004730,Customer 4730,customer4730@email.com,Germany,East,22/05/2023,Bronze,252.38
CUST004731,Customer 4731,customer4731@email.com,Germany,Central,27/09/2021,Gold,1138.79
CUST004732,Customer 4732,customer4732@email.com,UK,South,11/07/2020,Gold,169
CUST004733,Customer 4733,customer4733@email.com,Australia,East,25/09/2024,Silver,736.48
CUST004734,Customer 4734,customer4734@email.com,Japan,South,10/01/2025,Silver,153.33
CUST004735,Customer 4735,customer4735@email.com,UK,Central,03/04/2022,Silver,587.94
CUST004736,Customer 4736,customer4736@email.com,Germany,North,29/12/2026,Silver,320.08
CUST004737,Customer 4737,customer4737@email.com,UK,East,07/03/2020,Platinum,877.74
CUST004738,Customer 4738,customer4738@email.com,Canada,South,07/06/2026,Silver,233.08
CUST004739,Customer 4739,customer4739@email.com,Germany,North,10/02/2020,Silver,609.72
CUST004740,Customer 4740,customer4740@email.com,France,West,19/03/2022,Platinum,234.39
CUST004741,Customer 4741,customer4741@email.com,Canada,North,11/12/2024,Platinum,725.29
CUST004742,Customer 4742,customer4742@email.com,Japan,North,11/02/2025,Platinum,1134.46
CUST004743,Customer 4743,customer4743@email.com,UK,West,14/10/2024,Gold,167.8
CUST004744,Customer 4744,customer4744@email.com,Germany,North,15/07/2023,Silver,1107.19
CUST004745,Customer 4745,customer4745@email.com,Japan,South,12/02/2023,Bronze,550.18
CUST004746,Customer 4746,customer4746@email.com,UK,South,16/11/2020,Gold,167.97
CUST004747,Customer 4747,customer4747@email.com,UK,South,20/06/2025,Bronze,378.91
CUST004748,Customer 4748,customer4748@email.com,France,South,06/06/2022,Bronze,187.69
CUST004749,Customer 4749,customer4749@email.com,France,West,04/06/2021,Bronze,702.57
CUST004750,Customer 4750,customer4750@email.com,USA,North,09/07/2026,Platinum,811.21
CUST004751,Customer 4751,customer4751@email.com,UK,South,29/10/2021,Gold,155.91
CUST004752,Customer 4752,customer4752@email.com,Japan,North,01/08/2020,Platinum,452.75
CUST004753,Customer 4753,customer4753@email.com,France,Central,21/08/2024,Platinum,942.69
CUST004754,Customer 4754,customer4754@email.com,India,West,20/02/2021,Gold,1475.71
CUST004755,Customer 4755,customer4755@email.com,Australia,North,02/12/2022,Silver,460.28
CUST004756,Customer 4756,customer4756@email.com,USA,West,16/12/2022,Gold,1600.67
CUST004757,Customer 4757,customer4757@email.com,Germany,Central,27/01/2026,Platinum,483.6
CUST004758,Customer 4758,customer4758@email.com,India,South,23/09/2021,Gold,350.59
CUST004759,Customer 4759,customer4759@email.com,Canada,South,02/09/2025,Silver,1042.61
CUST004760,Customer 4760,customer4760@email.com,USA,Central,21/07/2023,Gold,439.61
CUST004761,Customer 4761,customer4761@email.com,Australia,Central,27/04/2024,Gold,419.24
CUST004762,Customer 4762,customer4762@email.com,UK,South,09/11/2022,Platinum,436.98
CUST004763,Customer 4763,customer4763@email.com,Germany,West,17/10/2022,Bronze,1037.96
CUST004764,Customer 4764,customer4764@email.com,Canada,South,02/02/2022,Bronze,991.72
CUST004765,Customer 4765,customer4765@email.com,USA,North,18/12/2020,Platinum,358.35
CUST004766,Customer 4766,customer4766@email.com,USA,South,04/10/2025,Gold,302.71
CUST004767,Customer 4767,customer4767@email.com,Australia,Central,14/03/2026,Bronze,438.57
CUST004768,Customer 4768,customer4768@email.com,India,North,29/10/2020,Platinum,525.22
CUST004769,Customer 4769,customer4769@email.com,USA,South,08/04/2023,Silver,236.13
CUST004770,Customer 4770,customer4770@email.com,Canada,Central,14/12/2023,Gold,889.83
CUST004771,Customer 4771,customer4771@email.com,UK,Central,24/12/2023,Gold,433.24
CUST004772,Customer 4772,customer4772@email.com,India,North,24/03/2021,Silver,303.27
CUST004773,Customer 4773,customer4773@email.com,UK,West,19/12/2021,Platinum,156.48
CUST004774,Customer 4774,customer4774@email.com,Germany,South,08/11/2022,Platinum,236.46
CUST004775,Customer 4775,customer4775@email.com,UK,North,14/01/2022,Gold,1590.73
CUST004776,Customer 4776,customer4776@email.com,UK,South,30/03/2023,Bronze,281.99
CUST004777,Customer 4777,customer4777@email.com,UK,West,18/03/2024,Gold,192.48
CUST004778,Customer 4778,customer4778@email.com,Australia,South,03/12/2022,Silver,408.72
CUST004779,Customer 4779,customer4779@email.com,Germany,South,07/01/2020,Gold,283.43
CUST004780,Customer 4780,customer4780@email.com,France,West,20/04/2023,Bronze,117.9
CUST004781,Customer 4781,customer4781@email.com,India,Central,02/06/2023,Gold,295.15
CUST004782,Customer 4782,customer4782@email.com,France,West,18/02/2020,Bronze,492.75
CUST004783,Customer 4783,customer4783@email.com,USA,East,11/11/2021,Platinum,501.16
CUST004784,Customer 4784,customer4784@email.com,Japan,North,09/09/2025,Gold,320.46
CUST004785,Customer 4785,customer4785@email.com,India,West,15/02/2022,Gold,396.47
CUST004786,Customer 4786,customer4786@email.com,UK,West,30/12/2026,Platinum,1783.66
CUST004787,Customer 4787,customer4787@email.com,UK,Central,06/05/2022,Gold,336.88
CUST004788,Customer 4788,customer4788@email.com,Germany,East,23/08/2024,Silver,249.36
CUST004789,Customer 4789,customer4789@email.com,India,West,26/01/2025,Gold,239.5
CUST004790,Customer 4790,customer4790@email.com,UK,East,29/11/2021,Silver,406.03
CUST004791,Customer 4791,customer4791@email.com,Australia,North,12/03/2020,Platinum,812.56
CUST004792,Customer 4792,customer4792@email.com,Canada,South,01/12/2023,Silver,215.33
CUST004793,Customer 4793,customer4793@email.com,Japan,Central,23/04/2020,Silver,717.73
CUST004794,Customer 4794,customer4794@email.com,France,North,10/09/2021,Bronze,110.69
CUST004795,Customer 4795,customer4795@email.com,Australia,South,14/08/2023,Bronze,371.44
CUST004796,Customer 4796,customer4796@email.com,Japan,East,13/09/2021,Platinum,847.75
CUST004797,Customer 4797,customer4797@email.com,Australia,South,10/08/2022,Platinum,306.8
CUST004798,Customer 4798,customer4798@email.com,Australia,South,23/09/2021,Gold,514.76
CUST004799,Customer 4799,customer4799@email.com,USA,West,06/01/2022,Platinum,214.69
CUST004800,Customer 4800,customer4800@email.com,Japan,East,07/11/2020,Bronze,777.39
CUST004801,Customer 4801,customer4801@email.com,Japan,North,07/03/2026,Silver,126.85
CUST004802,Customer 4802,customer4802@email.com,Canada,South,18/04/2022,Bronze,1057.11
CUST004803,Customer 4803,customer4803@email.com,France,Central,27/06/2020,Silver,210.45
CUST004804,Customer 4804,customer4804@email.com,Canada,North,05/10/2021,Silver,1137.32
CUST004805,Customer 4805,customer4805@email.com,Canada,South,13/09/2021,Bronze,317.34
CUST004806,Customer 4806,customer4806@email.com,France,Central,04/03/2024,Bronze,741.3
CUST004807,Customer 4807,customer4807@email.com,UK,West,05/03/2024,Platinum,292.26
CUST004808,Customer 4808,customer4808@email.com,India,West,03/01/2026,Gold,1281.76
CUST004809,Customer 4809,customer4809@email.com,Canada,Central,04/02/2020,Bronze,167.7
CUST004810,Customer 4810,customer4810@email.com,Japan,East,14/12/2025,Bronze,198.32
CUST004811,Customer 4811,customer4811@email.com,France,East,14/05/2024,Silver,439.65
CUST004812,Customer 4812,customer4812@email.com,USA,West,04/01/2020,Silver,142.75
CUST004813,Customer 4813,customer4813@email.com,India,West,23/05/2026,Platinum,209.07
CUST004814,Customer 4814,customer4814@email.com,Japan,Central,28/09/2022,Gold,1539.12
CUST004815,Customer 4815,customer4815@email.com,Australia,East,07/05/2024,Platinum,1975.16
CUST004816,Customer 4816,customer4816@email.com,Canada,Central,27/06/2023,Platinum,336.01
CUST004817,Customer 4817,customer4817@email.com,Germany,East,13/06/2021,Silver,1383.84
CUST004818,Customer 4818,customer4818@email.com,UK,West,02/04/2021,Silver,493.54
CUST004819,Customer 4819,customer4819@email.com,Canada,South,03/01/2022,Silver,257.18
CUST004820,Customer 4820,customer4820@email.com,France,North,11/03/2020,Bronze,706
CUST004821,Customer 4821,customer4821@email.com,UK,Central,10/03/2023,Gold,637.79
CUST004822,Customer 4822,customer4822@email.com,Germany,North,18/12/2025,Gold,2360.66
CUST004823,Customer 4823,customer4823@email.com,Canada,North,12/06/2025,Platinum,253.97
CUST004824,Customer 4824,customer4824@email.com,India,South,24/11/2026,Platinum,657.46
CUST004825,Customer 4825,customer4825@email.com,France,Central,05/08/2026,Bronze,126.71
CUST004826,Customer 4826,customer4826@email.com,Germany,North,20/10/2021,Bronze,160.32
CUST004827,Customer 4827,customer4827@email.com,Germany,West,21/08/2020,Platinum,101.96
CUST004828,Customer 4828,customer4828@email.com,USA,South,05/08/2024,Bronze,3862.6
CUST004829,Customer 4829,customer4829@email.com,USA,East,12/09/2020,Silver,910.44
CUST004830,Customer 4830,customer4830@email.com,Japan,South,22/10/2021,Platinum,872.58
CUST004831,Customer 4831,customer4831@email.com,Canada,North,11/02/2022,Gold,456.4
CUST004832,Customer 4832,customer4832@email.com,Japan,South,09/07/2020,Gold,278.39
CUST004833,Customer 4833,customer4833@email.com,Germany,Central,27/09/2022,Bronze,182
CUST004834,Customer 4834,customer4834@email.com,UK,West,26/12/2023,Silver,267.51
CUST004835,Customer 4835,customer4835@email.com,USA,North,01/05/2026,Platinum,335.78
CUST004836,Customer 4836,customer4836@email.com,Australia,South,18/06/2024,Platinum,805.93
CUST004837,Customer 4837,customer4837@email.com,Germany,South,21/11/2024,Silver,487.9
CUST004838,Customer 4838,customer4838@email.com,Germany,Central,26/03/2026,Platinum,140.33
CUST004839,Customer 4839,customer4839@email.com,Germany,West,14/04/2022,Platinum,109.1
CUST004840,Customer 4840,customer4840@email.com,Japan,North,07/12/2020,Platinum,153.98
CUST004841,Customer 4841,customer4841@email.com,Australia,West,26/12/2021,Bronze,364.24
CUST004842,Customer 4842,customer4842@email.com,Australia,Central,12/10/2022,Gold,1452.97
CUST004843,Customer 4843,customer4843@email.com,USA,North,21/03/2021,Silver,607.23
CUST004844,Customer 4844,customer4844@email.com,UK,South,27/09/2021,Silver,909.3
CUST004845,Customer 4845,customer4845@email.com,UK,North,29/10/2026,Silver,414.03
CUST004846,Customer 4846,customer4846@email.com,UK,West,01/12/2023,Bronze,324.45
CUST004847,Customer 4847,customer4847@email.com,India,East,04/12/2025,Bronze,157.37
CUST004848,Customer 4848,customer4848@email.com,India,West,21/07/2024,Platinum,1143.47
CUST004849,Customer 4849,customer4849@email.com,USA,West,24/01/2021,Gold,864.3
CUST004850,Customer 4850,customer4850@email.com,UK,North,11/07/2026,Bronze,192.03
CUST004851,Customer 4851,customer4851@email.com,Germany,North,27/12/2022,Silver,458.99
CUST004852,Customer 4852,customer4852@email.com,India,West,28/03/2025,Bronze,434.11
CUST004853,Customer 4853,customer4853@email.com,Canada,East,01/03/2025,Platinum,590.54
CUST004854,Customer 4854,customer4854@email.com,Germany,Central,01/07/2026,Gold,1561.12
CUST004855,Customer 4855,customer4855@email.com,India,South,04/12/2023,Bronze,533.48
CUST004856,Customer 4856,customer4856@email.com,Australia,West,09/09/2021,Gold,488.5
CUST004857,Customer 4857,customer4857@email.com,Australia,South,23/06/2024,Gold,125.82
CUST004858,Customer 4858,customer4858@email.com,Canada,South,12/06/2026,Gold,132.49
CUST004859,Customer 4859,customer4859@email.com,Germany,East,09/01/2025,Silver,203.73
CUST004860,Customer 4860,customer4860@email.com,Japan,South,07/11/2023,Gold,116.5
CUST004861,Customer 4861,customer4861@email.com,USA,West,17/11/2024,Gold,780.03
CUST004862,Customer 4862,customer4862@email.com,USA,West,13/07/2021,Gold,742.47
CUST004863,Customer 4863,customer4863@email.com,UK,Central,30/04/2025,Platinum,173.12
CUST004864,Customer 4864,customer4864@email.com,France,North,28/09/2024,Platinum,1004.19
CUST004865,Customer 4865,customer4865@email.com,Australia,West,09/06/2026,Bronze,184.08
CUST004866,Customer 4866,customer4866@email.com,USA,Central,22/04/2026,Platinum,279.18
CUST004867,Customer 4867,customer4867@email.com,India,East,11/06/2023,Gold,243.16
CUST004868,Customer 4868,customer4868@email.com,France,West,05/12/2026,Gold,332.85
CUST004869,Customer 4869,customer4869@email.com,Germany,Central,04/11/2020,Gold,246.96
CUST004870,Customer 4870,customer4870@email.com,Australia,West,05/04/2021,Silver,435.64
CUST004871,Customer 4871,customer4871@email.com,India,Central,29/03/2023,Gold,361.62
CUST004872,Customer 4872,customer4872@email.com,Australia,Central,24/04/2022,Bronze,2255.11
CUST004873,Customer 4873,customer4873@email.com,France,Central,08/04/2024,Bronze,128.78
CUST004874,Customer 4874,customer4874@email.com,France,East,22/12/2022,Bronze,176.68
CUST004875,Customer 4875,customer4875@email.com,UK,Central,13/10/2026,Platinum,127.14
CUST004876,Customer 4876,customer4876@email.com,Japan,South,10/02/2020,Bronze,591.54
CUST004877,Customer 4877,customer4877@email.com,UK,West,08/05/2020,Silver,128.03
CUST004878,Customer 4878,customer4878@email.com,USA,West,21/02/2025,Platinum,1005.29
CUST004879,Customer 4879,customer4879@email.com,USA,North,02/04/2023,Silver,458.66
CUST004880,Customer 4880,customer4880@email.com,France,East,13/01/2023,Bronze,474.34
CUST004881,Customer 4881,customer4881@email.com,USA,Central,26/06/2022,Silver,512.31
CUST004882,Customer 4882,customer4882@email.com,Japan,West,17/06/2020,Gold,193.66
CUST004883,Customer 4883,customer4883@email.com,Germany,Central,24/01/2026,Platinum,210.13
CUST004884,Customer 4884,customer4884@email.com,Canada,Central,08/12/2022,Gold,291.96
CUST004885,Customer 4885,customer4885@email.com,Germany,North,30/08/2024,Silver,550.08
CUST004886,Customer 4886,customer4886@email.com,Japan,North,05/01/2025,Bronze,217.94
CUST004887,Customer 4887,customer4887@email.com,Germany,North,03/01/2020,Gold,161.84
CUST004888,Customer 4888,customer4888@email.com,Australia,North,17/05/2024,Gold,1855.23
CUST004889,Customer 4889,customer4889@email.com,USA,East,12/04/2022,Platinum,111.11
CUST004890,Customer 4890,customer4890@email.com,Canada,Central,14/04/2023,Gold,911.51
CUST004891,Customer 4891,customer4891@email.com,Germany,West,04/05/2026,Gold,875.67
CUST004892,Customer 4892,customer4892@email.com,India,Central,04/11/2024,Bronze,276.35
CUST004893,Customer 4893,customer4893@email.com,India,North,20/08/2025,Bronze,172.88
CUST004894,Customer 4894,customer4894@email.com,India,South,14/12/2025,Platinum,178.69
CUST004895,Customer 4895,customer4895@email.com,USA,North,23/05/2020,Silver,697.72
CUST004896,Customer 4896,customer4896@email.com,Japan,North,17/10/2024,Bronze,614.74
CUST004897,Customer 4897,customer4897@email.com,France,East,03/08/2022,Gold,863.34
CUST004898,Customer 4898,customer4898@email.com,UK,Central,29/10/2022,Bronze,1486.14
CUST004899,Customer 4899,customer4899@email.com,India,East,30/05/2024,Gold,688.71
CUST004900,Customer 4900,customer4900@email.com,Australia,East,24/09/2024,Silver,184.71
CUST004901,Customer 4901,customer4901@email.com,USA,West,17/05/2023,Silver,239.49
CUST004902,Customer 4902,customer4902@email.com,Canada,East,31/05/2021,Gold,1023.19
CUST004903,Customer 4903,customer4903@email.com,Australia,West,08/11/2026,Silver,217.42
CUST004904,Customer 4904,customer4904@email.com,Australia,South,15/07/2023,Silver,137.64
CUST004905,Customer 4905,customer4905@email.com,Canada,Central,10/01/2022,Bronze,707.48
CUST004906,Customer 4906,customer4906@email.com,Germany,South,20/09/2023,Gold,357.52
CUST004907,Customer 4907,customer4907@email.com,USA,East,05/12/2024,Platinum,1363.11
CUST004908,Customer 4908,customer4908@email.com,India,West,12/06/2023,Gold,625.28
CUST004909,Customer 4909,customer4909@email.com,France,East,25/01/2026,Gold,147.39
CUST004910,Customer 4910,customer4910@email.com,Germany,Central,12/09/2026,Platinum,1576.88
CUST004911,Customer 4911,customer4911@email.com,UK,North,29/08/2023,Silver,249.58
CUST004912,Customer 4912,customer4912@email.com,Germany,East,28/12/2025,Bronze,305.65
CUST004913,Customer 4913,customer4913@email.com,Canada,South,26/06/2025,Gold,357.3
CUST004914,Customer 4914,customer4914@email.com,Japan,South,26/09/2023,Bronze,126.29
CUST004915,Customer 4915,customer4915@email.com,USA,North,11/11/2021,Silver,443.1
CUST004916,Customer 4916,customer4916@email.com,UK,South,03/06/2024,Bronze,165.81
CUST004917,Customer 4917,customer4917@email.com,India,South,05/10/2020,Silver,356.22
CUST004918,Customer 4918,customer4918@email.com,India,South,12/03/2025,Platinum,315.94
CUST004919,Customer 4919,customer4919@email.com,Germany,Central,13/01/2023,Gold,841.05
CUST004920,Customer 4920,customer4920@email.com,Japan,East,26/03/2026,Gold,912.71
CUST004921,Customer 4921,customer4921@email.com,UK,Central,01/12/2021,Gold,183.27
CUST004922,Customer 4922,customer4922@email.com,Japan,South,28/11/2021,Gold,328.29
CUST004923,Customer 4923,customer4923@email.com,Australia,North,19/02/2021,Gold,333.69
CUST004924,Customer 4924,customer4924@email.com,Japan,Central,26/06/2025,Bronze,182.09
CUST004925,Customer 4925,customer4925@email.com,Canada,North,11/01/2025,Gold,900.87
CUST004926,Customer 4926,customer4926@email.com,USA,East,01/08/2020,Gold,714.18
CUST004927,Customer 4927,customer4927@email.com,Canada,East,20/09/2026,Platinum,205.6
CUST004928,Customer 4928,customer4928@email.com,France,East,03/02/2025,Platinum,328.42
CUST004929,Customer 4929,customer4929@email.com,Japan,South,01/08/2022,Gold,155.92
CUST004930,Customer 4930,customer4930@email.com,France,West,01/08/2021,Gold,594.71
CUST004931,Customer 4931,customer4931@email.com,India,North,04/04/2021,Gold,164.7
CUST004932,Customer 4932,customer4932@email.com,France,Central,06/07/2026,Platinum,2232
CUST004933,Customer 4933,customer4933@email.com,France,East,27/03/2022,Silver,858.62
CUST004934,Customer 4934,customer4934@email.com,Japan,South,30/05/2020,Platinum,347.34
CUST004935,Customer 4935,customer4935@email.com,USA,South,22/09/2025,Silver,532.04
CUST004936,Customer 4936,customer4936@email.com,Germany,West,26/05/2021,Bronze,1311.48
CUST004937,Customer 4937,customer4937@email.com,Germany,South,08/10/2020,Silver,503.83
CUST004938,Customer 4938,customer4938@email.com,USA,Central,15/10/2024,Platinum,195.88
CUST004939,Customer 4939,customer4939@email.com,UK,Central,03/09/2025,Bronze,337.97
CUST004940,Customer 4940,customer4940@email.com,UK,West,15/12/2023,Platinum,1026.22
CUST004941,Customer 4941,customer4941@email.com,USA,East,15/03/2022,Platinum,616.71
CUST004942,Customer 4942,customer4942@email.com,Japan,North,23/01/2022,Gold,625.95
CUST004943,Customer 4943,customer4943@email.com,Canada,West,13/01/2022,Gold,1108.03
CUST004944,Customer 4944,customer4944@email.com,Japan,South,31/07/2024,Gold,1222.03
CUST004945,Customer 4945,customer4945@email.com,India,Central,16/07/2022,Bronze,1361.57
CUST004946,Customer 4946,customer4946@email.com,Canada,East,19/02/2021,Platinum,149.83
CUST004947,Customer 4947,customer4947@email.com,Germany,East,13/05/2025,Gold,492.77
CUST004948,Customer 4948,customer4948@email.com,India,North,11/04/2024,Platinum,774.52
CUST004949,Customer 4949,customer4949@email.com,Australia,South,18/12/2024,Platinum,807.2
CUST004950,Customer 4950,customer4950@email.com,Canada,East,08/08/2026,Silver,566.61
CUST004951,Customer 4951,customer4951@email.com,Australia,South,09/05/2022,Gold,191.23
CUST004952,Customer 4952,customer4952@email.com,Australia,East,20/03/2024,Gold,898.31
CUST004953,Customer 4953,customer4953@email.com,USA,North,03/08/2020,Bronze,736.68
CUST004954,Customer 4954,customer4954@email.com,Japan,West,16/07/2020,Silver,145.04
CUST004955,Customer 4955,customer4955@email.com,USA,Central,23/06/2026,Silver,411.63
CUST004956,Customer 4956,customer4956@email.com,UK,North,26/10/2023,Bronze,195.57
CUST004957,Customer 4957,customer4957@email.com,Australia,Central,22/01/2026,Gold,305.85
CUST004958,Customer 4958,customer4958@email.com,UK,East,23/03/2023,Platinum,109.12
CUST004959,Customer 4959,customer4959@email.com,France,Central,08/02/2023,Platinum,355.69
CUST004960,Customer 4960,customer4960@email.com,Japan,West,15/07/2026,Silver,499.12
CUST004961,Customer 4961,customer4961@email.com,Japan,West,17/04/2026,Gold,583.24
CUST004962,Customer 4962,customer4962@email.com,Japan,Central,27/05/2026,Silver,644.56
CUST004963,Customer 4963,customer4963@email.com,Canada,Central,24/10/2025,Bronze,1004.83
CUST004964,Customer 4964,customer4964@email.com,UK,North,03/01/2022,Platinum,221.33
CUST004965,Customer 4965,customer4965@email.com,India,Central,19/07/2026,Bronze,164.19
CUST004966,Customer 4966,customer4966@email.com,France,Central,17/07/2021,Silver,1053.71
CUST004967,Customer 4967,customer4967@email.com,India,North,28/10/2026,Platinum,185.16
CUST004968,Customer 4968,customer4968@email.com,Japan,Central,28/02/2020,Gold,1939.66
CUST004969,Customer 4969,customer4969@email.com,Japan,North,11/12/2022,Gold,1024.29
CUST004970,Customer 4970,customer4970@email.com,Australia,West,24/04/2022,Silver,447.45
CUST004971,Customer 4971,customer4971@email.com,Australia,Central,12/11/2025,Bronze,2092.87
CUST004972,Customer 4972,customer4972@email.com,UK,South,05/12/2020,Bronze,151.23
CUST004973,Customer 4973,customer4973@email.com,Japan,West,09/05/2022,Bronze,280.53
CUST004974,Customer 4974,customer4974@email.com,Germany,Central,01/12/2020,Platinum,608.37
CUST004975,Customer 4975,customer4975@email.com,Canada,East,15/01/2026,Gold,315.4
CUST004976,Customer 4976,customer4976@email.com,USA,North,19/06/2026,Silver,1418.14
CUST004977,Customer 4977,customer4977@email.com,India,West,07/03/2021,Bronze,133.94
CUST004978,Customer 4978,customer4978@email.com,Japan,South,26/02/2024,Platinum,498.6
CUST004979,Customer 4979,customer4979@email.com,Germany,South,28/09/2024,Gold,546.86
CUST004980,Customer 4980,customer4980@email.com,Japan,Central,01/01/2021,Bronze,628.82
CUST004981,Customer 4981,customer4981@email.com,USA,East,18/03/2025,Silver,247.63
CUST004982,Customer 4982,customer4982@email.com,Australia,North,02/06/2021,Bronze,326.72
CUST004983,Customer 4983,customer4983@email.com,Germany,Central,14/05/2021,Bronze,1027.93
CUST004984,Customer 4984,customer4984@email.com,Germany,Central,12/02/2020,Silver,208.42
CUST004985,Customer 4985,customer4985@email.com,India,East,07/06/2026,Silver,976.85
CUST004986,Customer 4986,customer4986@email.com,Japan,North,14/07/2023,Silver,513.52
CUST004987,Customer 4987,customer4987@email.com,USA,Central,13/10/2024,Bronze,818.14
CUST004988,Customer 4988,customer4988@email.com,Japan,Central,15/12/2025,Bronze,725.2
CUST004989,Customer 4989,customer4989@email.com,Canada,North,19/08/2025,Gold,216.29
CUST004990,Customer 4990,customer4990@email.com,USA,South,04/09/2023,Gold,520.61
CUST004991,Customer 4991,customer4991@email.com,India,South,19/05/2022,Platinum,1111.43
CUST004992,Customer 4992,customer4992@email.com,Japan,Central,12/10/2020,Platinum,382.92
CUST004993,Customer 4993,customer4993@email.com,Australia,West,22/04/2022,Silver,1799.46
CUST004994,Customer 4994,customer4994@email.com,Canada,South,06/12/2024,Gold,400.94
CUST004995,Customer 4995,customer4995@email.com,Australia,Central,18/09/2025,Silver,177.03
CUST004996,Customer 4996,customer4996@email.com,Japan,South,06/05/2022,Bronze,346.68
CUST004997,Customer 4997,customer4997@email.com,Japan,Central,30/01/2020,Gold,1615.19
CUST004998,Customer 4998,customer4998@email.com,Canada,East,28/10/2024,Gold,292.63
CUST004999,Customer 4999,customer4999@email.com,Germany,North,18/01/2025,Gold,1112.85
CUST005000,Customer 5000,customer5000@email.com,Australia,South,29/04/2024,Platinum,1165.37
