ReturnID,OrderID,CustomerID,ReturnDate,Reason,RefundAmount,RestockingFee,Country,Region
RET000001,ORD00036359,CUST002446,03/03/2020,Defective,2.34,0.2,Germany,North
RET000002,ORD00030808,CUST000268,09/01/2023,Damage in shipping,469.82,47.54,UK,South
RET000003,ORD00023973,CUST003669,01/12/2020,No longer needed,255.06,16.77,UK,North
RET000004,ORD00014033,CUST000945,25/08/2025,Defective,297.68,11.64,France,East
RET000005,ORD00046657,CUST003374,17/03/2026,Damage in shipping,312.51,30.77,Canada,Central
RET000006,ORD00007854,CUST002488,20/02/2025,Defective,41.18,0.2,Japan,West
RET000007,ORD00042236,CUST002184,08/10/2023,Better price found,99.98,6.54,Australia,North
RET000008,ORD00025319,CUST002688,15/07/2022,No longer needed,45.62,1.33,UK,South
RET000009,ORD00021526,CUST001762,12/10/2020,Quality issue,84.84,12.47,India,North
RET000010,ORD00004545,CUST003198,27/05/2025,Damage in shipping,520.96,11.5,Japan,North
RET000011,ORD00041579,CUST000964,09/12/2021,Defective,163.13,16.55,UK,North
RET000012,ORD00034834,CUST001687,31/03/2024,Changed mind,372.5,8.15,Australia,North
RET000013,ORD00016799,CUST003670,09/03/2020,No longer needed,13.81,1.71,Canada,Central
RET000014,ORD00016225,CUST004006,24/05/2023,Better price found,111.3,7.78,Germany,South
RET000015,ORD00009084,CUST001788,03/07/2024,Changed mind,43.6,2.7,UK,Central
RET000016,ORD00041060,CUST004639,14/09/2026,Not as described,135.07,3.06,France,West
RET000017,ORD00014265,CUST001289,15/12/2022,Changed mind,27.97,4.57,Canada,North
RET000018,ORD00026872,CUST000036,31/03/2026,No longer needed,796.74,18.29,USA,East
RET000019,ORD00007662,CUST003844,02/12/2020,Changed mind,73.43,11.12,Japan,South
RET000020,ORD00003500,CUST004373,18/04/2023,Defective,135.12,7.55,Australia,South
RET000021,ORD00035977,CUST000062,15/07/2023,Quality issue,117.98,11.08,Japan,North
RET000022,ORD00028998,CUST001146,27/01/2023,Quality issue,18.4,2.99,USA,South
RET000023,ORD00020560,CUST001965,18/05/2024,Damage in shipping,93.05,8.2,UK,East
RET000024,ORD00021205,CUST003898,23/09/2026,Damage in shipping,1124.7,85.29,India,North
RET000025,ORD00048237,CUST001804,21/10/2025,Defective,463.43,81.35,Australia,South
RET000026,ORD00014952,CUST001087,08/12/2022,Changed mind,44.33,0.45,UK,South
RET000027,ORD00026158,CUST004822,26/12/2023,Damage in shipping,78.1,11.76,Germany,North
RET000028,ORD00036434,CUST000108,14/12/2020,Better price found,51.12,2.34,Japan,Central
RET000029,ORD00023096,CUST001612,28/11/2023,Wrong item,82.51,13.12,USA,North
RET000030,ORD00004092,CUST002196,02/06/2024,Better price found,699.31,144.02,Japan,South
RET000031,ORD00011592,CUST004481,20/11/2024,Defective,262.28,21.03,Canada,North
RET000032,ORD00037067,CUST001441,16/02/2021,Changed mind,43.02,7.31,Canada,South
RET000033,ORD00035507,CUST003437,06/07/2026,Better price found,219.92,29.92,India,South
RET000034,ORD00043051,CUST000432,13/03/2026,Quality issue,407.19,58.11,India,Central
RET000035,ORD00041851,CUST001045,06/04/2025,Not as described,32,4.5,Japan,East
RET000036,ORD00023590,CUST003015,31/01/2026,Damage in shipping,113.26,3.63,UK,South
RET000037,ORD00000262,CUST004506,29/12/2026,Not as described,25.89,1.68,Japan,South
RET000038,ORD00005875,CUST001581,10/02/2025,Changed mind,84.51,7.48,France,Central
RET000039,ORD00010310,CUST004000,19/11/2024,Quality issue,270.75,7.89,Australia,Central
RET000040,ORD00034824,CUST003344,22/01/2023,No longer needed,449.19,48.95,Canada,West
RET000041,ORD00017016,CUST001823,08/02/2026,Better price found,270.09,23.74,Canada,West
RET000042,ORD00046056,CUST001066,05/11/2024,No longer needed,62.28,7.49,UK,North
RET000043,ORD00038385,CUST000265,22/06/2024,Quality issue,107.66,10.64,UK,North
RET000044,ORD00016583,CUST001358,12/11/2021,Wrong item,150.7,14.91,France,North
RET000045,ORD00019478,CUST004848,11/08/2024,Not as described,260.08,52.79,India,West
RET000046,ORD00025136,CUST001839,06/12/2020,No longer needed,91.71,5.46,Canada,East
RET000047,ORD00012621,CUST003403,04/10/2025,Not as described,118.54,10.25,India,West
RET000048,ORD00025281,CUST003007,12/03/2022,Wrong item,386.02,49.3,Japan,Central
RET000049,ORD00004874,CUST004530,03/05/2022,Not as described,13.09,0.44,UK,Central
RET000050,ORD00029677,CUST001322,23/02/2021,Wrong item,43.96,0.26,UK,West
RET000051,ORD00004184,CUST002914,14/08/2024,Quality issue,147.72,6.44,France,South
RET000052,ORD00033904,CUST001364,11/11/2022,Better price found,24.27,0.82,Japan,East
RET000053,ORD00015062,CUST001371,22/07/2025,Not as described,157.8,8.97,UK,South
RET000054,ORD00036662,CUST002870,10/01/2026,No longer needed,242.89,23.84,Australia,North
RET000055,ORD00044610,CUST004817,20/05/2026,Wrong item,830.57,76.8,Germany,East
RET000056,ORD00028230,CUST004133,04/08/2022,Quality issue,66.89,11.54,Japan,Central
RET000057,ORD00044243,CUST004927,15/10/2026,Defective,82.3,8.84,Canada,East
RET000058,ORD00030223,CUST002615,02/10/2023,Damage in shipping,43.52,3.13,India,South
RET000059,ORD00029076,CUST002379,27/11/2024,No longer needed,352.86,26.83,Australia,West
RET000060,ORD00037158,CUST001445,14/09/2022,Defective,728.86,102.6,Japan,East
RET000061,ORD00041194,CUST000298,22/03/2022,Better price found,36.49,4.17,Canada,North
RET000062,ORD00019382,CUST003756,31/05/2023,Quality issue,10.14,0.31,UK,South
RET000063,ORD00029973,CUST001319,08/03/2024,Defective,142.1,12.33,Canada,West
RET000064,ORD00013462,CUST002515,19/06/2025,Better price found,158.23,25.56,Canada,Central
RET000065,ORD00031299,CUST002779,18/01/2024,Better price found,610.74,77.46,India,Central
RET000066,ORD00018281,CUST002098,24/10/2021,Defective,51.8,1.32,Japan,East
RET000067,ORD00046310,CUST004550,18/08/2024,Quality issue,60.24,3.22,UK,East
RET000068,ORD00040868,CUST004047,28/12/2026,No longer needed,1340.75,119.06,Germany,North
RET000069,ORD00004955,CUST003855,21/05/2022,Wrong item,117.46,14.84,USA,North
RET000070,ORD00008777,CUST003563,30/01/2025,Changed mind,200.14,26.73,Australia,South
RET000071,ORD00014665,CUST000135,20/02/2026,Wrong item,458.49,74.22,Japan,South
RET000072,ORD00044883,CUST003843,06/03/2022,Damage in shipping,69.01,7.48,Germany,Central
RET000073,ORD00005273,CUST003810,12/04/2021,Wrong item,11.61,0.29,USA,Central
RET000074,ORD00000377,CUST001916,23/05/2024,Not as described,71.06,1.88,Japan,North
RET000075,ORD00019261,CUST003826,03/09/2020,Not as described,52.84,0.65,France,South
RET000076,ORD00021302,CUST000777,26/04/2020,Better price found,146.38,19.16,Australia,North
RET000077,ORD00000882,CUST002555,23/08/2025,Damage in shipping,450.96,44.26,USA,East
RET000078,ORD00010185,CUST000565,08/11/2025,Not as described,114.66,10.83,Japan,North
RET000079,ORD00048532,CUST001158,26/07/2023,Quality issue,35.14,2.33,USA,West
RET000080,ORD00039536,CUST002631,16/07/2025,Not as described,62.88,3.56,France,North
RET000081,ORD00043322,CUST004156,24/10/2023,Better price found,175.4,8.97,India,West
RET000082,ORD00006077,CUST003219,25/08/2023,Quality issue,81.07,10.02,France,South
RET000083,ORD00007915,CUST003559,19/02/2024,No longer needed,11.83,0.62,Australia,West
RET000084,ORD00014036,CUST001144,15/01/2025,Wrong item,387.02,0.94,Japan,West
RET000085,ORD00028887,CUST002345,19/01/2021,Damage in shipping,66.22,5.65,Japan,East
RET000086,ORD00005340,CUST004436,15/12/2020,Quality issue,57.1,2.8,USA,Central
RET000087,ORD00001680,CUST002788,08/01/2023,Quality issue,31.63,5.58,UK,West
RET000088,ORD00004393,CUST000788,08/03/2021,Not as described,152.35,26.81,India,West
RET000089,ORD00008700,CUST003457,05/08/2022,Defective,245.47,13.69,Australia,North
RET000090,ORD00044253,CUST002552,19/02/2024,Wrong item,63.13,0.33,Australia,West
RET000091,ORD00017649,CUST002501,06/12/2024,Defective,11.18,1.49,Germany,South
RET000092,ORD00018817,CUST003559,31/12/2024,Wrong item,135.08,2.12,Australia,West
RET000093,ORD00025208,CUST001602,14/09/2022,Wrong item,6.22,0.09,Germany,South
RET000094,ORD00014991,CUST004379,14/03/2022,Quality issue,193.4,2.47,USA,Central
RET000095,ORD00022186,CUST002209,15/09/2025,Better price found,990.18,155.26,Australia,North
RET000096,ORD00020217,CUST000728,18/09/2021,Defective,41.29,2.76,Australia,North
RET000097,ORD00010421,CUST002775,16/12/2025,Damage in shipping,122.02,1.11,USA,South
RET000098,ORD00017461,CUST000832,06/12/2024,Wrong item,85.26,2.15,UK,South
RET000099,ORD00042738,CUST003293,20/11/2022,No longer needed,259.1,7.39,Australia,East
RET000100,ORD00035418,CUST001747,15/01/2026,Not as described,235.12,8.52,Australia,Central
RET000101,ORD00000245,CUST000874,10/08/2025,Quality issue,74.5,1.21,France,South
RET000102,ORD00030717,CUST003141,14/07/2020,Not as described,23.37,2.1,Germany,East
RET000103,ORD00048299,CUST002725,20/06/2025,Changed mind,938.29,75.04,India,West
RET000104,ORD00017746,CUST001802,10/08/2020,Wrong item,52.5,4.11,Germany,South
RET000105,ORD00028189,CUST003443,20/06/2021,Wrong item,79.03,4.28,Germany,East
RET000106,ORD00041315,CUST004713,05/08/2024,Defective,88.68,2.36,Japan,Central
RET000107,ORD00005020,CUST003396,30/04/2020,Changed mind,100.8,8.47,India,Central
RET000108,ORD00002441,CUST001001,07/03/2024,No longer needed,99.12,4.09,Germany,North
RET000109,ORD00019055,CUST003878,05/04/2024,Quality issue,253.06,16.16,UK,West
RET000110,ORD00033725,CUST003111,02/04/2021,Quality issue,12.8,0.07,UK,East
RET000111,ORD00023505,CUST004587,24/02/2021,Wrong item,114.78,10.98,UK,South
RET000112,ORD00014668,CUST001790,24/09/2021,No longer needed,88.1,9.33,Germany,South
RET000113,ORD00016337,CUST000958,02/03/2025,Damage in shipping,999.44,50.31,UK,South
RET000114,ORD00034199,CUST003556,06/06/2023,Damage in shipping,157.36,14.22,Australia,South
RET000115,ORD00000398,CUST003295,12/11/2020,Quality issue,156.89,19.06,Canada,North
RET000116,ORD00047763,CUST003912,18/02/2023,Better price found,140.25,17.89,Australia,North
RET000117,ORD00015070,CUST001251,02/01/2021,Damage in shipping,55.06,4.24,USA,Central
RET000118,ORD00025382,CUST000317,21/06/2022,Damage in shipping,394.74,78.46,Germany,Central
RET000119,ORD00011073,CUST002614,30/09/2024,Quality issue,289.15,25.68,Japan,West
RET000120,ORD00006295,CUST004837,02/12/2024,Not as described,616.01,41.96,Germany,South
RET000121,ORD00003002,CUST000811,27/11/2026,Better price found,762.19,54.08,Canada,North
RET000122,ORD00047514,CUST003831,25/10/2024,Defective,1011.31,122.38,France,West
RET000123,ORD00044072,CUST000730,09/09/2020,Wrong item,161.66,22.35,Germany,West
RET000124,ORD00038238,CUST003554,04/05/2020,Changed mind,33.82,3.37,Australia,Central
RET000125,ORD00042854,CUST001832,02/02/2024,Wrong item,558.59,22.03,Canada,East
RET000126,ORD00030195,CUST000420,23/07/2026,Changed mind,98.93,5.2,Germany,East
RET000127,ORD00046686,CUST002398,05/10/2021,Quality issue,71.91,2.93,Japan,North
RET000128,ORD00048360,CUST003191,21/12/2023,No longer needed,146.97,12.76,USA,South
RET000129,ORD00020193,CUST004398,20/05/2022,No longer needed,98.17,14.86,India,South
RET000130,ORD00018005,CUST001781,07/06/2025,Better price found,914.21,152.14,USA,East
RET000131,ORD00002929,CUST004093,22/07/2021,Better price found,387.69,1.84,Germany,South
RET000132,ORD00034048,CUST003052,26/05/2020,Damage in shipping,83.7,13.77,India,East
RET000133,ORD00037075,CUST004137,02/04/2024,Quality issue,353.82,39.16,USA,West
RET000134,ORD00042860,CUST003229,05/04/2025,Defective,673.2,72.71,USA,North
RET000135,ORD00025457,CUST002259,08/07/2022,Wrong item,85.74,9.84,Australia,South
RET000136,ORD00013076,CUST000692,03/05/2021,Wrong item,150.81,16.6,USA,North
RET000137,ORD00011118,CUST002282,04/08/2024,Better price found,72.13,6.55,UK,West
RET000138,ORD00017252,CUST000375,12/10/2023,Not as described,756.72,113.55,UK,West
RET000139,ORD00000733,CUST002028,01/02/2026,Wrong item,111.98,11.26,India,East
RET000140,ORD00044422,CUST003969,06/04/2021,No longer needed,3.66,0.33,Australia,West
RET000141,ORD00048961,CUST003936,13/03/2021,Changed mind,17.9,0.7,UK,North
RET000142,ORD00025227,CUST001948,14/06/2021,Wrong item,172.34,15.6,Canada,West
RET000143,ORD00002630,CUST004447,23/02/2024,Quality issue,171.53,21.33,USA,South
RET000144,ORD00007858,CUST004589,11/03/2020,Quality issue,10.67,0.7,France,West
RET000145,ORD00033092,CUST001764,30/08/2025,Quality issue,295.77,27.81,Canada,Central
RET000146,ORD00037828,CUST000013,14/09/2021,Changed mind,2.55,0.47,Japan,Central
RET000147,ORD00045014,CUST003439,16/08/2024,Quality issue,45.41,4,Japan,West
RET000148,ORD00022784,CUST004180,05/03/2020,Not as described,218.27,24.25,Canada,North
RET000149,ORD00009961,CUST000348,10/08/2024,Defective,329.5,3.36,Australia,East
RET000150,ORD00001641,CUST000405,24/05/2026,Not as described,237.09,3.95,Japan,North
RET000151,ORD00010378,CUST003379,19/06/2024,Not as described,346.62,49.74,Australia,East
RET000152,ORD00034491,CUST000580,22/07/2024,Changed mind,99.17,17.35,Australia,East
RET000153,ORD00019672,CUST002271,05/05/2023,Changed mind,264.69,35.2,USA,South
RET000154,ORD00029489,CUST003462,16/02/2026,Not as described,81.98,3.63,Canada,South
RET000155,ORD00005961,CUST002927,06/10/2026,Damage in shipping,98.84,1.69,France,West
RET000156,ORD00028501,CUST004546,16/11/2023,Defective,65.62,8.56,Australia,South
RET000157,ORD00004331,CUST000140,11/03/2024,Wrong item,401.57,37.15,Australia,North
RET000158,ORD00025930,CUST002990,10/10/2026,Damage in shipping,202.44,5.22,Australia,North
RET000159,ORD00049576,CUST002992,01/07/2020,Not as described,29.32,2.07,Australia,South
RET000160,ORD00019662,CUST003575,24/11/2026,Wrong item,236.42,27.04,Japan,North
RET000161,ORD00020887,CUST001010,12/01/2026,Not as described,20.12,3.88,Germany,Central
RET000162,ORD00037779,CUST002302,31/03/2025,Defective,420.13,64.07,India,West
RET000163,ORD00011490,CUST004894,12/02/2023,Changed mind,52.69,8.78,India,South
RET000164,ORD00010790,CUST004833,28/09/2021,Better price found,178.16,9.8,Germany,Central
RET000165,ORD00049478,CUST000961,25/01/2021,Changed mind,145.05,7.35,UK,North
RET000166,ORD00023779,CUST000025,20/09/2022,Changed mind,112.52,8.84,India,East
RET000167,ORD00001827,CUST001556,10/07/2023,Not as described,20.04,0.54,Germany,Central
RET000168,ORD00003030,CUST002393,21/01/2022,Not as described,381.32,13.68,Canada,South
RET000169,ORD00010250,CUST001497,22/07/2023,Changed mind,129.05,8.63,Japan,South
RET000170,ORD00045475,CUST002671,17/03/2020,Wrong item,77.37,8.48,USA,South
RET000171,ORD00003293,CUST003393,26/07/2020,Defective,39.86,0.69,USA,North
RET000172,ORD00023277,CUST001168,25/02/2022,Damage in shipping,91.82,7.37,UK,East
RET000173,ORD00002348,CUST003510,12/09/2022,Defective,41.2,4.25,Germany,West
RET000174,ORD00049399,CUST000167,04/05/2026,Wrong item,194.89,25.53,Japan,Central
RET000175,ORD00009731,CUST002380,20/11/2022,Not as described,172.12,19,Germany,Central
RET000176,ORD00008479,CUST004638,28/03/2026,Wrong item,491.24,63.37,UK,West
RET000177,ORD00043808,CUST000769,30/10/2026,Damage in shipping,14.2,2.27,USA,North
RET000178,ORD00009683,CUST002558,10/02/2025,Quality issue,47.44,1.5,Australia,West
RET000179,ORD00000008,CUST003784,26/01/2027,Damage in shipping,524.51,9.33,Australia,South
RET000180,ORD00014074,CUST000543,06/01/2023,Not as described,112.29,2.06,Germany,South
RET000181,ORD00005583,CUST002491,03/03/2020,Defective,53.73,7.19,France,South
RET000182,ORD00013449,CUST004356,12/09/2024,Changed mind,587.26,60.56,India,West
RET000183,ORD00041875,CUST002699,25/10/2022,Not as described,101.85,17.08,Canada,North
RET000184,ORD00012055,CUST004517,18/07/2021,Defective,40.59,5.71,Canada,North
RET000185,ORD00030666,CUST001728,11/05/2026,Defective,279.07,13.17,Australia,North
RET000186,ORD00049514,CUST002519,09/12/2020,Not as described,21.67,2.47,France,South
RET000187,ORD00036964,CUST001473,05/11/2026,Changed mind,63.34,3.74,India,Central
RET000188,ORD00028464,CUST003862,12/09/2020,No longer needed,165.9,21.13,India,West
RET000189,ORD00025960,CUST001812,03/10/2021,No longer needed,235.82,21.9,UK,East
RET000190,ORD00004114,CUST004389,22/03/2026,Not as described,43.51,3.78,USA,East
RET000191,ORD00007331,CUST001964,06/07/2022,Wrong item,114.1,6.36,Australia,East
RET000192,ORD00014459,CUST001019,20/01/2023,Quality issue,170.43,1.94,Australia,North
RET000193,ORD00020421,CUST003314,16/03/2026,No longer needed,46.73,1.18,Germany,Central
RET000194,ORD00011381,CUST001981,07/11/2020,Wrong item,97.68,14.55,Australia,South
RET000195,ORD00024638,CUST002886,22/05/2025,Wrong item,7.16,0.8,Canada,North
RET000196,ORD00007918,CUST002361,13/10/2025,Damage in shipping,652.11,80.84,Japan,Central
RET000197,ORD00004736,CUST000855,18/08/2021,Changed mind,0.41,0.06,Australia,East
RET000198,ORD00003755,CUST001611,24/10/2025,Quality issue,466.03,77.27,India,South
RET000199,ORD00016989,CUST000680,23/12/2025,Quality issue,799.2,8.15,Australia,East
RET000200,ORD00011649,CUST002458,24/09/2022,Damage in shipping,83.84,9.01,USA,West
RET000201,ORD00047943,CUST002768,20/06/2020,Wrong item,133.2,15.05,Germany,West
RET000202,ORD00015621,CUST002574,04/05/2020,Damage in shipping,92.63,3.19,Canada,North
RET000203,ORD00041782,CUST001725,26/04/2025,Quality issue,54.1,5.65,UK,West
RET000204,ORD00018190,CUST002842,06/04/2026,Changed mind,801.04,69.15,India,Central
RET000205,ORD00006762,CUST000934,11/07/2021,Defective,4.5,0.42,Canada,South
RET000206,ORD00005011,CUST000961,31/01/2022,Wrong item,616.87,27.46,UK,North
RET000207,ORD00016761,CUST002595,04/05/2020,Changed mind,195.28,2.26,Japan,North
RET000208,ORD00002351,CUST003369,19/09/2022,Wrong item,94.87,3.09,France,South
RET000209,ORD00041243,CUST004212,08/07/2024,Wrong item,272.85,27.7,India,East
RET000210,ORD00003351,CUST001764,20/03/2022,No longer needed,177.64,26.34,Canada,Central
RET000211,ORD00006328,CUST002836,20/05/2026,Not as described,55.85,7.13,Germany,North
RET000212,ORD00002723,CUST000903,05/02/2026,Defective,12.15,1.75,Germany,Central
RET000213,ORD00034807,CUST002597,23/08/2025,Quality issue,95.92,2.4,Germany,West
RET000214,ORD00045432,CUST000137,05/02/2024,Defective,96.5,0.11,USA,East
RET000215,ORD00000858,CUST000593,25/06/2020,No longer needed,199.48,14.92,India,South
RET000216,ORD00013803,CUST001043,13/09/2021,Defective,362.98,40.14,Canada,East
RET000217,ORD00000551,CUST000134,21/04/2026,Not as described,149.9,27.06,Japan,South
RET000218,ORD00039195,CUST000616,20/03/2021,Damage in shipping,229.81,44.86,India,Central
RET000219,ORD00042221,CUST000917,01/02/2022,Better price found,259.06,42.31,USA,South
RET000220,ORD00038757,CUST001074,24/12/2026,Better price found,87.03,17.19,UK,South
RET000221,ORD00025335,CUST004146,03/01/2026,Wrong item,1.68,0.26,USA,Central
RET000222,ORD00031727,CUST001507,01/10/2026,No longer needed,153.11,16.85,Germany,North
RET000223,ORD00034762,CUST003507,23/07/2025,Changed mind,30.55,4.62,UK,West
RET000224,ORD00010937,CUST004723,15/08/2025,Damage in shipping,311.43,5.32,Germany,North
RET000225,ORD00003192,CUST004815,11/11/2023,Defective,45.86,3.15,Australia,East
RET000226,ORD00000410,CUST002118,12/03/2024,No longer needed,378.99,55.08,Australia,North
RET000227,ORD00005151,CUST001078,10/05/2025,Better price found,534.6,72.28,Canada,South
RET000228,ORD00033354,CUST000394,23/05/2020,Not as described,33.25,4.55,Canada,North
RET000229,ORD00000851,CUST000374,15/03/2023,Quality issue,213.38,12.69,France,West
RET000230,ORD00021520,CUST004499,25/03/2021,Damage in shipping,154.94,24.56,Japan,Central
RET000231,ORD00026282,CUST001413,15/10/2021,Not as described,81.9,8,France,Central
RET000232,ORD00009211,CUST001527,17/02/2022,Not as described,197.38,26.44,Australia,East
RET000233,ORD00009187,CUST003016,09/07/2022,Changed mind,168.12,17.45,Japan,South
RET000234,ORD00046745,CUST004468,11/11/2022,Wrong item,63.49,10.97,Australia,West
RET000235,ORD00029936,CUST001475,10/03/2026,Defective,584.17,81.83,France,West
RET000236,ORD00019057,CUST004375,22/01/2027,Not as described,494.55,47.8,USA,Central
RET000237,ORD00014430,CUST003039,10/11/2025,Damage in shipping,540.67,59.58,Japan,West
RET000238,ORD00030878,CUST004182,18/03/2025,No longer needed,361.17,24.45,USA,North
RET000239,ORD00040500,CUST003023,08/08/2024,Changed mind,53.24,1.05,Germany,Central
RET000240,ORD00027632,CUST001229,18/07/2020,No longer needed,121.09,8.54,France,South
RET000241,ORD00001136,CUST003905,04/02/2027,Changed mind,276.68,24.81,USA,West
RET000242,ORD00035614,CUST002528,31/07/2023,No longer needed,62.53,8.66,Australia,North
RET000243,ORD00006511,CUST003485,26/01/2025,Damage in shipping,53.01,7.18,UK,East
RET000244,ORD00027529,CUST001328,17/08/2024,Changed mind,36.61,2.55,UK,Central
RET000245,ORD00016843,CUST001646,12/06/2026,Defective,139.27,16.06,USA,North
RET000246,ORD00024689,CUST000747,02/10/2022,Changed mind,44.53,8.02,Australia,South
RET000247,ORD00002179,CUST004344,28/01/2020,Better price found,130.32,2.85,Germany,South
RET000248,ORD00001911,CUST004951,07/02/2020,Wrong item,8.14,1.27,Australia,South
RET000249,ORD00027018,CUST002814,21/05/2024,Better price found,229.06,30.93,India,Central
RET000250,ORD00013142,CUST004011,27/07/2024,Better price found,6.82,0.81,UK,West
RET000251,ORD00042198,CUST004039,07/11/2026,Wrong item,84.55,9.55,France,South
RET000252,ORD00049708,CUST000416,20/10/2026,Changed mind,565.46,31.9,Japan,Central
RET000253,ORD00049949,CUST004507,11/05/2021,Better price found,43.59,0.69,Germany,North
RET000254,ORD00042769,CUST004291,14/10/2025,Wrong item,206.86,24.83,Canada,East
RET000255,ORD00048777,CUST001333,03/09/2025,Wrong item,70.43,6.17,UK,Central
RET000256,ORD00030634,CUST000628,13/12/2025,Changed mind,6.25,0.22,Germany,South
RET000257,ORD00018336,CUST004725,15/10/2026,Changed mind,772.9,100.65,Australia,Central
RET000258,ORD00025393,CUST002182,23/12/2024,Defective,75.72,4.95,USA,South
RET000259,ORD00043114,CUST001394,01/11/2023,Defective,55.76,9.77,Germany,East
RET000260,ORD00048540,CUST004464,31/07/2025,Quality issue,225.71,32.3,USA,East
RET000261,ORD00002698,CUST004871,09/01/2024,No longer needed,146.24,3.81,India,Central
RET000262,ORD00049149,CUST004116,28/02/2024,Quality issue,200.77,26.84,UK,South
RET000263,ORD00014961,CUST000470,28/07/2025,Better price found,141.02,5.91,UK,West
RET000264,ORD00037654,CUST002305,02/09/2022,Not as described,195.41,18.57,USA,West
RET000265,ORD00022441,CUST002930,26/10/2023,Better price found,248.96,1.81,France,Central
RET000266,ORD00003076,CUST003479,02/10/2020,Damage in shipping,22.1,2.18,India,East
RET000267,ORD00043219,CUST002610,26/06/2020,Quality issue,94.66,1.98,Canada,North
RET000268,ORD00019049,CUST003781,25/09/2021,Changed mind,38.3,0.06,Australia,North
RET000269,ORD00022242,CUST000250,16/11/2020,Damage in shipping,151.13,4.77,Germany,South
RET000270,ORD00020961,CUST002965,28/02/2020,Quality issue,12.05,1.32,India,East
RET000271,ORD00022160,CUST003055,12/11/2023,Quality issue,449.96,28.19,Australia,South
RET000272,ORD00044478,CUST004616,27/12/2024,Not as described,126.6,17.67,India,West
RET000273,ORD00025194,CUST003899,28/12/2022,Not as described,81.39,6.14,Japan,Central
RET000274,ORD00039710,CUST000738,07/04/2023,Defective,30.43,4.77,Germany,East
RET000275,ORD00028118,CUST002279,20/01/2021,No longer needed,197.63,30.42,Japan,Central
RET000276,ORD00015551,CUST001064,15/05/2024,Damage in shipping,133.25,17.05,USA,North
RET000277,ORD00014584,CUST000294,01/10/2026,No longer needed,81.51,0.87,UK,South
RET000278,ORD00010616,CUST001613,10/08/2026,Better price found,386.53,62.96,Japan,Central
RET000279,ORD00024612,CUST002317,19/10/2026,Wrong item,468.99,17.16,UK,West
RET000280,ORD00049008,CUST000262,31/05/2021,Better price found,320.97,17.74,France,West
RET000281,ORD00048873,CUST004320,18/07/2021,Not as described,65.94,6.24,Germany,East
RET000282,ORD00015244,CUST001939,13/09/2024,Quality issue,379.69,37.36,India,North
RET000283,ORD00021281,CUST000381,27/02/2023,Damage in shipping,610.26,97.33,Australia,Central
RET000284,ORD00040738,CUST001925,24/04/2024,Wrong item,86.45,5.18,USA,South
RET000285,ORD00042056,CUST000691,25/11/2023,Defective,125.39,5.94,India,East
RET000286,ORD00047335,CUST004938,17/06/2020,Wrong item,5.93,0.35,USA,Central
RET000287,ORD00042224,CUST000568,30/08/2026,Defective,536.22,2.13,Japan,South
RET000288,ORD00032563,CUST000658,17/12/2020,Not as described,17.64,2.67,Canada,West
RET000289,ORD00040990,CUST001775,14/06/2026,Not as described,215.8,26.34,Japan,Central
RET000290,ORD00042199,CUST003903,25/03/2021,Changed mind,123.67,0.78,Germany,North
RET000291,ORD00003268,CUST003070,16/12/2022,Quality issue,181.47,1.91,Australia,North
RET000292,ORD00000369,CUST000749,07/01/2022,Wrong item,441.44,54.62,France,South
RET000293,ORD00029715,CUST002842,26/01/2020,Changed mind,36.91,4.04,India,Central
RET000294,ORD00000986,CUST002823,22/12/2024,Not as described,19.65,2.35,France,South
RET000295,ORD00004515,CUST001984,11/01/2021,Not as described,156.23,15.34,Australia,South
RET000296,ORD00015438,CUST003559,01/12/2022,No longer needed,791.64,29.95,Australia,West
RET000297,ORD00040720,CUST003549,24/11/2020,Defective,268.58,24.22,Japan,Central
RET000298,ORD00025816,CUST000251,09/05/2022,Damage in shipping,129.06,19.23,France,South
RET000299,ORD00035115,CUST004653,24/08/2020,Defective,7.41,1.4,UK,North
RET000300,ORD00014090,CUST002370,28/08/2021,Quality issue,34.9,1.94,Japan,Central
RET000301,ORD00021691,CUST002253,20/01/2026,Damage in shipping,274.43,1.84,India,North
RET000302,ORD00025495,CUST004751,13/01/2025,Wrong item,336.9,59.22,UK,South
RET000303,ORD00004715,CUST001598,04/01/2024,Not as described,195.24,28.27,India,West
RET000304,ORD00032447,CUST002839,15/11/2026,Better price found,16.39,2.06,Australia,South
RET000305,ORD00020903,CUST002654,12/01/2026,Damage in shipping,183.74,13.08,Australia,South
RET000306,ORD00012280,CUST001458,29/05/2024,Not as described,276.68,28.6,Australia,West
RET000307,ORD00038512,CUST002244,03/01/2027,Not as described,114.29,12.77,Australia,North
RET000308,ORD00029589,CUST001884,21/10/2024,Changed mind,776.97,33.68,France,South
RET000309,ORD00001507,CUST003766,25/12/2022,Wrong item,868.74,154.08,India,South
RET000310,ORD00009687,CUST004447,05/08/2025,No longer needed,782.91,110.93,USA,South
RET000311,ORD00027927,CUST000349,16/03/2020,Not as described,39.61,4.97,USA,South
RET000312,ORD00020375,CUST002426,13/04/2022,No longer needed,0.93,0.14,Australia,South
RET000313,ORD00039858,CUST000286,05/10/2025,No longer needed,242.47,13.77,France,North
RET000314,ORD00014501,CUST004843,04/11/2025,Not as described,712.02,29.88,USA,North
RET000315,ORD00006745,CUST003454,25/11/2021,Not as described,90.33,5.06,France,West
RET000316,ORD00013310,CUST002410,07/05/2024,No longer needed,95.66,11.45,France,North
RET000317,ORD00009927,CUST000887,10/03/2025,Damage in shipping,90.53,10.59,India,South
RET000318,ORD00049941,CUST002425,23/07/2022,Not as described,217.97,35.93,France,Central
RET000319,ORD00008752,CUST000154,16/02/2022,Damage in shipping,65.08,8.94,USA,East
RET000320,ORD00047842,CUST000879,05/09/2024,Changed mind,83.32,6.71,USA,North
RET000321,ORD00010334,CUST001258,07/08/2020,Changed mind,25.42,3.39,Australia,West
RET000322,ORD00007155,CUST001252,22/07/2024,No longer needed,517.52,36.22,Germany,Central
RET000323,ORD00036484,CUST002979,12/05/2020,Not as described,21.73,1.26,Australia,North
RET000324,ORD00011322,CUST000733,01/11/2026,Damage in shipping,249.18,14.81,UK,West
RET000325,ORD00045012,CUST003487,14/11/2024,Wrong item,109.25,11.12,UK,North
RET000326,ORD00004346,CUST000703,14/05/2025,Not as described,624.05,83.66,Australia,West
RET000327,ORD00043655,CUST003977,08/03/2022,Damage in shipping,60.67,1.6,France,West
RET000328,ORD00002567,CUST004476,11/01/2027,Changed mind,924.42,94.11,Germany,West
RET000329,ORD00040819,CUST001176,10/01/2023,No longer needed,363.13,36.72,India,North
RET000330,ORD00034787,CUST004729,28/04/2026,Damage in shipping,290.48,49.19,France,South
RET000331,ORD00044355,CUST004120,30/01/2027,Not as described,457.34,60.19,Germany,West
RET000332,ORD00025239,CUST001721,15/01/2021,No longer needed,321.28,18.12,France,North
RET000333,ORD00040358,CUST002220,09/04/2022,No longer needed,172.53,21.91,France,Central
RET000334,ORD00017989,CUST002296,21/04/2024,Defective,97.11,10.31,Canada,North
RET000335,ORD00021375,CUST000203,17/04/2023,Wrong item,192.81,31.28,USA,South
RET000336,ORD00041357,CUST004366,10/09/2026,Wrong item,337.49,45.93,USA,East
RET000337,ORD00020910,CUST003298,04/08/2021,Wrong item,127.06,14.87,France,Central
RET000338,ORD00016625,CUST000996,22/02/2025,Not as described,446.32,48.09,Australia,South
RET000339,ORD00036103,CUST001510,22/11/2023,Not as described,61.87,6.06,USA,South
RET000340,ORD00012724,CUST003353,17/04/2023,Changed mind,25.89,2.77,USA,Central
RET000341,ORD00046169,CUST003658,24/06/2024,Wrong item,237.12,12.07,France,Central
RET000342,ORD00038464,CUST004046,27/11/2022,Damage in shipping,146.35,1.56,France,East
RET000343,ORD00013350,CUST002606,10/02/2025,Quality issue,628.91,57.99,UK,North
RET000344,ORD00038499,CUST000069,06/11/2023,No longer needed,37.08,1.45,Japan,South
RET000345,ORD00014899,CUST003708,11/02/2026,Defective,458.46,65.75,Japan,South
RET000346,ORD00007458,CUST004585,06/12/2021,Quality issue,45.49,4.65,UK,North
RET000347,ORD00007357,CUST001479,29/03/2022,Not as described,0.19,0.02,Australia,North
RET000348,ORD00030994,CUST001070,18/09/2020,No longer needed,9.08,0.6,UK,East
RET000349,ORD00026805,CUST000325,18/04/2025,Changed mind,37.97,0.04,Japan,East
RET000350,ORD00001966,CUST003820,27/07/2025,Not as described,71.62,7.18,USA,West
RET000351,ORD00026188,CUST001486,11/03/2021,Quality issue,246.48,30.36,USA,East
RET000352,ORD00004765,CUST003562,24/08/2024,Damage in shipping,349.19,70.82,UK,West
RET000353,ORD00045679,CUST004536,17/07/2026,No longer needed,169.91,12.95,Canada,West
RET000354,ORD00005805,CUST002134,30/10/2020,Defective,41.87,4.46,Australia,North
RET000355,ORD00039934,CUST002603,27/12/2023,Changed mind,109.85,1.76,USA,South
RET000356,ORD00037579,CUST002950,12/08/2021,Wrong item,39.06,3.64,Australia,West
RET000357,ORD00003805,CUST002527,24/02/2020,Better price found,193.82,10.81,USA,North
RET000358,ORD00040084,CUST003214,03/03/2026,Changed mind,99.21,15.64,India,West
RET000359,ORD00043212,CUST004321,31/03/2023,Changed mind,196.6,2.07,Canada,Central
RET000360,ORD00007835,CUST000261,11/05/2022,No longer needed,4.57,0.27,USA,East
RET000361,ORD00041759,CUST000990,24/10/2021,Not as described,205.56,10.24,Japan,East
RET000362,ORD00029171,CUST000847,16/07/2024,Quality issue,169.43,23.65,Australia,South
RET000363,ORD00023839,CUST002934,14/08/2021,Defective,330.44,33.31,France,North
RET000364,ORD00016586,CUST001718,31/05/2020,Not as described,101.2,3.82,Australia,North
RET000365,ORD00026237,CUST000906,22/03/2022,Quality issue,70.7,7.92,Canada,Central
RET000366,ORD00033865,CUST000061,26/02/2025,Quality issue,130.15,3.04,India,South
RET000367,ORD00025567,CUST004777,09/12/2021,Quality issue,92.05,7.73,UK,West
RET000368,ORD00033627,CUST002448,24/07/2023,Better price found,180.99,26.17,Canada,East
RET000369,ORD00010466,CUST004441,15/10/2024,Better price found,659.22,42.97,Japan,East
RET000370,ORD00013675,CUST001766,07/03/2020,Quality issue,24.84,0.67,USA,East
RET000371,ORD00041789,CUST000089,12/09/2024,Defective,101.48,6.51,Canada,West
RET000372,ORD00020880,CUST003271,26/01/2023,Not as described,183.25,30.67,Germany,West
RET000373,ORD00010879,CUST004379,20/05/2024,Not as described,0.79,0.04,USA,Central
RET000374,ORD00028862,CUST001721,20/07/2023,Quality issue,130.21,13.57,France,North
RET000375,ORD00040750,CUST004597,21/01/2020,Defective,83.27,0.07,Canada,North
RET000376,ORD00034038,CUST000605,30/05/2022,Quality issue,272.28,32.58,France,North
RET000377,ORD00018641,CUST004540,19/03/2021,Changed mind,154.96,15.51,UK,North
RET000378,ORD00022275,CUST000223,20/10/2024,No longer needed,97.24,12.77,Canada,South
RET000379,ORD00010724,CUST001546,27/11/2021,Damage in shipping,181.4,22.69,India,South
RET000380,ORD00014823,CUST001470,05/05/2021,Wrong item,36.36,4.57,UK,Central
RET000381,ORD00028309,CUST002321,16/08/2024,Quality issue,36.11,6.08,Canada,North
RET000382,ORD00007974,CUST002606,13/05/2023,Quality issue,63.94,11.04,UK,North
RET000383,ORD00009398,CUST002648,07/04/2023,Defective,13.91,1.52,Japan,Central
RET000384,ORD00017696,CUST001882,12/06/2022,No longer needed,67.45,2.57,Canada,East
RET000385,ORD00035331,CUST001504,31/05/2020,Damage in shipping,19.75,0.37,Australia,East
RET000386,ORD00032087,CUST004374,09/12/2021,Not as described,59.66,1.34,Canada,Central
RET000387,ORD00019950,CUST003760,06/02/2026,Defective,198.14,10.16,Canada,North
RET000388,ORD00047972,CUST002467,15/04/2023,Wrong item,197,9.67,Germany,South
RET000389,ORD00044170,CUST001940,01/09/2025,Damage in shipping,555.67,15.71,Canada,East
RET000390,ORD00002138,CUST003495,24/04/2020,Damage in shipping,136.68,15.77,France,Central
RET000391,ORD00024013,CUST003418,06/11/2022,Better price found,76.82,8.44,Canada,South
RET000392,ORD00033697,CUST001883,31/01/2025,No longer needed,195.24,12.7,Japan,West
RET000393,ORD00034674,CUST001455,19/05/2020,Better price found,3.33,0.32,Germany,Central
RET000394,ORD00028546,CUST004094,01/03/2021,Damage in shipping,29.72,6.08,Canada,South
RET000395,ORD00029288,CUST001694,30/03/2020,Changed mind,161.25,4.71,Canada,South
RET000396,ORD00042151,CUST000560,22/12/2024,Damage in shipping,427.05,20.28,Canada,North
RET000397,ORD00033519,CUST003722,30/06/2025,Quality issue,533.83,24.88,Australia,South
RET000398,ORD00004155,CUST003565,09/10/2020,Better price found,126.86,1.12,Australia,West
RET000399,ORD00045368,CUST003100,01/12/2024,Quality issue,91.19,5.63,Canada,East
RET000400,ORD00038439,CUST002243,20/12/2025,Not as described,88.77,14.62,UK,East
RET000401,ORD00024808,CUST003848,10/05/2022,No longer needed,333.41,29,France,Central
RET000402,ORD00019214,CUST004113,08/04/2020,Damage in shipping,101.24,7.24,India,West
RET000403,ORD00009279,CUST004300,06/04/2021,Defective,19.72,2.46,France,South
RET000404,ORD00001367,CUST004823,28/09/2026,Quality issue,390.6,64.53,Canada,North
RET000405,ORD00028130,CUST002905,26/09/2023,No longer needed,111.29,7.49,India,West
RET000406,ORD00025776,CUST000868,30/08/2025,Defective,83.72,12.63,Canada,South
RET000407,ORD00008831,CUST004840,27/06/2020,Changed mind,85.31,0.81,Japan,North
RET000408,ORD00011476,CUST000237,08/01/2024,Defective,539.68,66.43,Japan,West
RET000409,ORD00044210,CUST004702,20/06/2020,Changed mind,247.35,23.18,Canada,West
RET000410,ORD00004103,CUST001601,06/03/2024,Not as described,129.56,12.23,USA,Central
RET000411,ORD00007411,CUST001793,09/08/2025,Changed mind,287.5,23.04,India,East
RET000412,ORD00020550,CUST003674,06/01/2022,Not as described,7.5,1.22,Canada,North
RET000413,ORD00030307,CUST002841,23/09/2021,Changed mind,28.83,4.25,Australia,South
RET000414,ORD00031164,CUST002355,30/12/2023,No longer needed,626.78,35.74,Germany,Central
RET000415,ORD00031364,CUST001661,18/05/2024,Not as described,49.78,9.26,France,East
RET000416,ORD00002733,CUST004913,10/11/2021,Not as described,881.51,26.23,Canada,South
RET000417,ORD00035764,CUST004599,11/01/2022,Better price found,143.04,9.29,India,South
RET000418,ORD00043789,CUST001394,04/12/2022,Quality issue,675.2,102.81,Germany,East
RET000419,ORD00015579,CUST002870,23/10/2023,Wrong item,119.34,2.41,Australia,North
RET000420,ORD00039498,CUST000058,06/11/2020,Not as described,90.75,5.29,Australia,East
RET000421,ORD00030046,CUST004847,28/07/2022,Better price found,106.91,10.06,India,East
RET000422,ORD00020508,CUST003274,18/06/2022,No longer needed,89.48,4.7,UK,South
RET000423,ORD00039591,CUST002027,01/01/2026,Wrong item,328.32,0.67,USA,North
RET000424,ORD00044271,CUST004021,31/01/2023,Better price found,604.9,68.42,Japan,Central
RET000425,ORD00014127,CUST002870,13/03/2026,Wrong item,193.32,19.73,Australia,North
RET000426,ORD00029092,CUST000164,27/01/2026,No longer needed,164.08,25.57,Canada,North
RET000427,ORD00033022,CUST002078,11/02/2024,Wrong item,99.62,2.81,Australia,Central
RET000428,ORD00003674,CUST002528,10/07/2021,Quality issue,14.19,0.5,Australia,North
RET000429,ORD00031647,CUST004970,29/07/2026,Changed mind,666,87.23,Australia,West
RET000430,ORD00025939,CUST002076,08/10/2023,Damage in shipping,42.31,4.39,Canada,South
RET000431,ORD00010119,CUST002017,29/01/2022,Not as described,88.99,12.86,France,East
RET000432,ORD00012751,CUST004353,31/08/2022,Quality issue,47.94,5.35,UK,South
RET000433,ORD00027255,CUST003461,20/10/2021,Quality issue,11.19,2.06,India,West
RET000434,ORD00002177,CUST003472,22/01/2025,Better price found,179.46,8.18,France,West
RET000435,ORD00029461,CUST001029,12/01/2023,Not as described,352.81,10.14,Canada,Central
RET000436,ORD00010629,CUST002783,09/04/2025,Defective,117.46,8.54,Australia,East
RET000437,ORD00004959,CUST001676,14/02/2021,Changed mind,33.1,6.15,France,South
RET000438,ORD00032254,CUST003127,14/11/2026,Better price found,212.9,36,USA,West
RET000439,ORD00008055,CUST004344,31/10/2022,Changed mind,25.49,2.58,Germany,South
RET000440,ORD00009570,CUST001759,02/03/2024,Changed mind,13.22,1.53,UK,North
RET000441,ORD00002945,CUST002515,23/03/2026,No longer needed,138.22,6.14,Canada,Central
RET000442,ORD00014142,CUST004341,01/12/2023,Better price found,415,60.32,Germany,South
RET000443,ORD00028771,CUST004524,01/03/2022,No longer needed,120.63,12.58,Canada,West
RET000444,ORD00036778,CUST002990,08/05/2025,Quality issue,198.78,1.79,Australia,North
RET000445,ORD00001931,CUST002196,09/02/2021,Not as described,35.35,1.5,Japan,South
RET000446,ORD00045924,CUST002526,16/08/2023,Changed mind,312.22,35.73,Australia,West
RET000447,ORD00049447,CUST003190,18/08/2026,No longer needed,883.92,0.15,Germany,South
RET000448,ORD00048140,CUST000630,21/09/2021,Damage in shipping,62.76,0.99,Germany,East
RET000449,ORD00045078,CUST002032,21/09/2025,Damage in shipping,37.72,5.22,Germany,North
RET000450,ORD00007024,CUST000321,17/01/2026,Not as described,189.4,12.18,Germany,Central
RET000451,ORD00006989,CUST004904,31/12/2020,Changed mind,90.02,6.86,Australia,South
RET000452,ORD00022470,CUST003595,21/11/2026,Wrong item,67.53,14.1,France,West
RET000453,ORD00036813,CUST002269,11/12/2021,Better price found,151.06,1.44,USA,Central
RET000454,ORD00003364,CUST001288,11/09/2023,Damage in shipping,367.55,74.52,India,Central
RET000455,ORD00002890,CUST001538,23/02/2024,No longer needed,250.97,19.97,France,East
RET000456,ORD00000766,CUST002813,16/10/2023,Damage in shipping,132.36,9.74,Australia,East
RET000457,ORD00015041,CUST000654,17/08/2026,No longer needed,420.76,64.59,UK,East
RET000458,ORD00018332,CUST000142,23/10/2020,Damage in shipping,17.76,2.1,Australia,Central
RET000459,ORD00027868,CUST001275,05/10/2024,Damage in shipping,220.6,6.21,USA,West
RET000460,ORD00046590,CUST001731,29/01/2020,Defective,1.89,0.17,USA,East
RET000461,ORD00014544,CUST002261,06/05/2026,Defective,217.52,2.63,Japan,West
RET000462,ORD00017909,CUST002112,12/06/2026,Damage in shipping,215.06,26.81,France,West
RET000463,ORD00036377,CUST003445,13/10/2023,Changed mind,67.32,0.14,UK,South
RET000464,ORD00032524,CUST000224,26/09/2021,Wrong item,137.93,5.04,Japan,East
RET000465,ORD00013882,CUST002900,17/04/2026,Damage in shipping,6.01,0.4,France,South
RET000466,ORD00018740,CUST004055,09/12/2021,Defective,159.35,22.43,Australia,South
RET000467,ORD00021712,CUST004623,19/09/2022,Wrong item,504.27,24.03,France,Central
RET000468,ORD00030431,CUST004839,21/12/2023,Wrong item,165.56,14.52,Germany,West
RET000469,ORD00011278,CUST001784,18/04/2022,No longer needed,16.13,2.74,Australia,Central
RET000470,ORD00011280,CUST001345,12/06/2022,Better price found,198.03,25.53,Germany,North
RET000471,ORD00000734,CUST003823,10/05/2020,Not as described,13.18,0.91,Canada,North
RET000472,ORD00017729,CUST000085,19/09/2026,Better price found,161.79,15.78,France,North
RET000473,ORD00025182,CUST001973,28/05/2024,No longer needed,60.17,10.27,India,North
RET000474,ORD00049835,CUST003506,11/03/2020,Defective,85.86,13.8,UK,North
RET000475,ORD00015990,CUST001548,19/11/2025,Quality issue,640.08,32.14,France,South
RET000476,ORD00044325,CUST000367,26/07/2022,Quality issue,687.67,79.3,Canada,South
RET000477,ORD00022115,CUST004508,08/12/2022,Wrong item,418.2,25.39,UK,Central
RET000478,ORD00033593,CUST003681,18/03/2023,Quality issue,10.07,1.29,Germany,North
RET000479,ORD00019815,CUST002951,30/01/2022,Not as described,189.85,33.52,Germany,South
RET000480,ORD00014017,CUST004635,19/12/2021,No longer needed,56.71,0.93,India,East
RET000481,ORD00029315,CUST003519,14/12/2023,Damage in shipping,90.47,6.78,USA,West
RET000482,ORD00007493,CUST003204,08/10/2022,Quality issue,204.31,20.45,Canada,North
RET000483,ORD00048620,CUST004759,31/10/2021,Damage in shipping,21.24,0.9,Canada,South
RET000484,ORD00047795,CUST002633,31/07/2020,Not as described,161.72,3.61,Canada,East
RET000485,ORD00035424,CUST001454,20/04/2022,Damage in shipping,84.25,9.69,Canada,East
RET000486,ORD00034198,CUST004126,01/11/2023,Damage in shipping,12.22,1.34,Japan,South
RET000487,ORD00030567,CUST002614,14/07/2026,Not as described,502.54,91.37,Japan,West
RET000488,ORD00046449,CUST004932,10/09/2024,Damage in shipping,20.33,1.79,France,Central
RET000489,ORD00008880,CUST004652,13/08/2020,No longer needed,125.63,7.04,USA,North
RET000490,ORD00018732,CUST004372,30/06/2026,No longer needed,641.4,110.58,Canada,East
RET000491,ORD00000378,CUST002433,13/03/2024,Wrong item,11.6,1.75,USA,Central
RET000492,ORD00013093,CUST001806,16/09/2026,Wrong item,143.19,24.12,Japan,North
RET000493,ORD00012789,CUST000778,18/06/2023,Defective,524.17,22.31,Australia,North
RET000494,ORD00002556,CUST004774,28/04/2020,Changed mind,51.39,2.67,Germany,South
RET000495,ORD00006258,CUST003988,02/09/2022,Defective,210.95,15.36,India,North
RET000496,ORD00004847,CUST002271,18/02/2024,Not as described,49,5.38,USA,South
RET000497,ORD00047547,CUST001219,27/02/2023,Defective,52.87,6.34,Canada,South
RET000498,ORD00040724,CUST001106,04/02/2025,Not as described,531.23,96.89,Canada,West
RET000499,ORD00019482,CUST003734,04/10/2021,No longer needed,62.79,0.19,France,South
RET000500,ORD00034332,CUST004705,12/02/2024,Defective,592.28,63.83,India,Central
RET000501,ORD00038037,CUST003548,22/06/2024,No longer needed,320.47,35.5,UK,South
RET000502,ORD00025845,CUST002231,05/09/2024,Changed mind,283.39,46.95,Germany,Central
RET000503,ORD00009458,CUST002489,30/07/2022,Wrong item,100.4,6.26,France,West
RET000504,ORD00011600,CUST002815,04/02/2025,Changed mind,292.37,1.19,Japan,Central
RET000505,ORD00045448,CUST001471,11/03/2023,Changed mind,44.99,3.3,India,West
RET000506,ORD00019006,CUST001034,18/02/2023,Damage in shipping,90.88,3.57,UK,East
RET000507,ORD00046519,CUST002057,26/11/2026,Damage in shipping,684.61,98.04,Germany,North
RET000508,ORD00047828,CUST003065,02/08/2025,Defective,1668.7,27.83,Canada,East
RET000509,ORD00042484,CUST001699,28/05/2025,Changed mind,125.2,10.47,France,West
RET000510,ORD00049037,CUST000441,16/01/2021,Damage in shipping,31.93,4.69,France,Central
RET000511,ORD00036027,CUST002582,01/11/2025,Quality issue,225.25,1.19,USA,East
RET000512,ORD00032520,CUST003244,06/09/2025,Defective,610.75,56.19,UK,Central
RET000513,ORD00037517,CUST004131,05/09/2024,Quality issue,111.18,1.07,Canada,South
RET000514,ORD00039639,CUST000380,18/08/2023,No longer needed,57.51,0.86,Australia,East
RET000515,ORD00045937,CUST002310,08/09/2025,Not as described,160.18,1.72,Australia,South
RET000516,ORD00008516,CUST001347,26/08/2025,Changed mind,225.13,13.09,Japan,West
RET000517,ORD00049612,CUST004856,05/08/2022,Changed mind,55.68,10.22,Australia,West
RET000518,ORD00020831,CUST001920,23/08/2020,Wrong item,99.18,15.22,Canada,North
RET000519,ORD00032235,CUST002330,18/06/2025,Not as described,448.88,63.51,Japan,East
RET000520,ORD00009002,CUST004213,25/07/2024,Better price found,59.88,9.41,UK,South
RET000521,ORD00006691,CUST002143,04/08/2021,Wrong item,424.14,20.8,France,North
RET000522,ORD00011227,CUST001879,20/05/2024,Quality issue,100.46,8.24,Canada,West
RET000523,ORD00003115,CUST000128,31/01/2026,Not as described,50.56,0.24,UK,East
RET000524,ORD00012503,CUST004292,26/12/2026,Changed mind,989.05,68.97,Australia,North
RET000525,ORD00000730,CUST003018,01/05/2026,Wrong item,204.18,28.11,Australia,Central
RET000526,ORD00030447,CUST004600,05/05/2021,Damage in shipping,4.17,0.65,France,South
RET000527,ORD00041921,CUST002392,01/12/2026,Better price found,146.06,16.33,Canada,South
RET000528,ORD00020345,CUST000568,05/05/2022,Better price found,84.44,15.11,Japan,South
RET000529,ORD00030655,CUST004604,10/12/2020,Better price found,193.46,18.29,UK,North
RET000530,ORD00011855,CUST004099,22/07/2024,Changed mind,261.35,13.18,Japan,South
RET000531,ORD00001842,CUST004226,09/04/2025,Damage in shipping,950.02,55.92,Australia,West
RET000532,ORD00007084,CUST001142,04/03/2021,Defective,120.66,17.79,Japan,West
RET000533,ORD00027851,CUST000827,13/08/2024,Changed mind,756.78,102.65,France,West
RET000534,ORD00045327,CUST003682,17/11/2021,Quality issue,289.61,30.1,Germany,North
RET000535,ORD00002952,CUST002010,15/12/2020,Not as described,84.25,7.31,Canada,East
RET000536,ORD00038599,CUST002607,14/03/2026,Changed mind,139.2,18.45,Australia,West
RET000537,ORD00003511,CUST001779,15/02/2022,Quality issue,179.4,0.65,USA,West
RET000538,ORD00027337,CUST000681,04/06/2021,Better price found,213.8,25.45,USA,North
RET000539,ORD00008360,CUST002520,20/06/2021,Quality issue,233.73,33.81,UK,South
RET000540,ORD00011816,CUST000960,14/08/2020,No longer needed,10.19,1.2,India,South
RET000541,ORD00029336,CUST001592,29/01/2020,Better price found,16.84,1.29,Australia,East
RET000542,ORD00021789,CUST003070,10/09/2023,Quality issue,54.05,7.01,Australia,North
RET000543,ORD00033478,CUST004928,21/03/2020,Wrong item,39.43,4.96,France,East
RET000544,ORD00026906,CUST002782,04/05/2020,Wrong item,7.74,1.18,USA,South
RET000545,ORD00019408,CUST004685,02/09/2026,Wrong item,278.35,17.89,UK,Central
RET000546,ORD00043286,CUST002188,29/02/2020,Better price found,4.97,0.9,UK,South
RET000547,ORD00013175,CUST004310,16/01/2026,Defective,34.29,5.1,Germany,South
RET000548,ORD00022809,CUST004021,08/11/2026,Wrong item,706.94,49.96,Japan,Central
RET000549,ORD00039677,CUST001297,08/06/2025,Quality issue,11.99,0,Canada,Central
RET000550,ORD00046079,CUST001579,26/07/2024,Not as described,781.83,10.49,UK,North
RET000551,ORD00048364,CUST001038,14/01/2027,Not as described,537.41,2.35,Canada,West
RET000552,ORD00020763,CUST001700,11/06/2022,Better price found,99.19,14.14,UK,Central
RET000553,ORD00049040,CUST002021,28/02/2026,Quality issue,127.18,8.39,UK,South
RET000554,ORD00001763,CUST001408,08/06/2025,Not as described,189.31,7.15,Japan,Central
RET000555,ORD00012729,CUST003782,27/11/2026,Better price found,128.07,16.25,UK,East
RET000556,ORD00030834,CUST004803,30/05/2023,Changed mind,570.82,49.13,France,Central
RET000557,ORD00032012,CUST003234,24/12/2021,Better price found,133.64,10.75,France,East
RET000558,ORD00033342,CUST001301,16/07/2023,Defective,253.35,36.86,Germany,South
RET000559,ORD00037113,CUST002557,30/03/2024,Not as described,125.8,15.06,Germany,North
RET000560,ORD00027298,CUST001684,18/08/2021,Defective,27.39,1.28,UK,West
RET000561,ORD00040412,CUST004697,16/09/2025,Quality issue,2.18,0.18,UK,South
RET000562,ORD00048692,CUST003502,14/09/2025,No longer needed,51.34,5.44,Germany,North
RET000563,ORD00045958,CUST000913,25/04/2026,Quality issue,188.49,2.03,France,West
RET000564,ORD00040144,CUST004060,21/06/2026,Damage in shipping,321.76,32.74,UK,North
RET000565,ORD00007606,CUST000869,13/10/2025,Not as described,379.53,70.13,Australia,North
RET000566,ORD00047126,CUST003209,26/12/2024,Wrong item,197.38,23.51,UK,West
RET000567,ORD00024812,CUST001028,05/09/2022,Better price found,112.67,11.63,Japan,West
RET000568,ORD00015141,CUST002999,19/02/2023,No longer needed,123.47,4.52,Australia,West
RET000569,ORD00004602,CUST001713,01/03/2024,No longer needed,42.54,6.79,Germany,West
RET000570,ORD00002219,CUST000232,13/04/2025,Quality issue,98.17,9.18,Japan,North
RET000571,ORD00034021,CUST002537,30/01/2023,Changed mind,133.18,25.05,UK,East
RET000572,ORD00023791,CUST003949,20/11/2026,Better price found,390.05,12.53,Germany,West
RET000573,ORD00030058,CUST003600,21/12/2026,Wrong item,496.94,52.47,Canada,South
RET000574,ORD00049135,CUST003687,01/02/2023,Changed mind,82.13,1.82,Japan,North
RET000575,ORD00041968,CUST004350,22/09/2023,No longer needed,38.04,2.02,France,North
RET000576,ORD00043879,CUST000084,29/10/2024,No longer needed,215.1,27.37,Australia,Central
RET000577,ORD00027925,CUST004638,01/08/2020,Defective,122.44,7,UK,West
RET000578,ORD00019288,CUST002034,21/05/2026,Better price found,325.41,25.16,India,West
RET000579,ORD00024637,CUST000739,06/06/2024,Wrong item,681.71,82.26,France,West
RET000580,ORD00043899,CUST004155,18/04/2022,Better price found,225.45,7.52,Australia,Central
RET000581,ORD00013334,CUST001659,23/12/2023,Quality issue,254.73,29.09,USA,South
RET000582,ORD00020478,CUST003915,22/06/2025,Quality issue,317.39,8.35,UK,West
RET000583,ORD00043452,CUST002001,16/11/2023,Wrong item,282.39,2.69,Canada,East
RET000584,ORD00016875,CUST000572,24/10/2025,Changed mind,427.06,67.8,Japan,Central
RET000585,ORD00027539,CUST000128,31/10/2024,Not as described,127.65,18.43,UK,East
RET000586,ORD00045722,CUST004625,24/02/2024,Better price found,147.19,5.56,France,South
RET000587,ORD00004908,CUST002097,11/10/2021,Quality issue,173.82,25.67,France,South
RET000588,ORD00049289,CUST004907,30/08/2020,No longer needed,95.47,0.62,USA,East
RET000589,ORD00026449,CUST003730,12/07/2025,Not as described,65.81,4.83,India,East
RET000590,ORD00024774,CUST002548,14/02/2021,Defective,70.64,8.29,USA,South
RET000591,ORD00012964,CUST000862,04/07/2021,Not as described,15.31,2.48,India,South
RET000592,ORD00018565,CUST002716,30/04/2023,Damage in shipping,18.15,1.31,France,East
RET000593,ORD00015312,CUST004915,07/12/2021,No longer needed,321.95,22.63,USA,North
RET000594,ORD00007026,CUST000126,23/08/2026,Damage in shipping,142.83,21.59,India,West
RET000595,ORD00015998,CUST003594,30/01/2021,No longer needed,11.62,2.03,India,East
RET000596,ORD00045345,CUST004089,18/12/2025,No longer needed,49.94,7.85,UK,West
RET000597,ORD00022906,CUST000164,05/03/2024,Changed mind,285.95,37.71,Canada,North
RET000598,ORD00025446,CUST002563,25/02/2024,Changed mind,38.94,3.34,France,East
RET000599,ORD00026123,CUST001848,17/10/2020,Damage in shipping,75.54,4.5,India,West
RET000600,ORD00001566,CUST000301,20/08/2026,Changed mind,91.73,0.26,USA,South
RET000601,ORD00034592,CUST002295,11/01/2025,No longer needed,501.24,21.46,France,West
RET000602,ORD00028372,CUST001365,30/08/2021,Wrong item,166.86,16.18,India,West
RET000603,ORD00046521,CUST003872,11/11/2020,Quality issue,192.92,30.91,France,East
RET000604,ORD00008077,CUST002769,20/07/2025,Not as described,522.83,35.6,Germany,East
RET000605,ORD00030375,CUST000026,17/05/2020,Damage in shipping,14.94,1.89,UK,West
RET000606,ORD00034373,CUST000254,28/10/2022,No longer needed,29.43,0.46,Australia,East
RET000607,ORD00014604,CUST004433,09/12/2024,Damage in shipping,256.3,17.78,India,Central
RET000608,ORD00037284,CUST002335,12/06/2024,Damage in shipping,109.81,3.44,Japan,South
RET000609,ORD00015703,CUST004137,12/11/2020,Quality issue,144.42,22.96,USA,West
RET000610,ORD00044982,CUST002357,29/10/2023,Wrong item,529.77,74.19,Australia,West
RET000611,ORD00012286,CUST001386,11/08/2020,Better price found,151.2,2.43,India,North
RET000612,ORD00031477,CUST000913,05/06/2021,Changed mind,51.08,2.65,France,West
RET000613,ORD00038564,CUST004445,13/05/2024,Quality issue,288.87,21.44,USA,North
RET000614,ORD00022136,CUST002237,26/02/2026,Better price found,80.47,1.06,UK,North
RET000615,ORD00032898,CUST001160,18/06/2023,Not as described,89.05,9.7,Canada,East
RET000616,ORD00010587,CUST003091,05/05/2020,Better price found,92.75,3.55,India,South
RET000617,ORD00014487,CUST004678,07/02/2026,No longer needed,46.16,1.1,India,South
RET000618,ORD00005632,CUST000178,02/12/2026,Quality issue,7.92,1.16,France,West
RET000619,ORD00023445,CUST001236,24/05/2023,Defective,222.91,13.26,UK,South
RET000620,ORD00022286,CUST004397,24/11/2025,No longer needed,85.87,8.52,UK,South
RET000621,ORD00017203,CUST000035,09/08/2020,No longer needed,187.56,31.72,Germany,South
RET000622,ORD00003793,CUST003846,25/06/2022,No longer needed,203.09,24.92,USA,East
RET000623,ORD00037387,CUST003073,11/03/2021,Better price found,44.83,6.61,Canada,West
RET000624,ORD00030812,CUST003797,10/09/2023,Wrong item,82.4,9.39,Australia,Central
RET000625,ORD00021319,CUST001860,30/10/2024,Defective,91.81,6.38,Canada,South
RET000626,ORD00048052,CUST004350,06/09/2024,Changed mind,117.37,5.15,France,North
RET000627,ORD00014924,CUST004072,04/10/2026,Quality issue,683.58,49.24,Germany,North
RET000628,ORD00015201,CUST002164,25/04/2021,Quality issue,28.17,4.97,UK,West
RET000629,ORD00003994,CUST004143,24/08/2021,Quality issue,16.55,0.93,Canada,East
RET000630,ORD00021456,CUST001278,26/03/2025,Wrong item,33.16,5.64,USA,South
RET000631,ORD00047904,CUST001187,13/10/2026,Changed mind,626.17,51.56,Australia,North
RET000632,ORD00043174,CUST002400,22/02/2022,Better price found,61.73,0.42,Australia,South
RET000633,ORD00006002,CUST000189,24/11/2025,Not as described,215.88,25.3,Canada,South
RET000634,ORD00000877,CUST001244,20/11/2022,Not as described,89.46,7.96,France,East
RET000635,ORD00027370,CUST000140,16/10/2024,Defective,100.85,1.03,Australia,North
RET000636,ORD00018136,CUST003401,09/02/2020,Not as described,36.19,1.62,Australia,East
RET000637,ORD00032859,CUST000873,11/09/2020,Better price found,34.95,0.12,India,West
RET000638,ORD00011877,CUST004744,17/07/2021,Changed mind,19.6,1.33,Germany,North
RET000639,ORD00003780,CUST000304,14/08/2025,No longer needed,118.51,1.74,Japan,Central
RET000640,ORD00037672,CUST002423,11/11/2023,Changed mind,100.93,3.42,India,North
RET000641,ORD00025464,CUST003736,04/08/2026,Better price found,830.51,6.34,Canada,Central
RET000642,ORD00010646,CUST003564,29/07/2021,Quality issue,4.7,0.76,Germany,West
RET000643,ORD00012819,CUST003167,06/02/2023,Quality issue,78.98,3.13,Germany,East
RET000644,ORD00049753,CUST004885,13/11/2022,Quality issue,140.86,7.65,Germany,North
RET000645,ORD00019180,CUST002907,13/11/2021,No longer needed,198.65,26.84,Germany,South
RET000646,ORD00024578,CUST002653,09/07/2021,No longer needed,145.16,19.36,UK,West
RET000647,ORD00045399,CUST002503,25/07/2025,Quality issue,757.28,63.48,UK,West
RET000648,ORD00035447,CUST004488,26/06/2022,Damage in shipping,282.41,38.27,Japan,Central
RET000649,ORD00032949,CUST004890,28/07/2021,Changed mind,34.37,0.8,Canada,Central
RET000650,ORD00011491,CUST000796,04/09/2022,Not as described,20.35,1.24,France,South
RET000651,ORD00005979,CUST003876,24/01/2027,Damage in shipping,174.74,5.78,India,West
RET000652,ORD00028123,CUST004891,09/04/2025,Quality issue,199.65,7.18,Germany,West
RET000653,ORD00004025,CUST003726,15/01/2023,Wrong item,191.86,1.97,UK,North
RET000654,ORD00033205,CUST000770,20/12/2022,Wrong item,3.45,0.19,Germany,Central
RET000655,ORD00014756,CUST004509,29/11/2023,Not as described,68.39,6.65,France,East
RET000656,ORD00034270,CUST004258,14/05/2024,Defective,165.47,2,Australia,Central
RET000657,ORD00046930,CUST004338,14/11/2023,Not as described,441.67,42.44,India,South
RET000658,ORD00015095,CUST003236,07/02/2022,Defective,196.86,15.01,Canada,Central
RET000659,ORD00023912,CUST000708,24/03/2020,Better price found,123.4,19.23,Canada,West
RET000660,ORD00048673,CUST000325,16/12/2026,Defective,175.99,27.84,Japan,East
RET000661,ORD00041898,CUST000706,03/05/2023,Damage in shipping,67.81,9.61,India,South
RET000662,ORD00009065,CUST002927,20/08/2026,Damage in shipping,780.83,14.91,France,West
RET000663,ORD00039288,CUST001801,31/01/2022,Better price found,11.2,0.69,USA,West
RET000664,ORD00030507,CUST004830,25/05/2020,Changed mind,52.1,3.34,Japan,South
RET000665,ORD00039849,CUST004710,07/07/2023,Not as described,36.98,5.49,UK,East
RET000666,ORD00028243,CUST000643,30/10/2022,Defective,57.94,1.05,Canada,North
RET000667,ORD00038441,CUST002157,14/03/2020,Wrong item,47.9,0.02,Australia,Central
RET000668,ORD00021478,CUST003526,14/07/2024,Better price found,333.78,57.94,Australia,Central
RET000669,ORD00046473,CUST004492,24/01/2027,Better price found,171.17,24.98,UK,North
RET000670,ORD00013390,CUST001499,12/11/2025,Damage in shipping,224.28,12.07,UK,North
RET000671,ORD00030049,CUST000392,16/05/2020,Changed mind,9.35,0.48,India,Central
RET000672,ORD00003215,CUST003388,06/06/2026,Not as described,246.83,1.5,USA,West
RET000673,ORD00033328,CUST003556,01/02/2027,Wrong item,836.3,30.58,Australia,South
RET000674,ORD00015610,CUST004281,04/03/2023,Damage in shipping,169.86,19.72,Australia,West
RET000675,ORD00006866,CUST003508,24/06/2024,Quality issue,210.75,1.8,USA,South
RET000676,ORD00009096,CUST004688,02/04/2023,Better price found,280.65,38.54,France,Central
RET000677,ORD00034574,CUST001687,12/12/2025,Damage in shipping,62.21,2.45,Australia,North
RET000678,ORD00021776,CUST004381,29/12/2020,No longer needed,222.52,36.81,Japan,North
RET000679,ORD00016287,CUST002962,20/06/2026,Changed mind,30.64,1.11,France,North
RET000680,ORD00037856,CUST002521,20/11/2025,Quality issue,96.27,9.56,Germany,West
RET000681,ORD00026799,CUST004003,29/07/2023,Quality issue,5.26,0.01,Japan,East
RET000682,ORD00017526,CUST003675,24/06/2021,Changed mind,171.69,6.15,Japan,South
RET000683,ORD00008647,CUST000225,04/10/2024,Not as described,28.68,4.29,Germany,Central
RET000684,ORD00009632,CUST003694,20/01/2026,No longer needed,790.23,46.92,France,East
RET000685,ORD00036796,CUST002257,19/05/2022,No longer needed,55.65,3.9,USA,Central
RET000686,ORD00036516,CUST003967,20/11/2025,Better price found,214.53,26.39,USA,East
RET000687,ORD00035897,CUST002434,23/04/2023,Damage in shipping,176.28,3.7,Canada,West
RET000688,ORD00024803,CUST004623,06/12/2021,Defective,156.08,23.08,France,Central
RET000689,ORD00003057,CUST002529,19/08/2025,No longer needed,644.29,1.36,Australia,West
RET000690,ORD00044644,CUST002451,17/08/2025,No longer needed,262.03,40.96,Australia,Central
RET000691,ORD00049192,CUST000659,18/08/2024,Better price found,676.84,100.73,Canada,West
RET000692,ORD00026565,CUST001160,06/10/2022,Quality issue,377.81,28,Canada,East
RET000693,ORD00015304,CUST004458,18/04/2020,Quality issue,100.64,16.28,UK,North
RET000694,ORD00047751,CUST001111,02/08/2020,Not as described,56.58,10.55,India,East
RET000695,ORD00041246,CUST002008,25/08/2022,No longer needed,131.55,15.26,India,South
RET000696,ORD00020511,CUST002492,17/10/2022,Defective,30.3,4.42,Japan,Central
RET000697,ORD00005417,CUST001647,21/10/2026,Changed mind,401.34,32.59,Japan,South
RET000698,ORD00019402,CUST000885,03/09/2022,Damage in shipping,139.82,15.13,Canada,Central
RET000699,ORD00014279,CUST002007,25/03/2021,No longer needed,234.31,40.82,UK,East
RET000700,ORD00009005,CUST000456,31/10/2025,Better price found,1044.4,174.8,USA,North
RET000701,ORD00030546,CUST003129,05/09/2022,Quality issue,37.25,2.36,Australia,West
RET000702,ORD00032456,CUST002531,04/04/2021,No longer needed,341.43,58.87,India,North
RET000703,ORD00022793,CUST004598,01/02/2023,No longer needed,81.94,2.86,USA,North
RET000704,ORD00032617,CUST004833,06/10/2020,Better price found,49.65,5.44,Germany,Central
RET000705,ORD00001503,CUST004731,28/12/2020,No longer needed,35.68,1.75,Germany,Central
RET000706,ORD00034501,CUST002007,23/08/2026,Not as described,63.58,7.28,UK,East
RET000707,ORD00025066,CUST002079,21/07/2026,Wrong item,246.16,6.44,India,Central
RET000708,ORD00044759,CUST002901,05/12/2026,Defective,483.1,44.52,Japan,Central
RET000709,ORD00014336,CUST001223,09/06/2025,Damage in shipping,302.61,34.17,Japan,East
RET000710,ORD00024362,CUST001149,31/10/2025,Defective,54.02,9.63,Australia,South
RET000711,ORD00009388,CUST002506,19/05/2023,Defective,240.54,1.03,Canada,East
RET000712,ORD00037485,CUST000586,06/05/2020,Wrong item,85.18,2.1,India,North
RET000713,ORD00011506,CUST004714,06/01/2021,Changed mind,391.05,45.22,USA,Central
RET000714,ORD00047810,CUST000941,23/03/2020,Better price found,112.4,9.46,USA,East
RET000715,ORD00044798,CUST000106,23/10/2026,Wrong item,563.59,3.62,India,Central
RET000716,ORD00037876,CUST004814,18/10/2024,Wrong item,188.01,16.05,Japan,Central
RET000717,ORD00022218,CUST004074,10/01/2021,Defective,50,1.53,UK,North
RET000718,ORD00015393,CUST004421,28/11/2021,No longer needed,126.62,17.44,Australia,South
RET000719,ORD00014623,CUST004325,24/06/2021,Quality issue,96.87,16.47,France,East
RET000720,ORD00018298,CUST003941,08/08/2020,Not as described,157.17,3.84,USA,West
RET000721,ORD00002754,CUST003468,28/10/2021,Wrong item,99.72,0.56,Japan,West
RET000722,ORD00027845,CUST001640,17/08/2021,Quality issue,24.88,0.88,India,South
RET000723,ORD00031077,CUST001740,05/01/2021,Quality issue,131.26,21.16,Canada,East
RET000724,ORD00015313,CUST000992,25/12/2023,Quality issue,117.85,5.22,France,East
RET000725,ORD00045608,CUST001987,12/10/2021,Better price found,69.42,5.47,Canada,East
RET000726,ORD00012311,CUST001791,11/05/2025,Better price found,523.59,44.85,UK,East
RET000727,ORD00035242,CUST004703,15/11/2023,Not as described,157.5,8.11,Japan,East
RET000728,ORD00016982,CUST002426,06/11/2022,Not as described,216.42,33.13,Australia,South
RET000729,ORD00008785,CUST001482,21/07/2026,Quality issue,330.32,33.56,Canada,North
RET000730,ORD00047680,CUST001386,29/11/2026,Quality issue,134.9,12.88,India,North
RET000731,ORD00030484,CUST002268,06/09/2022,Damage in shipping,186.68,12.58,UK,South
RET000732,ORD00034190,CUST002812,02/07/2026,Not as described,492.59,65.42,Australia,West
RET000733,ORD00010162,CUST002176,27/09/2021,Changed mind,199.33,8.03,Germany,South
RET000734,ORD00037903,CUST000318,11/08/2024,Wrong item,256.37,39.88,Germany,East
RET000735,ORD00004010,CUST002983,31/05/2026,Changed mind,402.59,8.11,UK,South
RET000736,ORD00010817,CUST002142,15/12/2020,Changed mind,77.99,6.87,USA,South
RET000737,ORD00015144,CUST000050,23/08/2022,No longer needed,35.77,5.05,Canada,Central
RET000738,ORD00033691,CUST003326,20/09/2024,No longer needed,19.42,0.27,France,South
RET000739,ORD00036704,CUST003949,28/12/2026,Better price found,38.72,2.69,Germany,West
RET000740,ORD00033969,CUST000086,25/03/2026,Wrong item,224.32,12.07,Japan,South
RET000741,ORD00044074,CUST001069,03/06/2022,Better price found,94.85,10.98,USA,Central
RET000742,ORD00033427,CUST004808,01/01/2026,Better price found,115.29,8.97,India,West
RET000743,ORD00024341,CUST002185,03/10/2026,Defective,634.67,57.2,Canada,South
RET000744,ORD00037324,CUST001895,08/09/2022,Quality issue,91.97,10.48,UK,South
RET000745,ORD00044980,CUST003639,14/02/2025,Defective,658.4,88.31,UK,East
RET000746,ORD00017671,CUST004606,14/07/2020,Damage in shipping,21.43,3.34,UK,Central
RET000747,ORD00001960,CUST004603,16/03/2022,Defective,273.27,19.7,Australia,Central
RET000748,ORD00024176,CUST002401,05/04/2025,Defective,106.62,13,Australia,South
RET000749,ORD00011106,CUST004046,08/09/2024,No longer needed,292.15,50.64,France,East
RET000750,ORD00042031,CUST002102,12/06/2023,Not as described,243.82,30.98,Germany,North
RET000751,ORD00039370,CUST002144,23/06/2025,No longer needed,315.14,24.12,Australia,West
RET000752,ORD00027920,CUST004346,06/07/2023,No longer needed,284.73,25.47,Australia,West
RET000753,ORD00020494,CUST000324,23/01/2026,Damage in shipping,143.61,10.72,Canada,West
RET000754,ORD00042567,CUST004629,29/08/2021,Quality issue,4.64,0.13,UK,East
RET000755,ORD00047952,CUST004126,25/05/2025,No longer needed,133.68,13.65,Japan,South
RET000756,ORD00016970,CUST004513,03/04/2020,Quality issue,9.34,0.51,France,Central
RET000757,ORD00046396,CUST001885,30/04/2020,No longer needed,20.93,2.45,USA,North
RET000758,ORD00031824,CUST000808,17/01/2025,Wrong item,446.09,56.84,Japan,East
RET000759,ORD00018125,CUST003485,24/10/2021,Quality issue,297.85,30.84,UK,East
RET000760,ORD00049005,CUST001121,05/02/2026,Quality issue,405.39,15.59,France,East
RET000761,ORD00014831,CUST002627,29/12/2024,Not as described,141.09,19.09,India,North
RET000762,ORD00008605,CUST004992,09/02/2025,No longer needed,29.72,5.6,Japan,Central
RET000763,ORD00022449,CUST000971,05/12/2024,Better price found,54.94,5.9,Germany,North
RET000764,ORD00041043,CUST004881,21/04/2021,Quality issue,63.04,11.8,USA,Central
RET000765,ORD00007678,CUST004086,31/01/2021,Changed mind,213.64,6.47,France,Central
RET000766,ORD00013836,CUST001301,26/01/2024,Wrong item,10.86,1.09,Germany,South
RET000767,ORD00015214,CUST000428,13/07/2021,Not as described,55.75,9.01,India,West
RET000768,ORD00013617,CUST001527,30/01/2026,Defective,367.07,44.19,Australia,East
RET000769,ORD00013702,CUST003549,29/03/2026,Wrong item,105.56,2.12,Japan,Central
RET000770,ORD00034522,CUST000321,07/09/2024,Not as described,345.08,1.06,Germany,Central
RET000771,ORD00020279,CUST004002,26/07/2024,Defective,1222.1,137.35,France,Central
RET000772,ORD00033281,CUST002755,22/09/2026,Wrong item,242.37,23.07,Japan,West
RET000773,ORD00010008,CUST001794,11/03/2025,Changed mind,104.68,0.33,Japan,North
RET000774,ORD00042976,CUST004559,12/12/2026,Wrong item,85.62,5.49,Germany,North
RET000775,ORD00001878,CUST004620,17/11/2025,Better price found,99.58,2.85,India,North
RET000776,ORD00045553,CUST002137,08/09/2023,Wrong item,63.49,6.32,Japan,East
RET000777,ORD00043005,CUST001399,03/04/2022,Changed mind,59.92,10.05,France,Central
RET000778,ORD00049490,CUST003824,26/07/2024,Quality issue,140.4,1.03,Canada,West
RET000779,ORD00034092,CUST003599,06/07/2024,Defective,52.39,4.63,Australia,West
RET000780,ORD00007811,CUST003734,22/04/2023,Defective,149.42,23.75,France,South
RET000781,ORD00034064,CUST002713,04/02/2026,Not as described,63.05,9.31,UK,North
RET000782,ORD00003530,CUST002457,12/08/2024,Damage in shipping,487.87,12.51,Australia,West
RET000783,ORD00010961,CUST001317,28/12/2025,Defective,9.59,1.46,Japan,South
RET000784,ORD00038518,CUST002330,09/11/2026,Quality issue,347.9,12.23,Japan,East
RET000785,ORD00028584,CUST001272,18/12/2026,Wrong item,83.8,10.3,France,West
RET000786,ORD00003196,CUST004261,01/01/2025,Better price found,14.02,1.16,UK,Central
RET000787,ORD00013736,CUST000316,22/06/2025,Quality issue,30.83,2.54,France,West
RET000788,ORD00024436,CUST001507,30/01/2021,Changed mind,6.7,0.27,Germany,North
RET000789,ORD00002989,CUST001877,16/05/2023,Changed mind,368.23,57.81,UK,West
RET000790,ORD00045423,CUST001125,01/09/2024,Better price found,277.53,7.26,Japan,East
RET000791,ORD00048307,CUST001910,20/03/2021,Changed mind,18.68,2.19,Germany,North
RET000792,ORD00043164,CUST002064,29/04/2025,Damage in shipping,26.55,2.28,Japan,Central
RET000793,ORD00031317,CUST004645,29/01/2022,Wrong item,353.35,4.33,Canada,Central
RET000794,ORD00041260,CUST004356,20/07/2026,Wrong item,530.4,18.69,India,West
RET000795,ORD00044117,CUST004154,19/08/2025,Wrong item,97.07,0.04,Canada,North
RET000796,ORD00009148,CUST002522,19/10/2023,Better price found,207.67,29.55,USA,East
RET000797,ORD00043463,CUST004002,18/11/2021,Wrong item,421.46,7.66,France,Central
RET000798,ORD00000563,CUST004314,26/12/2023,No longer needed,605.2,81.66,USA,South
RET000799,ORD00030050,CUST003774,12/01/2024,Not as described,74.99,5.64,USA,West
RET000800,ORD00048331,CUST003553,26/02/2021,Better price found,35.55,4.87,India,Central
RET000801,ORD00029389,CUST001878,15/08/2023,Better price found,306.88,45.65,Australia,West
RET000802,ORD00025070,CUST001983,08/04/2022,Better price found,401.59,75.26,Japan,West
RET000803,ORD00008496,CUST001557,21/01/2022,Defective,71.22,9.19,Japan,Central
RET000804,ORD00015132,CUST001755,21/07/2022,Damage in shipping,34.19,1.22,Japan,North
RET000805,ORD00030467,CUST001821,24/03/2020,Changed mind,10.34,1.68,Japan,South
RET000806,ORD00042165,CUST004000,26/11/2020,Not as described,217.78,34.82,Australia,Central
RET000807,ORD00032183,CUST004925,19/08/2021,Quality issue,82.06,13.22,Canada,North
RET000808,ORD00017346,CUST000854,22/09/2026,Better price found,216.64,15.95,India,South
RET000809,ORD00028045,CUST003769,08/11/2024,Damage in shipping,0.6,0.1,Japan,West
RET000810,ORD00010897,CUST000978,16/06/2022,Not as described,63.85,10.75,France,Central
RET000811,ORD00047475,CUST004771,25/08/2020,Not as described,59.17,6.76,UK,Central
RET000812,ORD00023396,CUST004529,11/10/2024,No longer needed,273.43,40.92,Germany,South
RET000813,ORD00046805,CUST001194,10/07/2021,Not as described,119.47,5.85,Canada,South
RET000814,ORD00022736,CUST004907,05/07/2026,No longer needed,70.01,9.66,USA,East
RET000815,ORD00046188,CUST004583,03/03/2021,Defective,56.69,2.19,Canada,North
RET000816,ORD00009425,CUST003823,06/09/2022,No longer needed,73.95,9.97,Canada,North
RET000817,ORD00043449,CUST001348,29/07/2026,Defective,137.38,12.07,Japan,South
RET000818,ORD00011088,CUST001522,31/07/2026,Defective,175.84,21.83,USA,West
RET000819,ORD00047333,CUST003105,29/01/2024,No longer needed,211.63,40.41,USA,Central
RET000820,ORD00021213,CUST000780,26/01/2024,Not as described,217.93,18.84,Canada,North
RET000821,ORD00017142,CUST000362,19/04/2025,Wrong item,109.76,9.22,France,South
RET000822,ORD00049224,CUST001179,06/12/2025,Better price found,212.99,12.44,Australia,South
RET000823,ORD00020411,CUST003115,01/03/2025,Damage in shipping,95.66,9.56,USA,West
RET000824,ORD00026119,CUST001454,05/07/2021,Changed mind,387.21,16.43,Canada,East
RET000825,ORD00036079,CUST004942,07/02/2021,Better price found,209.82,22.82,Japan,North
RET000826,ORD00030123,CUST004157,05/10/2026,Changed mind,8.41,1.49,India,South
RET000827,ORD00011022,CUST003568,22/06/2021,Quality issue,108.57,3.32,France,East
RET000828,ORD00021813,CUST003062,16/08/2024,No longer needed,78.36,11.17,France,Central
RET000829,ORD00007303,CUST002900,11/03/2026,No longer needed,14.58,0.91,France,South
RET000830,ORD00049498,CUST001315,06/08/2020,Quality issue,66.49,9.68,Germany,West
RET000831,ORD00040199,CUST003116,20/07/2021,Defective,53.93,10.35,Australia,North
RET000832,ORD00024819,CUST002570,30/01/2025,Defective,29.66,3.2,Canada,East
RET000833,ORD00007534,CUST002309,29/11/2021,Wrong item,90.02,3.6,Australia,North
RET000834,ORD00013148,CUST001482,30/12/2023,No longer needed,67.7,8.92,Canada,North
RET000835,ORD00017987,CUST004898,01/12/2025,Quality issue,329.36,2.57,UK,Central
RET000836,ORD00047339,CUST001114,19/01/2022,Better price found,46.25,6.74,India,Central
RET000837,ORD00026835,CUST004670,05/11/2026,No longer needed,105.65,6.5,USA,North
RET000838,ORD00037049,CUST003740,05/01/2024,Quality issue,9.46,0.52,UK,North
RET000839,ORD00027034,CUST001731,19/05/2022,Better price found,128.99,2.56,USA,East
RET000840,ORD00022294,CUST002056,30/05/2021,Not as described,39.21,5.42,Australia,West
RET000841,ORD00018992,CUST000750,08/06/2025,Wrong item,339.1,47.97,Germany,Central
RET000842,ORD00029734,CUST002840,18/01/2025,No longer needed,218.37,3.8,USA,West
RET000843,ORD00032556,CUST004561,26/10/2023,Changed mind,67.24,3.87,USA,East
RET000844,ORD00016664,CUST003969,18/06/2026,Wrong item,98.34,9.82,Australia,West
RET000845,ORD00048025,CUST000203,02/04/2022,No longer needed,29.49,2.21,USA,South
RET000846,ORD00043662,CUST003432,19/02/2022,Not as described,174.35,5.52,India,South
RET000847,ORD00023324,CUST002534,29/05/2023,No longer needed,138.23,5.93,USA,South
RET000848,ORD00020566,CUST004084,16/12/2021,No longer needed,132.53,2.25,UK,West
RET000849,ORD00025034,CUST003096,23/03/2024,Defective,25.09,3,UK,West
RET000850,ORD00006559,CUST003084,31/05/2020,Wrong item,31.93,4.17,Japan,East
RET000851,ORD00014007,CUST001131,17/10/2022,Changed mind,192.02,9.74,Japan,East
RET000852,ORD00031902,CUST001346,24/11/2022,Not as described,119.46,4.14,Japan,North
RET000853,ORD00001620,CUST004008,30/08/2026,Better price found,117.07,15.34,Australia,South
RET000854,ORD00001736,CUST002618,08/04/2025,Wrong item,217.94,40.89,Japan,West
RET000855,ORD00024977,CUST002089,23/01/2025,Damage in shipping,174.33,23.46,Australia,South
RET000856,ORD00046595,CUST003536,02/12/2024,Quality issue,395.9,31.77,UK,West
RET000857,ORD00013925,CUST002363,27/11/2023,Defective,60.61,1.68,USA,West
RET000858,ORD00041229,CUST002396,21/09/2022,Wrong item,344,10.59,Canada,East
RET000859,ORD00014009,CUST003906,10/05/2022,Quality issue,141.9,5,India,South
RET000860,ORD00049637,CUST002702,14/10/2026,Quality issue,487.71,16.96,Canada,West
RET000861,ORD00004930,CUST003464,10/08/2020,Defective,69.45,3.96,UK,North
RET000862,ORD00015408,CUST002447,26/05/2022,Quality issue,79.43,0.52,Germany,West
RET000863,ORD00046670,CUST001858,17/10/2025,Quality issue,50.32,2.78,Australia,South
RET000864,ORD00038824,CUST001402,09/10/2024,Changed mind,233.61,13.04,UK,East
RET000865,ORD00023832,CUST000471,23/03/2026,Better price found,103.94,1.66,UK,West
RET000866,ORD00019487,CUST003428,16/11/2023,Wrong item,3.95,0.45,Canada,West
RET000867,ORD00017179,CUST001326,09/10/2026,Not as described,156.3,4.64,Australia,South
RET000868,ORD00040570,CUST002786,09/11/2025,Better price found,44.3,2.72,Japan,North
RET000869,ORD00042075,CUST004485,29/01/2021,Defective,0.47,0.06,Canada,North
RET000870,ORD00048862,CUST001130,06/12/2020,Wrong item,139.17,2.59,Canada,West
RET000871,ORD00018606,CUST004936,01/06/2025,Defective,301.88,9.41,Germany,West
RET000872,ORD00031064,CUST001395,23/12/2026,No longer needed,535.77,27.32,Japan,North
RET000873,ORD00007523,CUST003168,29/05/2020,Defective,83.12,6.24,India,South
RET000874,ORD00016864,CUST004125,20/10/2023,Not as described,33.55,6.27,UK,East
RET000875,ORD00027975,CUST002310,10/07/2023,Better price found,3.71,0.43,Australia,South
RET000876,ORD00010886,CUST002647,04/07/2026,Better price found,338.78,30.26,India,West
RET000877,ORD00004615,CUST002219,07/01/2021,Defective,0.85,0.12,Australia,West
RET000878,ORD00024457,CUST002598,28/06/2026,Defective,196.8,6.94,UK,Central
RET000879,ORD00040754,CUST003255,16/09/2025,Quality issue,378.48,28.65,Australia,South
RET000880,ORD00006737,CUST004106,15/08/2024,Quality issue,155.23,16.71,Japan,North
RET000881,ORD00006541,CUST004329,15/01/2024,Better price found,698.69,106.04,Canada,South
RET000882,ORD00015945,CUST004903,16/06/2021,No longer needed,182.08,17.74,Australia,West
RET000883,ORD00046614,CUST002290,23/07/2021,Quality issue,154,8.57,India,West
RET000884,ORD00035140,CUST004099,28/02/2024,Better price found,285.81,12.24,Japan,South
RET000885,ORD00038491,CUST002153,28/09/2024,Wrong item,239.76,26.13,France,South
RET000886,ORD00045356,CUST000885,15/08/2023,No longer needed,291.83,9.19,Canada,Central
RET000887,ORD00032750,CUST002611,15/03/2020,Changed mind,57.37,4.93,India,West
RET000888,ORD00000623,CUST004206,28/10/2020,No longer needed,97.58,12.12,Australia,East
RET000889,ORD00034206,CUST000575,13/11/2025,Quality issue,176.92,8.04,UK,North
RET000890,ORD00032024,CUST004647,16/07/2023,Better price found,132.53,21.68,Canada,Central
RET000891,ORD00013185,CUST000850,16/11/2021,Not as described,60.69,2.48,USA,West
RET000892,ORD00041057,CUST003950,29/06/2024,Changed mind,210.33,15.89,Japan,South
RET000893,ORD00016446,CUST004714,26/02/2025,Defective,23.6,0.73,USA,Central
RET000894,ORD00011484,CUST002001,19/01/2022,Not as described,206.13,19.03,Canada,East
RET000895,ORD00001519,CUST003973,08/10/2024,Wrong item,52.32,1.22,UK,North
RET000896,ORD00001182,CUST002903,28/04/2021,Defective,1.28,0.21,Japan,Central
RET000897,ORD00016124,CUST001335,20/07/2023,Not as described,191.53,29.11,USA,West
RET000898,ORD00006476,CUST004334,14/03/2021,Damage in shipping,87.33,15.46,India,South
RET000899,ORD00003444,CUST000928,02/12/2021,No longer needed,178.02,3.88,Japan,West
RET000900,ORD00038201,CUST003834,22/01/2021,Not as described,16.32,2.82,Canada,East
RET000901,ORD00027222,CUST002738,25/03/2023,Wrong item,64,9.55,France,Central
RET000902,ORD00026236,CUST002250,01/01/2021,Changed mind,13.71,1.15,Japan,East
RET000903,ORD00023803,CUST000730,13/09/2026,Defective,566.88,28.16,Germany,West
RET000904,ORD00044364,CUST000552,01/11/2026,Damage in shipping,77.98,1.34,France,North
RET000905,ORD00035020,CUST002130,09/06/2025,No longer needed,232.29,9.42,India,East
RET000906,ORD00044358,CUST000022,04/03/2021,Damage in shipping,18.19,1.88,Australia,North
RET000907,ORD00031074,CUST004291,24/09/2022,Damage in shipping,149.82,28.23,Canada,East
RET000908,ORD00003845,CUST004497,22/09/2025,Damage in shipping,7.78,0.27,USA,South
RET000909,ORD00007905,CUST000622,12/03/2025,Wrong item,148.14,23.15,Germany,South
RET000910,ORD00025219,CUST003268,01/12/2020,Defective,63.43,9.61,Canada,North
RET000911,ORD00004432,CUST004003,12/02/2022,Defective,76.51,5.98,Japan,East
RET000912,ORD00047026,CUST001979,30/07/2024,Better price found,362.6,4.75,Australia,Central
RET000913,ORD00009548,CUST000397,14/01/2020,Quality issue,29.4,0.72,USA,North
RET000914,ORD00010734,CUST000951,02/09/2026,Wrong item,108.59,8.01,USA,West
RET000915,ORD00027165,CUST001028,05/05/2022,Damage in shipping,43.67,6.51,Japan,West
RET000916,ORD00004663,CUST000499,14/07/2021,Better price found,95.39,8.92,UK,East
RET000917,ORD00031483,CUST004122,30/03/2020,Quality issue,106.16,11.24,India,East
RET000918,ORD00012013,CUST003131,19/12/2026,Better price found,312.18,4.79,France,East
RET000919,ORD00049368,CUST003695,03/07/2023,Damage in shipping,72.08,2.75,UK,Central
RET000920,ORD00018191,CUST002432,11/01/2026,Not as described,85.3,12.59,Australia,East
RET000921,ORD00024351,CUST002933,19/01/2020,Wrong item,14.84,1.54,UK,South
RET000922,ORD00020551,CUST004833,19/01/2020,Better price found,86.76,8.46,Germany,Central
RET000923,ORD00040007,CUST002457,08/11/2024,Not as described,7.2,1.06,Australia,West
RET000924,ORD00003240,CUST002598,04/02/2026,Defective,160.11,1.75,UK,Central
RET000925,ORD00024934,CUST000160,04/10/2020,Quality issue,55.03,3.45,Australia,East
RET000926,ORD00015253,CUST002321,09/11/2025,Wrong item,209.46,7.63,Canada,North
RET000927,ORD00014699,CUST000421,28/01/2021,No longer needed,66.12,2.38,Japan,South
RET000928,ORD00000761,CUST003110,25/06/2021,Wrong item,156.97,0.04,Japan,Central
RET000929,ORD00014799,CUST003904,30/01/2025,Wrong item,881.61,103.15,France,South
RET000930,ORD00016031,CUST000778,11/08/2025,Not as described,357.85,48.31,Australia,North
RET000931,ORD00048956,CUST002944,28/11/2026,Damage in shipping,76.32,2.81,Japan,East
RET000932,ORD00029611,CUST003251,06/10/2024,Defective,1.87,0.22,France,East
RET000933,ORD00049670,CUST003853,08/07/2026,No longer needed,213.97,28.9,India,South
RET000934,ORD00047267,CUST000978,28/09/2020,Quality issue,40.79,1.36,France,Central
RET000935,ORD00042722,CUST002576,09/06/2025,Damage in shipping,558.54,73.65,Germany,North
RET000936,ORD00031035,CUST004355,22/09/2023,Better price found,224,30.77,USA,North
RET000937,ORD00013066,CUST004504,14/06/2021,No longer needed,253.59,17.17,India,West
RET000938,ORD00001968,CUST000589,01/07/2021,Damage in shipping,2.61,0.45,France,East
RET000939,ORD00032962,CUST003002,23/02/2026,Quality issue,7.2,0.04,Australia,West
RET000940,ORD00023720,CUST004414,25/01/2021,Damage in shipping,153.96,5.53,Germany,South
RET000941,ORD00039872,CUST003716,26/08/2021,Damage in shipping,263.44,1.66,Germany,Central
RET000942,ORD00012291,CUST003869,17/06/2023,Defective,243.06,30.18,USA,Central
RET000943,ORD00026984,CUST000658,01/09/2026,Damage in shipping,73.35,0.86,Canada,West
RET000944,ORD00049929,CUST001560,24/05/2020,Wrong item,4.11,0.21,France,North
RET000945,ORD00011235,CUST001974,01/03/2024,Damage in shipping,208.59,33.52,France,North
RET000946,ORD00037004,CUST004063,05/01/2023,Not as described,39.4,1.32,France,West
RET000947,ORD00047708,CUST001079,07/06/2024,Better price found,94.38,9.02,USA,East
RET000948,ORD00048539,CUST002990,10/06/2023,Not as described,479.39,45.73,Australia,North
RET000949,ORD00019292,CUST003817,15/09/2025,Not as described,115.73,17.78,Germany,East
RET000950,ORD00013957,CUST000878,09/03/2021,Wrong item,188.41,23.08,Australia,West
RET000951,ORD00043649,CUST003348,12/09/2023,Damage in shipping,42.26,2.16,Canada,East
RET000952,ORD00021849,CUST001452,24/10/2020,Better price found,117.98,12.67,Canada,North
RET000953,ORD00019986,CUST002685,05/10/2025,Wrong item,149.22,17.87,USA,West
RET000954,ORD00011620,CUST000393,13/10/2024,Changed mind,48.78,0.7,Australia,Central
RET000955,ORD00013947,CUST004928,27/06/2024,Damage in shipping,535.54,95.5,France,East
RET000956,ORD00045817,CUST003717,08/04/2025,Not as described,340.97,6.18,France,Central
RET000957,ORD00042185,CUST000412,10/02/2024,Changed mind,243.72,0.06,USA,South
RET000958,ORD00037103,CUST000932,25/01/2021,Quality issue,181.79,4.93,India,West
RET000959,ORD00021587,CUST001032,21/12/2025,Wrong item,870.58,151.25,Germany,Central
RET000960,ORD00032343,CUST003676,08/08/2023,Quality issue,102.08,15.58,Japan,North
RET000961,ORD00018087,CUST004380,30/07/2021,Better price found,85.95,9.24,Canada,West
RET000962,ORD00027429,CUST003866,22/02/2026,Not as described,15.99,1.22,France,Central
RET000963,ORD00015292,CUST003075,27/04/2026,Damage in shipping,343.79,50.69,Canada,West
RET000964,ORD00014700,CUST004155,13/06/2026,Better price found,56.91,1.53,Australia,Central
RET000965,ORD00023229,CUST001798,09/10/2025,Changed mind,61.51,4.52,India,Central
RET000966,ORD00005300,CUST004188,15/08/2025,Quality issue,518.54,77.5,India,South
RET000967,ORD00014056,CUST000119,20/02/2022,Better price found,45.28,2.94,Canada,Central
RET000968,ORD00044133,CUST002001,27/10/2021,Wrong item,51.27,8.51,Canada,East
RET000969,ORD00042657,CUST001417,13/11/2025,Quality issue,64.52,4.25,Japan,South
RET000970,ORD00046694,CUST001241,13/01/2026,Better price found,339.74,54.47,Australia,North
RET000971,ORD00041754,CUST004504,04/07/2026,Quality issue,242.2,45.89,India,West
RET000972,ORD00014377,CUST001339,19/06/2024,Not as described,200.21,8.22,Germany,North
RET000973,ORD00030379,CUST001191,10/11/2026,Better price found,454.88,2.84,Canada,West
RET000974,ORD00009374,CUST002822,15/04/2022,Defective,7.98,0.31,Australia,East
RET000975,ORD00011038,CUST001769,24/03/2023,Not as described,316.57,3.53,USA,South
RET000976,ORD00048298,CUST004719,16/10/2026,Quality issue,1788.93,155.69,Germany,East
RET000977,ORD00027621,CUST004223,30/08/2025,Changed mind,607.66,83.31,Germany,East
RET000978,ORD00034913,CUST004745,12/05/2022,Changed mind,115.19,17.88,Japan,South
RET000979,ORD00001392,CUST001708,25/11/2026,Quality issue,144.76,18.7,Australia,West
RET000980,ORD00049328,CUST003045,03/10/2021,Quality issue,0.78,0,Germany,East
RET000981,ORD00021077,CUST000239,05/01/2027,Better price found,74.81,9.52,UK,Central
RET000982,ORD00019592,CUST002334,08/02/2021,Defective,34.8,0.64,Japan,North
RET000983,ORD00007517,CUST000644,11/10/2025,Not as described,118.82,3.01,France,East
RET000984,ORD00021762,CUST000507,08/03/2022,Quality issue,246.84,33.94,USA,West
RET000985,ORD00049027,CUST002925,07/09/2022,Damage in shipping,375.22,19.45,Australia,North
RET000986,ORD00012762,CUST001973,03/06/2020,Better price found,6.28,0.66,India,North
RET000987,ORD00030481,CUST004138,02/07/2020,Not as described,107.25,5.26,UK,West
RET000988,ORD00034603,CUST000173,20/09/2023,Defective,409.9,43.85,Japan,East
RET000989,ORD00018950,CUST004344,03/02/2024,Better price found,47.15,8.19,Germany,South
RET000990,ORD00012256,CUST000875,29/12/2026,Damage in shipping,685.64,48.96,Germany,Central
RET000991,ORD00041035,CUST002285,09/03/2020,No longer needed,156.07,21.83,Germany,South
RET000992,ORD00019731,CUST000555,01/11/2025,Better price found,71.88,3.61,USA,South
RET000993,ORD00015985,CUST003359,17/03/2024,Defective,158.62,21.99,USA,Central
RET000994,ORD00002504,CUST003626,13/02/2025,Quality issue,159,11.27,Japan,South
RET000995,ORD00020243,CUST000668,22/11/2025,Not as described,83.55,12.2,Australia,West
RET000996,ORD00012947,CUST004795,07/01/2026,No longer needed,318.67,2.89,Australia,South
RET000997,ORD00016712,CUST001083,22/01/2026,No longer needed,941.7,98.84,Germany,Central
RET000998,ORD00025518,CUST004059,06/12/2024,Wrong item,71.23,8.92,Germany,North
RET000999,ORD00028195,CUST001181,19/10/2021,Wrong item,66.07,9.11,India,North
RET001000,ORD00008947,CUST003544,12/05/2022,Damage in shipping,105.04,10.78,UK,Central
RET001001,ORD00009954,CUST000691,22/08/2025,Better price found,19.08,0.64,India,East
RET001002,ORD00038859,CUST003411,23/02/2025,Not as described,91.33,12.79,Australia,Central
RET001003,ORD00001661,CUST002673,03/10/2022,Defective,157.48,1.02,UK,East
RET001004,ORD00034490,CUST000155,12/05/2022,Quality issue,26.7,2.21,Germany,North
RET001005,ORD00001954,CUST004432,14/03/2021,Not as described,172.45,8.27,France,North
RET001006,ORD00037719,CUST003441,03/03/2021,Wrong item,17.25,1.1,Germany,North
RET001007,ORD00022734,CUST004437,23/06/2021,Damage in shipping,65.6,4.72,Canada,North
RET001008,ORD00040871,CUST002558,04/09/2025,Changed mind,284.18,49.56,Australia,West
RET001009,ORD00020111,CUST003997,22/01/2022,Defective,167.59,7.92,Japan,Central
RET001010,ORD00031867,CUST003235,23/12/2021,Quality issue,292.02,0.89,UK,South
RET001011,ORD00011226,CUST001936,08/09/2024,Wrong item,175.58,34.47,France,West
RET001012,ORD00031977,CUST003043,21/08/2025,Defective,20.34,2.8,Canada,Central
RET001013,ORD00028146,CUST003335,21/07/2024,Quality issue,275.48,36.67,USA,North
RET001014,ORD00025199,CUST004791,15/01/2024,Defective,30.92,6.03,Australia,North
RET001015,ORD00036049,CUST004351,07/05/2026,Changed mind,379.62,12.08,France,East
RET001016,ORD00024714,CUST001853,22/01/2021,Not as described,10.81,1.36,Japan,East
RET001017,ORD00048319,CUST001673,21/06/2023,Better price found,100.46,12.46,India,East
RET001018,ORD00045137,CUST000923,07/10/2020,Damage in shipping,18.96,0.59,France,East
RET001019,ORD00020932,CUST003199,17/02/2026,Better price found,16.28,1.75,Australia,Central
RET001020,ORD00011654,CUST001713,09/07/2023,Better price found,57.45,2.11,Germany,West
RET001021,ORD00030475,CUST002514,05/02/2021,Defective,162.77,3.16,Japan,North
RET001022,ORD00019778,CUST004608,06/07/2020,Damage in shipping,47.28,5.35,India,South
RET001023,ORD00031821,CUST000752,15/01/2026,Quality issue,550.56,5.96,Australia,South
RET001024,ORD00018471,CUST004111,11/05/2026,Damage in shipping,61.17,3.24,Australia,North
RET001025,ORD00037261,CUST004401,22/04/2022,Not as described,148.41,18.67,France,West
RET001026,ORD00025920,CUST000647,18/02/2026,Not as described,622.62,96.68,UK,Central
RET001027,ORD00041348,CUST002891,15/10/2022,No longer needed,431.87,3.86,France,East
RET001028,ORD00010048,CUST003212,20/10/2026,Defective,361.26,11.77,Germany,West
RET001029,ORD00049667,CUST000691,26/03/2023,No longer needed,385.81,14.32,India,East
RET001030,ORD00013964,CUST002068,06/06/2021,No longer needed,73.58,8.31,UK,East
RET001031,ORD00005758,CUST004815,28/12/2025,Not as described,545.41,38.16,Australia,East
RET001032,ORD00013110,CUST004582,27/09/2021,No longer needed,46.44,1.74,Australia,South
RET001033,ORD00006041,CUST000848,04/11/2020,Defective,20.86,2.86,India,Central
RET001034,ORD00022521,CUST000437,01/12/2025,No longer needed,122.77,1.64,Japan,North
RET001035,ORD00046244,CUST004183,21/12/2025,No longer needed,402.78,14.11,Germany,Central
RET001036,ORD00049396,CUST000573,01/07/2021,Wrong item,227.6,25.6,Canada,West
RET001037,ORD00019863,CUST003087,14/01/2025,No longer needed,1978.9,244.07,Japan,West
RET001038,ORD00013251,CUST004311,08/11/2025,Not as described,275.14,20.47,India,Central
RET001039,ORD00028051,CUST001580,26/09/2026,Better price found,75.42,5.4,Germany,East
RET001040,ORD00028963,CUST000108,22/10/2026,Damage in shipping,51.07,3.61,Japan,Central
RET001041,ORD00013641,CUST003478,25/07/2026,Better price found,407.68,31.04,UK,West
RET001042,ORD00033645,CUST002969,24/04/2026,Defective,599.88,41.01,Japan,North
RET001043,ORD00023735,CUST003400,12/02/2025,Quality issue,247.16,12.11,France,South
RET001044,ORD00002476,CUST003848,06/09/2021,No longer needed,40.27,6.21,France,Central
RET001045,ORD00048189,CUST000873,27/01/2027,Damage in shipping,456.85,2.29,India,West
RET001046,ORD00010867,CUST002364,29/04/2026,Better price found,270.46,39.86,Australia,North
RET001047,ORD00015651,CUST002973,19/04/2020,No longer needed,193.82,10.26,UK,Central
RET001048,ORD00015160,CUST002147,30/03/2024,Quality issue,7.48,1.15,UK,North
RET001049,ORD00048531,CUST002822,02/06/2022,Not as described,7.05,0.6,Australia,East
RET001050,ORD00001102,CUST004827,09/01/2021,Changed mind,270.04,19.29,Germany,West
RET001051,ORD00041462,CUST002878,31/07/2023,Not as described,477.14,9.86,UK,West
RET001052,ORD00024944,CUST004404,31/08/2024,Not as described,202.63,37.92,USA,East
RET001053,ORD00010259,CUST000266,25/02/2022,Wrong item,427.83,9.08,Germany,South
RET001054,ORD00022446,CUST001808,06/01/2023,Changed mind,173.89,12.39,Japan,North
RET001055,ORD00028875,CUST001505,26/01/2022,Wrong item,1.91,0.33,Australia,East
RET001056,ORD00028163,CUST001744,23/12/2021,Defective,283.75,10.28,Japan,East
RET001057,ORD00007681,CUST000384,18/02/2022,Better price found,122.81,17.02,France,West
RET001058,ORD00018603,CUST003450,10/02/2021,No longer needed,11.74,0.07,France,East
RET001059,ORD00047017,CUST000937,27/07/2021,Wrong item,30.77,5.37,Canada,North
RET001060,ORD00012513,CUST003103,15/01/2027,Quality issue,23.69,1.89,Germany,South
RET001061,ORD00047743,CUST001488,30/08/2020,Wrong item,51.51,4.57,Canada,South
RET001062,ORD00036397,CUST002906,15/12/2022,Quality issue,55.51,5.84,Japan,South
RET001063,ORD00015987,CUST000360,07/07/2023,Better price found,374.8,47.42,Germany,East
RET001064,ORD00038342,CUST003982,21/10/2025,Defective,251.53,19.36,UK,North
RET001065,ORD00041119,CUST004363,29/12/2026,Better price found,210.8,11.88,France,North
RET001066,ORD00011645,CUST004692,10/03/2026,Wrong item,221.95,35.88,France,North
RET001067,ORD00011260,CUST000192,24/08/2020,Better price found,24.42,2.81,USA,North
RET001068,ORD00006964,CUST004885,05/10/2024,Quality issue,40.84,7.97,Germany,North
RET001069,ORD00026066,CUST002610,09/08/2026,No longer needed,243.95,12.58,Canada,North
RET001070,ORD00012173,CUST004439,05/05/2021,Better price found,46.75,7.21,Canada,North
RET001071,ORD00013672,CUST000928,20/04/2023,Changed mind,61.02,9.39,Japan,West
RET001072,ORD00024356,CUST004975,28/11/2025,Not as described,267.18,33.14,Canada,East
RET001073,ORD00037453,CUST003646,31/01/2023,Not as described,372.31,16.03,UK,East
RET001074,ORD00025672,CUST002157,22/09/2022,Changed mind,366.6,20.3,Australia,Central
RET001075,ORD00003384,CUST001622,19/03/2024,Not as described,78.64,5.15,Germany,North
RET001076,ORD00020077,CUST004965,06/09/2025,No longer needed,134.04,27.83,India,Central
RET001077,ORD00009415,CUST004184,28/06/2024,Better price found,17.85,0.96,France,Central
RET001078,ORD00024014,CUST004781,24/06/2021,No longer needed,30.65,4.3,India,Central
RET001079,ORD00000944,CUST001960,08/10/2020,Not as described,41.63,8.82,Canada,North
RET001080,ORD00030398,CUST000713,09/07/2023,Wrong item,193.16,19.04,UK,Central
RET001081,ORD00028070,CUST003641,15/07/2022,Changed mind,85.04,13.73,UK,South
RET001082,ORD00009311,CUST001196,25/03/2025,Defective,378.29,51.14,France,West
RET001083,ORD00009730,CUST001033,29/10/2020,Defective,55.16,4.23,USA,East
RET001084,ORD00048953,CUST004059,14/05/2020,Damage in shipping,0.74,0.01,Germany,North
RET001085,ORD00007428,CUST000578,28/02/2026,Wrong item,56.91,9.1,USA,North
RET001086,ORD00047330,CUST001705,21/03/2025,Wrong item,94.79,5.93,India,East
RET001087,ORD00027881,CUST000782,08/06/2023,Changed mind,196.15,27.73,Australia,West
RET001088,ORD00048202,CUST001656,16/04/2025,Damage in shipping,59,6.54,France,West
RET001089,ORD00004910,CUST002078,04/02/2025,Better price found,642.97,50.41,Australia,Central
RET001090,ORD00036097,CUST002821,01/11/2020,Not as described,149.01,3.61,USA,Central
RET001091,ORD00007604,CUST002985,12/12/2025,Better price found,40.92,0.99,USA,South
RET001092,ORD00038006,CUST002257,01/11/2023,Damage in shipping,21.03,1.56,USA,Central
RET001093,ORD00001341,CUST001577,23/12/2023,Not as described,99.38,9.39,India,North
RET001094,ORD00019939,CUST004827,01/07/2023,Quality issue,604.26,72.75,Germany,West
RET001095,ORD00000291,CUST004925,09/12/2026,Defective,294.92,33.77,Canada,North
RET001096,ORD00013201,CUST004621,25/09/2024,Quality issue,502.17,81.52,Canada,East
RET001097,ORD00041815,CUST001546,16/04/2026,Quality issue,646.1,79.22,India,South
RET001098,ORD00042271,CUST004010,24/10/2022,Quality issue,146.17,7.51,UK,East
RET001099,ORD00016915,CUST000617,01/10/2022,Defective,25.15,0.92,UK,East
RET001100,ORD00037564,CUST003574,06/04/2022,Better price found,17.62,0.03,USA,Central
RET001101,ORD00008904,CUST001275,02/12/2020,Not as described,79.95,6.66,USA,West
RET001102,ORD00020051,CUST003946,23/03/2025,Better price found,52.13,0.28,Canada,West
RET001103,ORD00034277,CUST001107,28/09/2024,No longer needed,2.11,0.01,Australia,Central
RET001104,ORD00017379,CUST002300,30/04/2024,Changed mind,139.85,0.67,Germany,West
RET001105,ORD00046901,CUST002861,25/05/2021,Quality issue,36.03,2.06,Germany,West
RET001106,ORD00033611,CUST001740,31/07/2020,Wrong item,123.21,5.21,Canada,East
RET001107,ORD00022874,CUST003531,01/10/2025,No longer needed,313.94,32.83,UK,South
RET001108,ORD00046739,CUST003935,07/11/2024,Defective,72.28,0.57,India,West
RET001109,ORD00013576,CUST004865,19/05/2021,Quality issue,11.18,0.84,Australia,West
RET001110,ORD00033926,CUST001867,20/07/2024,Quality issue,357.52,15.22,Australia,West
RET001111,ORD00033412,CUST000819,13/05/2023,Quality issue,60.98,9.41,UK,South
RET001112,ORD00035567,CUST000611,13/09/2025,No longer needed,533.34,90.47,Australia,Central
RET001113,ORD00024246,CUST002585,28/03/2022,Not as described,144.93,3.18,France,South
RET001114,ORD00006401,CUST001863,25/05/2023,Changed mind,25.45,2.56,France,South
RET001115,ORD00047087,CUST002095,03/01/2021,Better price found,83.62,2.86,Germany,North
RET001116,ORD00016195,CUST001413,24/09/2024,Changed mind,277.5,10.39,France,Central
RET001117,ORD00014255,CUST003704,11/06/2026,Better price found,245.58,6.27,Canada,Central
RET001118,ORD00005405,CUST001886,11/08/2022,Damage in shipping,30.84,4.76,Japan,West
RET001119,ORD00010062,CUST001952,13/09/2021,Quality issue,106.85,18.61,Australia,South
RET001120,ORD00025516,CUST001154,27/05/2020,Defective,111.2,6.13,USA,South
RET001121,ORD00008901,CUST003684,27/07/2025,Not as described,627.32,61.16,Japan,West
RET001122,ORD00016934,CUST002119,29/09/2025,Damage in shipping,20.38,0.71,UK,West
RET001123,ORD00017208,CUST002784,09/02/2022,No longer needed,202.94,5.95,USA,South
RET001124,ORD00030381,CUST002719,04/07/2022,Defective,0.87,0.15,Canada,South
RET001125,ORD00038376,CUST001307,10/12/2026,Quality issue,129.93,14.34,Japan,Central
RET001126,ORD00045918,CUST000862,24/09/2026,Damage in shipping,111.49,13.81,India,South
RET001127,ORD00019633,CUST004790,21/09/2025,Wrong item,200.88,31.87,UK,East
RET001128,ORD00013896,CUST004083,03/11/2024,Not as described,247.71,10.32,India,West
RET001129,ORD00041359,CUST000521,06/09/2020,Better price found,27.71,2.11,USA,West
RET001130,ORD00031311,CUST000344,09/04/2024,Quality issue,346.53,2.73,Germany,South
RET001131,ORD00018036,CUST001247,01/01/2022,Wrong item,35.79,4.73,Japan,Central
RET001132,ORD00037330,CUST002554,23/09/2024,No longer needed,230.79,2.53,Germany,West
RET001133,ORD00011257,CUST004084,12/05/2023,Changed mind,101.49,15.21,UK,West
RET001134,ORD00022095,CUST001852,04/09/2024,No longer needed,70.56,4.63,UK,East
RET001135,ORD00039393,CUST004755,20/09/2022,Wrong item,161.23,14.42,Australia,North
RET001136,ORD00009725,CUST002262,14/12/2022,No longer needed,146.85,6.98,India,North
RET001137,ORD00012246,CUST001766,06/04/2024,Not as described,534.62,45.9,USA,East
RET001138,ORD00032442,CUST001606,03/12/2024,Better price found,170.26,0.86,Australia,East
RET001139,ORD00000847,CUST003288,12/05/2021,Not as described,154.33,8.22,UK,North
RET001140,ORD00010849,CUST001860,17/03/2025,Wrong item,405.05,62.1,Canada,South
RET001141,ORD00014218,CUST001897,23/11/2025,No longer needed,284.9,49.57,Canada,West
RET001142,ORD00024919,CUST000125,25/12/2024,Better price found,16.62,2.3,India,South
RET001143,ORD00019779,CUST000840,19/03/2026,Changed mind,1055.08,42.71,USA,East
RET001144,ORD00021031,CUST000298,01/01/2024,Wrong item,189.09,0.92,Canada,North
RET001145,ORD00011642,CUST002711,05/12/2025,Not as described,252.45,28.86,Canada,Central
RET001146,ORD00013805,CUST002808,03/04/2021,Not as described,269.22,42.61,UK,West
RET001147,ORD00043895,CUST003940,15/07/2023,Quality issue,55.74,0.64,USA,South
RET001148,ORD00010031,CUST002134,05/10/2022,Damage in shipping,42.16,2.14,Australia,North
RET001149,ORD00032625,CUST004248,01/01/2024,Quality issue,99.85,6.08,France,North
RET001150,ORD00038158,CUST004007,28/05/2023,Changed mind,92.77,1.81,Germany,South
RET001151,ORD00018973,CUST001609,28/01/2027,Wrong item,53.36,8.03,France,East
RET001152,ORD00001188,CUST001166,16/04/2021,Quality issue,72.9,11.73,USA,Central
RET001153,ORD00014085,CUST000857,11/03/2020,Defective,45.17,0.63,USA,West
RET001154,ORD00047058,CUST001154,03/10/2024,Not as described,203.53,21.22,USA,South
RET001155,ORD00009378,CUST004542,16/01/2023,Quality issue,345.54,61.79,France,East
RET001156,ORD00006426,CUST003610,01/09/2022,Defective,16.22,0.46,Canada,North
RET001157,ORD00001967,CUST002597,01/03/2024,Wrong item,278.15,10.56,Germany,West
RET001158,ORD00025266,CUST003214,08/07/2024,Changed mind,10.18,0.98,India,West
RET001159,ORD00028989,CUST004156,31/01/2022,Damage in shipping,407.38,35,India,West
RET001160,ORD00009898,CUST001398,29/07/2020,Not as described,108.11,17.41,UK,South
RET001161,ORD00024676,CUST004979,08/06/2021,Wrong item,36.01,3.26,Germany,South
RET001162,ORD00000942,CUST001427,23/05/2024,No longer needed,473.46,8.72,UK,South
RET001163,ORD00003024,CUST001143,02/03/2020,Quality issue,72.05,8.71,UK,West
RET001164,ORD00034772,CUST002942,25/06/2026,Defective,350.87,27.56,Germany,East
RET001165,ORD00034427,CUST001728,25/08/2026,No longer needed,465.66,50.16,Australia,North
RET001166,ORD00033644,CUST003077,28/05/2025,Quality issue,585,74.71,Canada,Central
RET001167,ORD00015993,CUST004053,20/12/2024,Better price found,537.35,53.03,India,South
RET001168,ORD00048376,CUST004293,19/12/2022,Damage in shipping,298.04,43.02,USA,North
RET001169,ORD00006155,CUST000820,12/07/2026,Quality issue,563.95,101.17,Japan,North
RET001170,ORD00005001,CUST000815,20/03/2025,No longer needed,131.48,23.61,Germany,Central
RET001171,ORD00034664,CUST001980,22/04/2021,Not as described,9.47,1.16,Japan,North
RET001172,ORD00003124,CUST002002,18/04/2025,No longer needed,158.95,5.27,Japan,South
RET001173,ORD00037667,CUST004821,22/04/2024,Damage in shipping,199.22,31.82,UK,Central
RET001174,ORD00000305,CUST000501,14/02/2023,No longer needed,135.93,9.54,USA,South
RET001175,ORD00046634,CUST001126,01/06/2020,No longer needed,19.33,0.38,Australia,Central
RET001176,ORD00006666,CUST000715,08/01/2023,Better price found,5.95,0.52,Germany,East
RET001177,ORD00044315,CUST000843,14/06/2021,Quality issue,99.11,7.23,UK,Central
RET001178,ORD00022064,CUST000133,11/02/2024,Changed mind,616.13,62.88,USA,West
RET001179,ORD00042399,CUST003576,22/10/2023,No longer needed,710.14,70.84,Japan,Central
RET001180,ORD00048384,CUST003128,21/02/2024,Quality issue,420.07,54.36,Canada,North
RET001181,ORD00025196,CUST000406,13/02/2021,Better price found,96.31,9.73,Canada,North
RET001182,ORD00015386,CUST002803,18/12/2020,Damage in shipping,236.04,36.98,India,South
RET001183,ORD00012422,CUST001576,01/07/2022,Not as described,2.93,0.29,UK,West
RET001184,ORD00043776,CUST003655,25/12/2026,Wrong item,30.42,2.34,Germany,West
RET001185,ORD00006014,CUST004260,18/11/2025,Quality issue,335.69,43.12,USA,North
RET001186,ORD00004334,CUST004761,06/01/2027,Damage in shipping,260.59,14.41,Australia,Central
RET001187,ORD00004887,CUST003752,09/02/2024,Changed mind,281.35,7.52,Germany,South
RET001188,ORD00003294,CUST004311,08/09/2022,Changed mind,215.51,6.83,India,Central
RET001189,ORD00007537,CUST000386,10/05/2026,Defective,331.99,0.82,Canada,Central
RET001190,ORD00019748,CUST002342,23/11/2023,Changed mind,269.88,16.24,Australia,West
RET001191,ORD00004598,CUST002293,07/10/2026,Damage in shipping,131.83,20.62,Australia,East
RET001192,ORD00026409,CUST000409,23/03/2026,Not as described,41.05,2.69,Germany,West
RET001193,ORD00031103,CUST001570,14/07/2025,No longer needed,22.54,0.98,France,East
RET001194,ORD00035947,CUST004835,04/12/2023,Quality issue,449.95,53.01,USA,North
RET001195,ORD00032035,CUST001997,17/12/2021,Wrong item,666.83,12.1,India,North
RET001196,ORD00033890,CUST002810,26/07/2026,Changed mind,1131.91,169.3,USA,South
RET001197,ORD00026841,CUST001748,13/12/2021,Defective,74.79,11.37,Canada,North
RET001198,ORD00006463,CUST003382,22/03/2023,Wrong item,35.56,0.73,India,South
RET001199,ORD00005346,CUST001499,24/12/2023,Wrong item,451.74,42.63,UK,North
RET001200,ORD00039524,CUST003238,15/08/2021,Damage in shipping,241.61,20.64,UK,West
RET001201,ORD00020284,CUST004277,26/12/2023,Damage in shipping,163.35,2.54,Japan,Central
RET001202,ORD00026096,CUST004146,23/04/2025,Better price found,166.45,6.93,USA,Central
RET001203,ORD00006941,CUST001442,28/08/2023,Wrong item,46.08,5.98,Australia,South
RET001204,ORD00029964,CUST002692,22/12/2020,Not as described,165.09,3.28,Japan,South
RET001205,ORD00030216,CUST002840,27/04/2024,Better price found,85.49,8.43,USA,West
RET001206,ORD00039994,CUST002814,14/08/2025,Better price found,30.33,2.65,India,Central
RET001207,ORD00026369,CUST001939,13/08/2020,Better price found,110.12,9.48,India,North
RET001208,ORD00033612,CUST000333,02/11/2020,No longer needed,78.54,6.84,USA,North
RET001209,ORD00022339,CUST002273,12/01/2026,Better price found,56.98,2.31,UK,North
RET001210,ORD00049543,CUST002437,09/10/2020,Better price found,10.54,1.45,France,Central
RET001211,ORD00010594,CUST001827,06/02/2022,Not as described,30.97,1.41,Australia,Central
RET001212,ORD00034782,CUST001291,27/09/2026,Wrong item,16.69,0.09,Japan,West
RET001213,ORD00028531,CUST001315,08/06/2026,Damage in shipping,637.42,73.39,Germany,West
RET001214,ORD00027991,CUST004510,08/11/2022,No longer needed,181.63,11.5,Canada,Central
RET001215,ORD00029709,CUST003483,07/09/2023,Not as described,355.28,11.62,Japan,Central
RET001216,ORD00018172,CUST000296,25/10/2024,No longer needed,19.43,0.19,Australia,South
RET001217,ORD00020274,CUST001467,15/09/2025,Not as described,320.84,28.49,USA,North
RET001218,ORD00003306,CUST004685,25/02/2025,Wrong item,292.98,53.59,UK,Central
RET001219,ORD00046134,CUST000809,24/07/2020,Quality issue,10.22,1.75,Canada,South
RET001220,ORD00009672,CUST003173,25/12/2020,Changed mind,94.59,9.45,Germany,Central
RET001221,ORD00024954,CUST001517,21/09/2020,Better price found,16.15,1.35,France,West
RET001222,ORD00015172,CUST000741,01/08/2023,Wrong item,133.19,13.98,Japan,Central
RET001223,ORD00013408,CUST001082,28/01/2024,Wrong item,177.23,17.08,USA,Central
RET001224,ORD00042351,CUST000607,27/10/2021,Not as described,166.56,1.84,UK,South
RET001225,ORD00006064,CUST002548,03/09/2023,No longer needed,142.06,6.25,USA,South
RET001226,ORD00031295,CUST003286,23/01/2021,Changed mind,84.43,8.19,India,East
RET001227,ORD00028289,CUST004621,21/07/2020,Better price found,10.02,0.93,Canada,East
RET001228,ORD00017267,CUST001212,12/04/2022,Wrong item,63.55,10.82,India,West
RET001229,ORD00043981,CUST000795,08/05/2023,Better price found,240.15,31.33,UK,South
RET001230,ORD00021666,CUST004808,07/07/2020,Better price found,41.5,2.77,India,West
RET001231,ORD00003228,CUST001049,23/06/2024,Not as described,274.15,40.89,Germany,East
RET001232,ORD00048556,CUST003288,14/12/2022,No longer needed,165.7,5.94,UK,North
RET001233,ORD00038231,CUST004927,24/08/2020,Defective,208.11,2.25,Canada,East
RET001234,ORD00046534,CUST002282,28/08/2025,Damage in shipping,145.26,3.42,UK,West
RET001235,ORD00000892,CUST003007,07/08/2024,No longer needed,136.64,21.23,Japan,Central
RET001236,ORD00045657,CUST000145,02/02/2022,No longer needed,237.81,2.08,USA,Central
RET001237,ORD00037742,CUST003528,07/10/2020,Not as described,39.18,3.1,India,West
RET001238,ORD00022047,CUST001140,27/02/2024,Wrong item,87.2,10.19,Canada,East
RET001239,ORD00034464,CUST001722,17/03/2026,No longer needed,193,17.02,Australia,South
RET001240,ORD00032077,CUST004387,04/05/2022,Damage in shipping,36.44,4.69,UK,South
RET001241,ORD00030275,CUST002552,03/07/2020,Better price found,51.5,3.58,Australia,West
RET001242,ORD00024419,CUST001904,29/04/2021,No longer needed,91.64,6.79,Canada,East
RET001243,ORD00006824,CUST003141,15/08/2023,No longer needed,38.86,0.2,Germany,East
RET001244,ORD00022805,CUST004002,18/08/2024,Better price found,444.38,48.24,France,Central
RET001245,ORD00022905,CUST004837,28/02/2025,Damage in shipping,292.33,22.83,Germany,South
RET001246,ORD00047460,CUST003889,04/09/2023,Not as described,240.77,25.21,India,South
RET001247,ORD00016676,CUST001637,17/11/2021,Defective,199.8,2.63,UK,East
RET001248,ORD00001042,CUST003990,28/04/2021,Better price found,30.18,3.14,Australia,West
RET001249,ORD00039302,CUST003021,10/07/2025,Quality issue,201.68,38.46,Japan,Central
RET001250,ORD00028152,CUST003044,31/07/2021,Wrong item,80.8,12.57,Germany,South
RET001251,ORD00040163,CUST001681,12/06/2020,Changed mind,161.31,3.67,USA,North
RET001252,ORD00005359,CUST002095,30/10/2020,Defective,192.97,23.43,Germany,North
RET001253,ORD00025532,CUST003165,20/05/2024,Wrong item,83.6,7.3,UK,Central
RET001254,ORD00040061,CUST001270,22/06/2023,Quality issue,24.63,2.32,Germany,North
RET001255,ORD00039065,CUST002458,24/05/2021,Defective,193.9,21.24,USA,West
RET001256,ORD00013877,CUST002417,30/11/2024,No longer needed,13.14,0.96,USA,West
RET001257,ORD00001746,CUST000817,28/08/2025,Not as described,72.29,4.44,Japan,Central
RET001258,ORD00026110,CUST004163,16/07/2022,Quality issue,810.11,52.36,India,North
RET001259,ORD00032010,CUST002895,18/10/2024,Changed mind,149.27,16.98,Germany,East
RET001260,ORD00049655,CUST000667,05/06/2022,Defective,5.22,0.73,Canada,South
RET001261,ORD00000911,CUST001969,30/11/2025,Changed mind,123.28,4.76,France,West
RET001262,ORD00015994,CUST004406,09/10/2023,Wrong item,87.04,8.45,UK,West
RET001263,ORD00035439,CUST004090,24/05/2025,Damage in shipping,200.26,19.59,USA,East
RET001264,ORD00024805,CUST003197,31/12/2020,Not as described,48.98,3.43,France,Central
RET001265,ORD00029662,CUST003457,16/11/2020,Defective,75.96,12.6,Australia,North
RET001266,ORD00034566,CUST004470,18/08/2025,Quality issue,166.41,22.97,France,South
RET001267,ORD00036425,CUST002926,07/04/2024,Wrong item,484.21,52.52,India,North
RET001268,ORD00017027,CUST001242,13/09/2020,Defective,15.33,2.19,Australia,East
RET001269,ORD00017625,CUST001685,28/01/2026,Defective,372.91,13.74,Japan,Central
RET001270,ORD00032498,CUST004958,09/08/2023,Changed mind,161.66,22.27,UK,East
RET001271,ORD00023607,CUST004589,29/07/2026,No longer needed,445.73,63.58,France,West
RET001272,ORD00009624,CUST002698,11/05/2021,Defective,184.11,9.16,Canada,South
RET001273,ORD00031116,CUST003396,19/04/2026,Defective,152.54,19.6,India,Central
RET001274,ORD00046471,CUST002558,10/11/2025,No longer needed,335.02,7.02,Australia,West
RET001275,ORD00043226,CUST002782,19/08/2026,No longer needed,34,2.51,USA,South
RET001276,ORD00032701,CUST004446,28/03/2024,Quality issue,548.35,41.02,India,East
RET001277,ORD00023702,CUST000653,27/09/2026,Better price found,7.01,0.13,UK,East
RET001278,ORD00015601,CUST001920,10/06/2023,No longer needed,13.57,2.32,Canada,North
RET001279,ORD00043199,CUST003553,06/03/2025,No longer needed,95.14,15.35,India,Central
RET001280,ORD00009473,CUST002676,18/02/2024,Wrong item,149.8,16.01,Australia,South
RET001281,ORD00006939,CUST003009,11/06/2023,No longer needed,221.81,24.13,UK,South
RET001282,ORD00042045,CUST004662,11/08/2025,Damage in shipping,637.81,3.07,Germany,South
RET001283,ORD00002741,CUST001680,18/12/2025,Better price found,39.9,6.93,Japan,East
RET001284,ORD00005703,CUST003857,19/08/2025,Quality issue,961.22,23.14,India,Central
RET001285,ORD00040269,CUST004175,15/06/2023,Quality issue,502.88,14.12,Canada,East
RET001286,ORD00015074,CUST001544,04/04/2024,Better price found,86.03,9.91,Australia,Central
RET001287,ORD00026870,CUST001259,23/03/2023,Better price found,46.38,3.57,France,East
RET001288,ORD00044102,CUST000710,10/10/2020,Quality issue,23.5,0.57,Germany,East
RET001289,ORD00037697,CUST004580,22/01/2022,No longer needed,170.63,13.85,Canada,East
RET001290,ORD00040046,CUST004385,15/04/2025,Damage in shipping,175.3,16.37,UK,East
RET001291,ORD00002475,CUST001894,13/02/2020,Not as described,15.81,0.91,France,South
RET001292,ORD00018839,CUST002640,18/07/2020,Defective,10.07,1.67,India,East
RET001293,ORD00028483,CUST002709,24/10/2023,Defective,41.74,1.32,UK,South
RET001294,ORD00013012,CUST000743,13/01/2027,Defective,71.27,7.3,UK,South
RET001295,ORD00022326,CUST002210,11/01/2025,Better price found,200.43,35.07,USA,North
RET001296,ORD00026877,CUST004041,08/02/2020,No longer needed,37.55,1.17,Japan,Central
RET001297,ORD00030472,CUST000929,12/01/2026,Wrong item,89.81,16.05,Canada,South
RET001298,ORD00041032,CUST004491,10/07/2026,Defective,518.95,36.11,USA,South
RET001299,ORD00029672,CUST003520,27/10/2026,No longer needed,939.38,114.13,Germany,East
RET001300,ORD00038918,CUST004945,21/08/2020,Not as described,71.8,7.82,India,Central
RET001301,ORD00011740,CUST003746,23/07/2023,Defective,719.96,77.08,UK,West
RET001302,ORD00009597,CUST004365,22/07/2020,Defective,151.28,7.14,France,Central
RET001303,ORD00013516,CUST002337,29/09/2025,Quality issue,1681.93,253.24,Germany,North
RET001304,ORD00023157,CUST003624,22/01/2023,Quality issue,68.98,1.57,Japan,Central
RET001305,ORD00022421,CUST000709,03/04/2021,Defective,124.14,18.88,Canada,East
RET001306,ORD00009423,CUST003660,02/04/2024,No longer needed,79.5,1.86,Germany,West
RET001307,ORD00000769,CUST000007,15/06/2026,Changed mind,46.91,1.43,Germany,Central
RET001308,ORD00015450,CUST001776,23/05/2025,Wrong item,879.35,181.42,India,North
RET001309,ORD00007885,CUST001916,25/05/2024,Better price found,23.77,0.58,Japan,North
RET001310,ORD00011924,CUST002849,23/11/2024,Not as described,327.03,25.99,India,South
RET001311,ORD00004165,CUST002985,22/03/2026,Better price found,195.6,35.33,USA,South
RET001312,ORD00016033,CUST003700,03/01/2027,Defective,5.96,0.85,Canada,Central
RET001313,ORD00021708,CUST001133,04/05/2020,Changed mind,104.52,2.19,UK,Central
RET001314,ORD00004789,CUST004857,26/01/2024,Better price found,315.41,6.88,Australia,South
RET001315,ORD00007178,CUST000529,18/02/2020,No longer needed,19.75,0.63,Canada,North
RET001316,ORD00044207,CUST004968,25/10/2022,Wrong item,281.27,10.35,Japan,Central
RET001317,ORD00010847,CUST004356,12/12/2026,Defective,413,0.56,India,West
RET001318,ORD00002233,CUST001404,18/12/2020,Defective,158.26,7.6,India,South
RET001319,ORD00015000,CUST002321,15/01/2021,Wrong item,45.58,3.06,Canada,North
RET001320,ORD00040413,CUST002574,02/03/2025,Changed mind,1.75,0.07,Canada,North
RET001321,ORD00019155,CUST003487,05/04/2024,Not as described,265.86,46.55,UK,North
RET001322,ORD00002335,CUST002031,11/08/2021,Not as described,158.95,9.07,Canada,North
RET001323,ORD00041755,CUST004741,28/11/2025,Defective,588.5,82.94,Canada,North
RET001324,ORD00000005,CUST003358,27/04/2024,Better price found,340.98,22.22,UK,West
RET001325,ORD00011428,CUST002310,22/04/2025,Defective,382.69,42.76,Australia,South
RET001326,ORD00018456,CUST004759,12/09/2021,Wrong item,49.15,6.19,Canada,South
RET001327,ORD00001007,CUST000598,18/08/2021,Better price found,58.94,0.68,Japan,South
RET001328,ORD00023328,CUST002997,01/09/2024,Wrong item,227.06,0.5,Japan,West
RET001329,ORD00036754,CUST003585,31/01/2022,Quality issue,58.11,7.28,Germany,West
RET001330,ORD00036250,CUST004145,24/05/2022,Better price found,197.35,16.96,USA,South
RET001331,ORD00016727,CUST000425,26/08/2023,Quality issue,67.12,9.13,UK,East
RET001332,ORD00012207,CUST003969,20/04/2021,No longer needed,164.28,18.25,Australia,West
RET001333,ORD00048249,CUST002657,17/02/2021,Better price found,185.65,22.63,Japan,West
RET001334,ORD00030424,CUST004231,07/11/2026,Better price found,126.81,1.47,Germany,West
RET001335,ORD00015142,CUST003660,08/01/2023,Not as described,411.71,55.6,Germany,West
RET001336,ORD00008577,CUST004163,01/06/2020,Wrong item,42.43,0.83,India,North
RET001337,ORD00041826,CUST004636,23/04/2021,Damage in shipping,40.03,5.33,France,North
RET001338,ORD00048234,CUST004799,28/11/2020,Changed mind,237.94,33.89,USA,West
RET001339,ORD00043061,CUST001779,01/12/2024,No longer needed,36.73,1.44,USA,West
RET001340,ORD00037454,CUST000607,06/05/2020,No longer needed,192.07,11.06,UK,South
RET001341,ORD00013429,CUST001517,17/08/2022,Changed mind,53.12,7.66,France,West
RET001342,ORD00030547,CUST004531,09/08/2023,Damage in shipping,367.77,41.19,Canada,West
RET001343,ORD00046535,CUST004755,10/09/2022,Better price found,146.16,6.96,Australia,North
RET001344,ORD00026016,CUST004946,10/12/2020,Defective,227.31,2.56,Canada,East
RET001345,ORD00027340,CUST002831,20/06/2022,No longer needed,144.77,22.19,Japan,North
RET001346,ORD00047692,CUST003975,30/10/2025,No longer needed,743.64,17.38,Canada,West
RET001347,ORD00028722,CUST000569,21/11/2020,Better price found,16.49,1,UK,West
RET001348,ORD00015311,CUST002814,18/11/2024,No longer needed,225.06,18.43,India,Central
RET001349,ORD00014119,CUST004200,17/10/2020,Defective,80.96,4.45,UK,North
RET001350,ORD00002030,CUST004013,21/02/2021,Wrong item,152.32,20.55,Germany,Central
RET001351,ORD00003498,CUST001989,22/05/2020,Wrong item,25.72,2.95,Germany,South
RET001352,ORD00048524,CUST003375,02/03/2022,Not as described,203.98,14.31,USA,Central
RET001353,ORD00045887,CUST003418,23/08/2021,Damage in shipping,23.59,2.89,Canada,South
RET001354,ORD00018253,CUST001304,02/03/2020,Damage in shipping,135.17,12.95,Canada,East
RET001355,ORD00003569,CUST001291,31/10/2023,Not as described,253.92,14.78,Japan,West
RET001356,ORD00039494,CUST003754,19/01/2026,Damage in shipping,171.01,3.88,Japan,West
RET001357,ORD00044167,CUST001055,04/07/2023,Not as described,4.68,0.58,India,Central
RET001358,ORD00023913,CUST003602,09/05/2026,Changed mind,51.82,1.12,Australia,West
RET001359,ORD00040302,CUST004784,17/11/2024,Changed mind,244.7,35.01,Japan,North
RET001360,ORD00010225,CUST001353,05/07/2025,Not as described,57.3,6.69,Japan,East
RET001361,ORD00042920,CUST003477,20/04/2023,Quality issue,172,23.14,India,Central
RET001362,ORD00037867,CUST004596,07/04/2024,Wrong item,176.87,23.47,Japan,South
RET001363,ORD00026810,CUST001780,25/10/2022,Quality issue,145.01,3.77,Australia,North
RET001364,ORD00006937,CUST002950,09/05/2022,Better price found,233.09,20.01,Australia,West
RET001365,ORD00013688,CUST001507,05/12/2022,Better price found,80.33,5.5,Germany,North
RET001366,ORD00031396,CUST004538,03/09/2021,Defective,212.42,16.07,Japan,West
RET001367,ORD00006982,CUST003519,23/09/2023,Better price found,214.78,15.62,USA,West
RET001368,ORD00044790,CUST002620,20/02/2025,Wrong item,348.66,23.62,France,Central
RET001369,ORD00023113,CUST000176,19/12/2024,Quality issue,116.94,4.45,USA,South
RET001370,ORD00001803,CUST001250,13/01/2022,Quality issue,71.37,7.18,France,East
RET001371,ORD00017863,CUST004784,13/01/2023,Better price found,600.34,4.31,Japan,North
RET001372,ORD00011212,CUST004595,16/09/2021,Defective,151.66,10.54,Canada,East
RET001373,ORD00023930,CUST003048,28/04/2024,Wrong item,84.64,10.26,UK,North
RET001374,ORD00045323,CUST000700,08/05/2023,Changed mind,26.53,0.53,India,Central
RET001375,ORD00019990,CUST002485,03/10/2025,Quality issue,528.43,39.27,France,North
RET001376,ORD00010769,CUST001483,05/10/2020,Damage in shipping,148.26,17.42,Japan,South
RET001377,ORD00003090,CUST004024,19/02/2025,Damage in shipping,520.17,29.14,France,West
RET001378,ORD00024182,CUST000999,19/05/2022,Quality issue,119.79,5.76,Canada,North
RET001379,ORD00041280,CUST003846,12/05/2021,No longer needed,5.99,0.11,USA,East
RET001380,ORD00048763,CUST000417,28/12/2023,No longer needed,176.38,22.94,Australia,Central
RET001381,ORD00008706,CUST000052,18/07/2024,No longer needed,318.27,51.39,India,West
RET001382,ORD00024171,CUST000134,29/02/2020,Changed mind,16.33,2.43,Japan,South
RET001383,ORD00012081,CUST001436,18/06/2020,Not as described,145.15,3.7,UK,Central
RET001384,ORD00031465,CUST001180,20/06/2025,Changed mind,35.59,2.03,India,West
RET001385,ORD00032729,CUST001019,29/07/2023,Quality issue,8.28,0.84,Australia,North
RET001386,ORD00026788,CUST004585,08/03/2023,Quality issue,23.53,0.07,UK,North
RET001387,ORD00046533,CUST001645,04/04/2020,Changed mind,47.04,6.92,France,South
RET001388,ORD00025790,CUST004404,25/04/2020,Changed mind,29.21,3.91,USA,East
RET001389,ORD00013474,CUST003771,08/11/2020,Better price found,40.05,2.24,Germany,South
RET001390,ORD00027092,CUST000563,30/01/2023,Better price found,402.04,34.8,Japan,South
RET001391,ORD00017416,CUST002080,28/10/2023,Damage in shipping,917.29,69.97,USA,Central
RET001392,ORD00033010,CUST001099,26/01/2021,Better price found,310.06,45.83,UK,West
RET001393,ORD00032274,CUST002698,17/09/2022,Changed mind,151.51,25.33,Canada,South
RET001394,ORD00015303,CUST004950,19/05/2022,Changed mind,629.92,9.22,Canada,East
RET001395,ORD00004714,CUST003529,18/03/2022,No longer needed,59.87,2.45,France,East
RET001396,ORD00039381,CUST002394,25/02/2022,Defective,101.63,11.42,UK,East
RET001397,ORD00013440,CUST002985,18/08/2026,Defective,232.45,17.61,USA,South
RET001398,ORD00011125,CUST003457,09/02/2026,Damage in shipping,639.37,64.61,Australia,North
RET001399,ORD00046147,CUST004211,19/09/2022,Defective,143.84,10.93,USA,East
RET001400,ORD00005849,CUST003215,21/03/2021,Not as described,58.06,8.3,India,East
RET001401,ORD00013863,CUST004054,15/11/2020,Wrong item,25.71,2.16,Australia,West
RET001402,ORD00013127,CUST003128,18/04/2020,Defective,126.96,6.45,Canada,North
RET001403,ORD00046253,CUST001841,04/11/2022,Changed mind,235.83,6.62,Germany,East
RET001404,ORD00016256,CUST004878,26/08/2023,Better price found,130.89,17.22,USA,West
RET001405,ORD00015018,CUST001165,22/01/2025,Wrong item,211.01,29.2,UK,South
RET001406,ORD00006617,CUST002894,21/03/2025,Better price found,1162.92,181.02,UK,Central
RET001407,ORD00025613,CUST001465,19/03/2023,Quality issue,81.78,5.68,Germany,East
RET001408,ORD00027692,CUST001979,14/12/2026,Defective,1091.13,36.02,Australia,Central
RET001409,ORD00039995,CUST000890,25/09/2021,No longer needed,16.79,2.54,Germany,South
RET001410,ORD00008540,CUST000287,22/07/2026,Quality issue,221.81,22.38,Canada,North
RET001411,ORD00038369,CUST001429,02/09/2026,Damage in shipping,773.17,74.3,India,West
RET001412,ORD00032390,CUST002613,03/07/2021,Changed mind,24.23,1.72,Canada,South
RET001413,ORD00048557,CUST003114,30/11/2025,Defective,84.82,4.38,Germany,West
RET001414,ORD00017514,CUST002785,12/11/2026,Quality issue,80.1,8.16,Germany,Central
RET001415,ORD00014911,CUST002551,05/02/2026,Not as described,386.32,62.9,Canada,North
RET001416,ORD00002798,CUST002467,09/04/2024,Better price found,300.03,11.87,Germany,South
RET001417,ORD00038324,CUST001793,15/02/2026,Changed mind,262.43,37.33,India,East
RET001418,ORD00021746,CUST003579,05/10/2026,Changed mind,418.91,63.41,USA,Central
RET001419,ORD00016284,CUST000698,02/11/2025,No longer needed,219.92,35.15,Canada,North
RET001420,ORD00014818,CUST001071,05/02/2022,Damage in shipping,9.54,1.14,Canada,West
RET001421,ORD00011950,CUST001553,28/07/2020,Defective,108.16,15.41,Australia,South
RET001422,ORD00038559,CUST001534,04/07/2020,Defective,17.62,0.85,UK,East
RET001423,ORD00048212,CUST002570,15/01/2024,Not as described,296.35,22.61,Canada,East
RET001424,ORD00037892,CUST004602,20/08/2026,No longer needed,249.71,18.35,France,South
RET001425,ORD00040426,CUST001273,01/08/2023,Wrong item,79.29,8.76,Japan,Central
RET001426,ORD00045176,CUST002147,16/03/2026,Wrong item,896.49,181.2,UK,North
RET001427,ORD00018633,CUST002652,08/11/2022,Quality issue,131.69,16.09,Japan,North
RET001428,ORD00006883,CUST001315,06/05/2026,Damage in shipping,99.31,17.05,Germany,West
RET001429,ORD00037821,CUST003300,08/05/2022,Changed mind,72.01,7.01,Australia,South
RET001430,ORD00032119,CUST003139,21/12/2021,Changed mind,2.22,0.34,France,North
RET001431,ORD00043312,CUST000987,13/08/2025,No longer needed,42.88,5.75,UK,East
RET001432,ORD00007777,CUST003742,23/07/2025,Quality issue,154.16,18.96,France,East
RET001433,ORD00026914,CUST003686,07/12/2023,Wrong item,1092.9,89.16,UK,West
RET001434,ORD00048959,CUST003159,06/05/2023,No longer needed,180.35,2.54,India,Central
RET001435,ORD00022417,CUST001834,04/06/2024,No longer needed,320.68,47.58,Japan,West
RET001436,ORD00039641,CUST003050,07/05/2024,Changed mind,708.66,101.51,France,North
RET001437,ORD00020073,CUST002731,02/10/2021,Changed mind,42.32,7.28,India,West
RET001438,ORD00014280,CUST002051,19/10/2021,Changed mind,110.77,14.29,France,East
RET001439,ORD00005207,CUST000584,09/04/2026,Defective,315.75,30.38,Canada,East
RET001440,ORD00032637,CUST000126,23/06/2023,Changed mind,17.96,1.89,India,West
RET001441,ORD00037248,CUST004596,23/08/2026,Damage in shipping,54.53,2.87,Japan,South
RET001442,ORD00046887,CUST000009,04/01/2021,No longer needed,121.64,3.3,Canada,North
RET001443,ORD00025229,CUST004522,09/06/2025,Quality issue,246.54,38.49,UK,North
RET001444,ORD00006096,CUST001273,03/01/2027,Damage in shipping,1297.74,172.18,Japan,Central
RET001445,ORD00006957,CUST004363,06/12/2024,Damage in shipping,114.75,2.37,France,North
RET001446,ORD00041717,CUST000969,31/07/2021,Defective,106.37,8.97,Germany,East
RET001447,ORD00037016,CUST001202,05/03/2023,Changed mind,24.59,3.11,France,North
RET001448,ORD00047847,CUST002818,14/08/2021,Damage in shipping,69.48,7.8,France,South
RET001449,ORD00000755,CUST003706,21/05/2025,No longer needed,560.1,53.53,Australia,Central
RET001450,ORD00022621,CUST001951,16/11/2026,Damage in shipping,114.2,10.29,India,East
RET001451,ORD00024101,CUST000994,21/09/2024,No longer needed,400.91,31.95,USA,Central
RET001452,ORD00041683,CUST002602,25/08/2026,Wrong item,1097.51,106.9,India,South
RET001453,ORD00047816,CUST003125,23/03/2020,Quality issue,41.83,2.26,Canada,Central
RET001454,ORD00010598,CUST004371,11/09/2025,Damage in shipping,398.86,36.89,Canada,West
RET001455,ORD00041854,CUST001366,07/06/2024,Defective,300.05,35.88,UK,East
RET001456,ORD00018073,CUST001277,07/03/2026,Defective,6.77,0.64,Canada,West
RET001457,ORD00037716,CUST001104,12/03/2020,No longer needed,18.15,0.72,Germany,West
RET001458,ORD00031191,CUST001248,17/04/2022,Not as described,18.08,1.7,Canada,North
RET001459,ORD00011398,CUST001290,07/06/2024,Quality issue,117.57,14.12,Germany,North
RET001460,ORD00002966,CUST002707,14/11/2020,Better price found,65.99,7.32,Japan,South
RET001461,ORD00046345,CUST000709,31/07/2024,Wrong item,15.53,2.43,Canada,East
RET001462,ORD00043932,CUST000607,23/08/2022,Not as described,249.35,43.02,UK,South
RET001463,ORD00008072,CUST004990,24/02/2023,Wrong item,224.56,38.83,USA,South
RET001464,ORD00011473,CUST003784,08/04/2025,No longer needed,125.2,22.86,Australia,South
RET001465,ORD00029393,CUST004137,24/05/2026,Not as described,250.82,16.11,USA,West
RET001466,ORD00041333,CUST003720,17/12/2022,Better price found,2.5,0.08,Canada,South
RET001467,ORD00047140,CUST003352,08/10/2025,Wrong item,241.44,10.67,Japan,East
RET001468,ORD00030258,CUST002352,19/09/2024,Quality issue,91.42,7.11,Japan,North
RET001469,ORD00022490,CUST000704,03/04/2020,Changed mind,17.83,1.11,Canada,South
RET001470,ORD00016084,CUST000207,18/07/2025,Better price found,621.95,72.88,Canada,East
RET001471,ORD00012115,CUST003098,27/08/2024,No longer needed,153.49,15.97,UK,East
RET001472,ORD00035641,CUST001661,16/05/2023,Wrong item,282.88,37.9,France,East
RET001473,ORD00014938,CUST000877,24/03/2021,Wrong item,166.2,1.76,Canada,East
RET001474,ORD00012034,CUST002615,26/03/2024,Changed mind,194.04,9.53,India,South
RET001475,ORD00049719,CUST001843,24/09/2021,Changed mind,100.71,13.8,UK,Central
RET001476,ORD00038207,CUST003251,03/03/2026,Wrong item,591,71.01,France,East
RET001477,ORD00033888,CUST000131,25/11/2023,Quality issue,123.43,13.06,France,West
RET001478,ORD00001894,CUST004108,12/02/2021,Quality issue,48.61,5.83,Germany,North
RET001479,ORD00046203,CUST004509,17/08/2022,Quality issue,133.64,15.8,France,East
RET001480,ORD00046621,CUST004724,07/08/2024,Changed mind,0.37,0.08,Germany,West
RET001481,ORD00020707,CUST000773,24/01/2022,Changed mind,363.82,61.12,Japan,Central
RET001482,ORD00042353,CUST002875,29/01/2023,Defective,103.99,20.48,Japan,South
RET001483,ORD00020950,CUST001253,21/02/2023,Quality issue,142.53,19.42,Canada,Central
RET001484,ORD00011739,CUST002951,05/06/2020,Defective,106.35,5.99,Germany,South
RET001485,ORD00040912,CUST003149,06/08/2020,Not as described,162.98,22.35,Canada,Central
RET001486,ORD00010649,CUST002931,03/07/2020,Quality issue,16.06,2.84,Canada,South
RET001487,ORD00048591,CUST002930,08/12/2020,Quality issue,120.36,18.49,France,Central
RET001488,ORD00015975,CUST001995,23/01/2022,Not as described,556.69,38.39,Australia,East
RET001489,ORD00025692,CUST002727,08/05/2024,Better price found,318.88,26.57,Australia,West
RET001490,ORD00043531,CUST002897,29/03/2023,Defective,12.88,1.45,India,East
RET001491,ORD00032353,CUST002784,14/02/2025,Damage in shipping,47.35,2.32,USA,South
RET001492,ORD00007008,CUST000881,04/11/2025,Wrong item,464.02,15.08,France,South
RET001493,ORD00048356,CUST001386,22/09/2025,Damage in shipping,128,20.67,India,North
RET001494,ORD00021567,CUST001750,30/10/2024,Better price found,422.97,64.82,Japan,West
RET001495,ORD00047255,CUST002781,11/03/2021,Defective,5.93,0.78,Japan,West
RET001496,ORD00015808,CUST001273,13/07/2020,Not as described,99.32,6.79,Japan,Central
RET001497,ORD00043867,CUST002786,17/11/2026,Defective,216.72,5.03,Japan,North
RET001498,ORD00002655,CUST002880,17/11/2024,Damage in shipping,99.47,16.78,Canada,North
RET001499,ORD00031588,CUST001956,23/01/2025,No longer needed,93.03,12.22,Canada,North
RET001500,ORD00045540,CUST002466,25/11/2022,No longer needed,702.52,72.01,UK,Central
RET001501,ORD00047353,CUST001434,03/02/2023,Not as described,57.8,2.38,Japan,North
RET001502,ORD00035349,CUST003782,28/07/2022,Damage in shipping,167.89,5.99,UK,East
RET001503,ORD00008861,CUST000734,25/05/2020,No longer needed,22.03,3.54,USA,Central
RET001504,ORD00044677,CUST003575,19/07/2025,Better price found,503.26,12.68,Japan,North
RET001505,ORD00028442,CUST002017,31/01/2023,Quality issue,19.69,1.46,France,East
RET001506,ORD00022131,CUST003572,28/09/2022,Defective,67.66,5.05,Germany,East
RET001507,ORD00040332,CUST000824,13/09/2021,Wrong item,294.47,12.74,USA,North
RET001508,ORD00005038,CUST000612,10/02/2024,No longer needed,262.35,9.5,India,North
RET001509,ORD00006908,CUST002678,29/01/2024,Quality issue,297.04,2.25,France,West
RET001510,ORD00022309,CUST001506,18/05/2024,Defective,470.43,71.76,France,Central
RET001511,ORD00017656,CUST004374,14/09/2021,Changed mind,174.18,24.05,Canada,Central
RET001512,ORD00028583,CUST002360,27/09/2024,Quality issue,71.38,10.43,Canada,North
RET001513,ORD00022979,CUST000936,09/06/2026,Defective,33.85,6.84,USA,North
RET001514,ORD00016619,CUST000461,28/06/2025,Quality issue,351.59,19.22,France,South
RET001515,ORD00005130,CUST003421,30/12/2023,Wrong item,122.03,13.11,France,East
RET001516,ORD00027518,CUST003027,07/08/2025,Not as described,828.5,69.16,Japan,West
RET001517,ORD00041627,CUST001748,20/01/2023,Not as described,53.51,3.93,Canada,North
RET001518,ORD00049207,CUST001965,03/07/2023,Changed mind,160.17,13.46,UK,East
RET001519,ORD00039261,CUST003727,17/11/2023,Not as described,293.84,14.61,Australia,West
RET001520,ORD00006642,CUST000637,18/04/2022,Defective,8.59,0.93,France,West
RET001521,ORD00042774,CUST002826,04/06/2020,Better price found,38.01,4.45,USA,Central
RET001522,ORD00033527,CUST002085,26/08/2022,Damage in shipping,83.17,8.47,Australia,West
RET001523,ORD00036674,CUST000106,04/01/2026,Wrong item,434.29,61,India,Central
RET001524,ORD00001648,CUST001880,10/04/2020,Better price found,10.86,1.29,UK,East
RET001525,ORD00030953,CUST000607,11/03/2022,Wrong item,285.14,52.09,UK,South
RET001526,ORD00022552,CUST004366,09/02/2026,Changed mind,128.71,18.57,USA,East
RET001527,ORD00029296,CUST001260,09/11/2024,Wrong item,102.19,1.66,Canada,West
RET001528,ORD00048592,CUST004189,11/05/2024,Defective,86.45,11.45,India,Central
RET001529,ORD00037050,CUST004616,30/04/2024,Better price found,130.62,19.06,India,West
RET001530,ORD00002176,CUST000762,17/03/2024,Quality issue,63.77,7.19,UK,East
RET001531,ORD00027802,CUST000947,16/12/2023,No longer needed,469.72,25.1,Japan,West
RET001532,ORD00037681,CUST000561,24/02/2023,Changed mind,208.18,10.46,Germany,North
RET001533,ORD00025089,CUST004554,01/06/2022,Quality issue,86.64,12.32,Canada,Central
RET001534,ORD00024547,CUST003532,12/04/2020,Defective,95.53,6.74,Australia,East
RET001535,ORD00037192,CUST000024,18/11/2023,Quality issue,66.63,3.92,Canada,South
RET001536,ORD00037005,CUST002338,14/06/2023,Damage in shipping,124.08,5.1,France,West
RET001537,ORD00047482,CUST000815,07/12/2020,Changed mind,69.34,8.18,Germany,Central
RET001538,ORD00026930,CUST000621,20/12/2026,Not as described,612.05,32.97,France,East
RET001539,ORD00039646,CUST000273,12/01/2027,Better price found,647.76,20.06,India,East
RET001540,ORD00041098,CUST000947,18/09/2023,No longer needed,357.46,48.51,Japan,West
RET001541,ORD00010324,CUST003506,30/07/2025,Quality issue,1141.55,68.18,UK,North
RET001542,ORD00004342,CUST004646,29/08/2020,No longer needed,139.16,10.63,Australia,East
RET001543,ORD00010387,CUST004186,01/10/2025,Quality issue,20.91,0.57,USA,East
RET001544,ORD00046527,CUST002935,26/08/2023,No longer needed,603.68,36.37,UK,South
RET001545,ORD00031706,CUST001290,20/02/2026,Changed mind,233.64,41.8,Germany,North
RET001546,ORD00024461,CUST004291,01/06/2021,Wrong item,148.19,19.01,Canada,East
RET001547,ORD00009244,CUST002199,11/12/2026,Not as described,406.04,59.22,Germany,West
RET001548,ORD00002891,CUST003036,24/03/2020,Changed mind,95.97,14.51,Japan,East
RET001549,ORD00014518,CUST000072,28/11/2025,Changed mind,184.83,5.29,France,West
RET001550,ORD00039992,CUST000569,30/05/2023,Changed mind,52.88,5.15,UK,West
RET001551,ORD00038912,CUST003120,04/07/2026,Wrong item,72.32,13.43,India,West
RET001552,ORD00039362,CUST002584,05/05/2026,Not as described,314.85,27.63,USA,South
RET001553,ORD00043620,CUST002449,19/05/2023,Better price found,75.54,1.22,France,South
RET001554,ORD00042027,CUST002806,01/02/2024,Better price found,45.73,6.06,France,East
RET001555,ORD00023330,CUST001820,27/09/2026,Better price found,156.35,1.02,Germany,Central
RET001556,ORD00036273,CUST000932,18/09/2025,Damage in shipping,105.93,12.91,India,West
RET001557,ORD00022497,CUST002710,17/06/2021,Better price found,129.24,2.63,USA,East
RET001558,ORD00041702,CUST002211,20/12/2026,Changed mind,248.75,6.26,UK,North
RET001559,ORD00015345,CUST002323,07/05/2020,Better price found,232.68,25.71,France,South
RET001560,ORD00022674,CUST002045,26/03/2025,Wrong item,922.87,134,India,South
RET001561,ORD00015440,CUST001198,24/10/2023,Changed mind,104.61,13.27,France,West
RET001562,ORD00041446,CUST002631,04/01/2027,Damage in shipping,199.4,8.72,France,North
RET001563,ORD00041100,CUST002264,21/12/2020,Damage in shipping,64.56,0.55,Australia,East
RET001564,ORD00009779,CUST000804,21/05/2025,Damage in shipping,543.33,87.27,Japan,East
RET001565,ORD00015539,CUST000025,10/05/2021,Changed mind,142.14,16.6,India,East
RET001566,ORD00031232,CUST001289,02/01/2027,Not as described,311.85,0.86,Canada,North
RET001567,ORD00002342,CUST003835,17/10/2022,Better price found,93.27,14.14,India,North
RET001568,ORD00036223,CUST002315,20/06/2025,No longer needed,349.7,33.12,Australia,North
RET001569,ORD00026605,CUST000382,07/12/2022,Changed mind,85.55,11.19,Japan,Central
RET001570,ORD00004223,CUST003913,12/07/2021,Better price found,151.97,24.68,Australia,East
RET001571,ORD00011546,CUST003900,10/09/2022,No longer needed,1.73,0.26,Germany,South
RET001572,ORD00011444,CUST002303,29/09/2026,No longer needed,121.99,7.33,Japan,South
RET001573,ORD00034239,CUST002338,08/07/2021,Not as described,109.43,18.43,France,West
RET001574,ORD00031766,CUST002212,06/09/2021,Changed mind,356.07,31.25,UK,North
RET001575,ORD00044789,CUST002365,20/12/2023,Damage in shipping,242.94,19.29,USA,North
RET001576,ORD00000265,CUST004691,05/11/2021,Not as described,38.38,2.65,France,East
RET001577,ORD00005314,CUST004590,19/05/2025,Not as described,135.36,0.98,India,South
RET001578,ORD00024360,CUST000830,14/12/2023,Not as described,61.25,5.75,UK,West
RET001579,ORD00041270,CUST001374,19/09/2021,Quality issue,284.47,34.46,USA,East
RET001580,ORD00045976,CUST002678,21/02/2020,Not as described,28.26,3.49,France,West
RET001581,ORD00014474,CUST000709,02/02/2023,Damage in shipping,29.64,1.77,Canada,East
RET001582,ORD00031876,CUST001882,06/10/2022,Defective,21.41,2.74,Canada,East
RET001583,ORD00037442,CUST003715,07/09/2021,Quality issue,3,0.35,Australia,Central
RET001584,ORD00042322,CUST003997,05/02/2023,Quality issue,277.55,19.92,Japan,Central
RET001585,ORD00026435,CUST002926,21/08/2022,Quality issue,39.13,2.6,India,North
RET001586,ORD00036278,CUST000365,11/02/2021,Defective,94.8,15.91,Canada,North
RET001587,ORD00017516,CUST002581,02/05/2026,Changed mind,225.85,1.15,Canada,West
RET001588,ORD00030805,CUST002203,22/11/2025,Defective,110.36,15.44,Germany,East
RET001589,ORD00025881,CUST003839,24/10/2020,Better price found,195.29,13.88,UK,East
RET001590,ORD00042936,CUST003332,19/05/2020,Defective,44.48,2.96,Canada,East
RET001591,ORD00002130,CUST002292,19/01/2025,Quality issue,113.04,6.19,Japan,North
RET001592,ORD00044907,CUST004491,14/03/2020,Changed mind,45.28,3.39,USA,South
RET001593,ORD00037822,CUST004680,21/03/2022,Better price found,85.35,5.83,UK,West
RET001594,ORD00013911,CUST000270,10/05/2025,No longer needed,399.22,57.2,Germany,West
RET001595,ORD00029669,CUST000048,19/03/2021,No longer needed,155.31,13.42,UK,East
RET001596,ORD00046947,CUST000571,24/12/2024,Defective,804.9,27.84,Australia,Central
RET001597,ORD00009665,CUST003840,09/05/2020,Defective,61.73,3.56,Canada,West
RET001598,ORD00008892,CUST002145,28/02/2024,Quality issue,128.91,5.24,India,Central
RET001599,ORD00022325,CUST000562,06/05/2026,Damage in shipping,231.65,18.54,Japan,Central
RET001600,ORD00041376,CUST003011,11/07/2020,Better price found,3.65,0.67,France,West
RET001601,ORD00046584,CUST003739,24/09/2024,Damage in shipping,196.9,7.8,UK,West
RET001602,ORD00047258,CUST001974,12/04/2026,Quality issue,1103.45,59.5,France,North
RET001603,ORD00042684,CUST001313,03/09/2026,Damage in shipping,126.1,18.95,Canada,North
RET001604,ORD00035638,CUST004456,11/12/2022,Better price found,110.36,12.49,Germany,East
RET001605,ORD00002662,CUST000601,07/12/2021,Changed mind,277.67,41.87,Canada,North
RET001606,ORD00025123,CUST000247,24/05/2022,No longer needed,7.78,0.88,Australia,West
RET001607,ORD00025870,CUST002837,11/04/2020,No longer needed,43.25,6.95,India,South
RET001608,ORD00039337,CUST001108,14/06/2020,Changed mind,89.08,2.69,Australia,North
RET001609,ORD00000168,CUST000733,01/12/2020,Defective,44.55,1.24,UK,West
RET001610,ORD00019946,CUST003144,21/08/2020,Not as described,110.93,0.66,USA,Central
RET001611,ORD00023115,CUST000070,24/01/2021,Better price found,0.23,0.01,Japan,Central
RET001612,ORD00023594,CUST002093,07/05/2026,Better price found,136.95,16.25,Japan,South
RET001613,ORD00021014,CUST003249,29/09/2025,No longer needed,473.84,47.79,France,Central
RET001614,ORD00023681,CUST002886,05/11/2022,Changed mind,22.11,0.7,Canada,North
RET001615,ORD00038382,CUST002706,09/09/2026,Damage in shipping,172.9,3.91,France,West
RET001616,ORD00011295,CUST001538,18/02/2026,Quality issue,80.46,6.68,France,East
RET001617,ORD00009193,CUST000273,05/07/2025,Not as described,101.47,12.54,India,East
RET001618,ORD00017976,CUST004123,26/04/2020,Quality issue,4.31,0.42,France,South
RET001619,ORD00006411,CUST003492,09/04/2021,Quality issue,22.93,2.31,Canada,East
RET001620,ORD00025715,CUST000869,02/10/2021,Quality issue,6.87,0.7,Australia,North
RET001621,ORD00036341,CUST000806,03/01/2023,Quality issue,78.59,15.6,Australia,East
RET001622,ORD00043827,CUST001402,27/03/2020,Quality issue,79.35,4.41,UK,East
RET001623,ORD00032450,CUST000707,24/12/2025,Quality issue,157.97,4.95,USA,South
RET001624,ORD00022854,CUST002522,30/10/2025,Damage in shipping,308.83,9.58,USA,East
RET001625,ORD00040651,CUST000597,12/01/2027,No longer needed,632.9,84.62,Australia,South
RET001626,ORD00026430,CUST000987,24/12/2025,Wrong item,210.62,28.9,UK,East
RET001627,ORD00020365,CUST001164,12/02/2020,Better price found,275.31,13.24,Japan,West
RET001628,ORD00038191,CUST000949,03/01/2026,Wrong item,531.95,55.06,UK,East
RET001629,ORD00011172,CUST000834,21/02/2022,Quality issue,2.36,0.4,Canada,West
RET001630,ORD00000569,CUST000655,15/07/2026,Wrong item,202.88,25.6,Canada,South
RET001631,ORD00000511,CUST000173,24/03/2023,Defective,241.31,5.49,Japan,East
RET001632,ORD00030351,CUST002622,31/07/2025,Changed mind,80.29,11.29,France,East
RET001633,ORD00029129,CUST000965,19/10/2020,Damage in shipping,189.36,30.41,Japan,West
RET001634,ORD00038983,CUST004631,04/11/2025,Damage in shipping,230.49,7.49,Japan,North
RET001635,ORD00031132,CUST003474,17/10/2026,Changed mind,84.54,3.19,Canada,South
RET001636,ORD00045569,CUST001236,06/07/2024,Better price found,10.84,1.46,UK,South
RET001637,ORD00032127,CUST001607,05/10/2022,No longer needed,78.5,7.6,Canada,North
RET001638,ORD00003399,CUST004630,02/03/2020,Defective,30.07,0.02,Australia,South
RET001639,ORD00034266,CUST000979,22/10/2021,Not as described,83.17,11.1,Germany,North
RET001640,ORD00039179,CUST003466,05/06/2022,No longer needed,7.73,0.97,Australia,East
RET001641,ORD00049604,CUST004630,20/03/2020,Better price found,85.45,12.07,Australia,South
RET001642,ORD00024636,CUST002075,24/10/2021,No longer needed,72.45,7.05,Canada,North
RET001643,ORD00025272,CUST004925,18/08/2026,Changed mind,446.14,69.04,Canada,North
RET001644,ORD00001666,CUST004776,19/10/2025,Better price found,102.01,15.47,UK,South
RET001645,ORD00023877,CUST000874,03/10/2020,Wrong item,61.79,7.83,France,South
RET001646,ORD00005334,CUST002797,09/07/2025,Defective,154.04,3.9,Japan,East
RET001647,ORD00007272,CUST001775,12/04/2023,Quality issue,121.96,10.42,Japan,Central
RET001648,ORD00018813,CUST000419,04/06/2020,No longer needed,165.28,20.48,Canada,South
RET001649,ORD00001037,CUST000622,11/11/2023,Damage in shipping,635.91,38.65,Germany,South
RET001650,ORD00035708,CUST002068,27/07/2024,No longer needed,86.14,0.28,UK,East
RET001651,ORD00038190,CUST003469,27/09/2020,Defective,13.98,0.49,Japan,West
RET001652,ORD00025991,CUST003991,15/07/2020,Changed mind,1.05,0.12,UK,North
RET001653,ORD00010531,CUST003596,05/04/2020,Damage in shipping,64.01,5.02,France,East
RET001654,ORD00000690,CUST004431,25/02/2026,Damage in shipping,96.8,9.45,Japan,North
RET001655,ORD00002684,CUST000469,29/12/2021,Changed mind,79.69,5.64,UK,North
RET001656,ORD00037947,CUST003140,24/01/2026,Not as described,661.81,27.51,UK,South
RET001657,ORD00041675,CUST002148,18/01/2026,Not as described,97.73,5.34,Germany,Central
RET001658,ORD00022174,CUST001092,28/05/2025,Not as described,24.75,0.7,Australia,West
RET001659,ORD00032194,CUST003438,30/06/2026,Not as described,995.62,83.81,UK,North
RET001660,ORD00042905,CUST001583,27/10/2022,Not as described,120.65,18.2,Canada,South
RET001661,ORD00011623,CUST002784,17/08/2023,Damage in shipping,77.07,7.72,USA,South
RET001662,ORD00024688,CUST001873,17/09/2020,No longer needed,7.61,0.05,Germany,Central
RET001663,ORD00024824,CUST000723,31/05/2021,No longer needed,42.5,4.29,USA,South
RET001664,ORD00040095,CUST000426,22/09/2023,No longer needed,58.94,7.05,USA,East
RET001665,ORD00009815,CUST000426,05/04/2022,Damage in shipping,64.95,10.23,USA,East
RET001666,ORD00044799,CUST003360,05/12/2025,Better price found,713.82,94.37,Japan,Central
RET001667,ORD00027644,CUST002359,20/11/2021,Not as described,312.78,23.7,India,North
RET001668,ORD00040816,CUST003342,02/10/2023,Defective,126.93,5.71,UK,North
RET001669,ORD00020002,CUST003931,10/03/2024,Better price found,18.11,1.96,USA,West
RET001670,ORD00023873,CUST000517,20/06/2020,Wrong item,144.47,12.44,UK,East
RET001671,ORD00014051,CUST004801,20/02/2022,Quality issue,62.98,8.57,Japan,North
RET001672,ORD00016397,CUST003821,15/05/2022,Not as described,261.1,33.48,Australia,Central
RET001673,ORD00014079,CUST002915,15/04/2021,Not as described,71.3,1.15,India,South
RET001674,ORD00005206,CUST002469,26/05/2025,Changed mind,558.82,81.04,Canada,North
RET001675,ORD00030361,CUST000954,27/09/2020,Quality issue,28.44,2.14,Germany,South
RET001676,ORD00010135,CUST000047,01/11/2021,Damage in shipping,38.27,3.69,Japan,Central
RET001677,ORD00020837,CUST002840,02/11/2022,No longer needed,317.89,44.5,USA,West
RET001678,ORD00008367,CUST002652,10/04/2026,No longer needed,106.62,18.48,Japan,North
RET001679,ORD00003545,CUST002141,10/09/2025,Changed mind,517.26,88.71,Australia,North
RET001680,ORD00004561,CUST000812,14/06/2020,Not as described,87.08,0.48,USA,Central
RET001681,ORD00042341,CUST004771,26/02/2024,Damage in shipping,347.78,22.88,UK,Central
RET001682,ORD00049504,CUST002048,12/06/2024,No longer needed,372.85,42.83,UK,East
RET001683,ORD00020177,CUST001529,22/10/2021,Damage in shipping,55.8,1.98,Australia,East
RET001684,ORD00002818,CUST000359,08/01/2022,Not as described,113.64,0.76,USA,East
RET001685,ORD00048906,CUST003428,05/12/2023,Wrong item,273.83,47.89,Canada,West
RET001686,ORD00020701,CUST004520,20/09/2021,Better price found,82.87,6.94,France,South
RET001687,ORD00026897,CUST002014,11/04/2022,Defective,60.77,0.3,France,South
RET001688,ORD00005286,CUST002546,01/01/2027,Changed mind,121.97,4.48,UK,Central
RET001689,ORD00041696,CUST004565,30/04/2025,Damage in shipping,269.98,36.08,Germany,West
RET001690,ORD00048092,CUST001378,28/04/2020,Changed mind,32.69,3.39,UK,North
RET001691,ORD00040673,CUST003382,11/07/2020,Damage in shipping,30.69,4.41,India,South
RET001692,ORD00005280,CUST000733,01/03/2022,Changed mind,18.26,0.44,UK,West
RET001693,ORD00045710,CUST004296,22/11/2020,Quality issue,108.74,4.31,Japan,West
RET001694,ORD00041957,CUST002070,17/09/2023,Better price found,10.53,0.86,France,North
RET001695,ORD00023908,CUST000139,14/12/2024,No longer needed,278.29,44.71,USA,East
RET001696,ORD00024514,CUST003237,10/10/2026,No longer needed,240.54,18.29,India,East
RET001697,ORD00006290,CUST002406,15/02/2021,Damage in shipping,26.55,0.86,Canada,East
RET001698,ORD00048739,CUST001669,09/02/2021,Defective,67.62,10.05,USA,Central
RET001699,ORD00012360,CUST001107,20/09/2020,Changed mind,77.86,6.88,Australia,Central
RET001700,ORD00018600,CUST002930,07/01/2026,Changed mind,196.33,24.51,France,Central
RET001701,ORD00010082,CUST003811,29/04/2022,Wrong item,87.94,5.37,USA,North
RET001702,ORD00047494,CUST004247,01/05/2022,Wrong item,0.87,0.1,Japan,North
RET001703,ORD00001985,CUST002849,19/08/2023,Better price found,99.53,17.56,India,South
RET001704,ORD00026622,CUST000960,08/04/2023,No longer needed,216.58,26.61,India,South
RET001705,ORD00026150,CUST000805,01/06/2023,No longer needed,44.7,5.75,USA,East
RET001706,ORD00020693,CUST001580,31/07/2022,Better price found,223.87,18.35,Germany,East
RET001707,ORD00048341,CUST003995,18/03/2025,No longer needed,0.86,0.04,India,South
RET001708,ORD00014503,CUST003323,11/04/2024,Quality issue,243.77,23.62,UK,East
RET001709,ORD00017587,CUST003551,21/09/2026,Defective,170.25,17.93,Germany,South
RET001710,ORD00019202,CUST004696,23/10/2021,Quality issue,40.69,1.82,France,West
RET001711,ORD00039218,CUST001693,16/09/2023,Not as described,38.69,4.21,UK,West
RET001712,ORD00015744,CUST004212,06/11/2024,Not as described,212.1,11.09,India,East
RET001713,ORD00009883,CUST001154,19/05/2025,Damage in shipping,183.78,35.11,USA,South
RET001714,ORD00009342,CUST004476,10/06/2022,Defective,15.22,0.08,Germany,West
RET001715,ORD00019262,CUST001138,22/06/2022,No longer needed,61.97,2.52,Germany,East
RET001716,ORD00037518,CUST004223,01/05/2025,No longer needed,456.15,70.53,Germany,East
RET001717,ORD00015224,CUST004692,26/11/2024,Better price found,647.73,107.88,France,North
RET001718,ORD00025883,CUST002371,27/06/2026,Not as described,89.98,1.31,Germany,North
RET001719,ORD00011726,CUST002431,17/01/2023,Damage in shipping,73.71,8.02,Japan,East
RET001720,ORD00020599,CUST003575,25/12/2026,Defective,15.46,2.32,Japan,North
RET001721,ORD00008146,CUST001853,11/03/2022,Not as described,78.34,1.19,Japan,East
RET001722,ORD00036656,CUST002603,29/08/2026,Changed mind,121.73,14.95,USA,South
RET001723,ORD00020081,CUST003759,13/07/2026,Damage in shipping,377.64,70.41,Germany,South
RET001724,ORD00006233,CUST003930,09/07/2026,No longer needed,323.16,31.16,France,Central
RET001725,ORD00009887,CUST004235,12/09/2024,Quality issue,118.59,18.84,Australia,West
RET001726,ORD00007457,CUST003729,11/06/2024,Better price found,65.83,0.61,Japan,South
RET001727,ORD00018433,CUST001510,11/11/2024,Better price found,671.55,55.92,USA,South
RET001728,ORD00015729,CUST002920,15/05/2021,Better price found,43.72,4.45,Canada,Central
RET001729,ORD00008318,CUST001254,15/07/2026,Defective,401.34,60,UK,North
RET001730,ORD00031027,CUST002436,24/07/2023,No longer needed,67.59,3.25,India,South
RET001731,ORD00041471,CUST001938,12/09/2020,Defective,152.28,20.01,India,West
RET001732,ORD00048180,CUST000307,24/05/2021,Damage in shipping,41.82,6.57,UK,West
RET001733,ORD00019835,CUST001891,27/06/2023,Damage in shipping,76.41,10.64,France,South
RET001734,ORD00002669,CUST004460,10/03/2026,Not as described,204.22,1.16,Canada,Central
RET001735,ORD00022296,CUST001994,08/08/2024,Better price found,282.7,11.3,Australia,North
RET001736,ORD00023543,CUST000100,02/01/2024,Not as described,597.54,11.67,USA,North
RET001737,ORD00040466,CUST002575,20/07/2023,Defective,34.88,4.22,India,Central
RET001738,ORD00027674,CUST003478,01/11/2020,Changed mind,72.68,4.91,UK,West
RET001739,ORD00029021,CUST003969,04/09/2024,Damage in shipping,298.79,37.39,Australia,West
RET001740,ORD00047532,CUST004566,15/04/2022,Defective,29.22,2.36,India,East
RET001741,ORD00024132,CUST001490,23/09/2022,Wrong item,239.83,30.42,Australia,South
RET001742,ORD00004591,CUST004079,20/12/2022,Wrong item,14.05,2.2,Canada,East
RET001743,ORD00035639,CUST002477,23/11/2024,No longer needed,19.68,0.52,Germany,South
RET001744,ORD00035315,CUST004314,17/12/2024,Changed mind,79.92,5.68,USA,South
RET001745,ORD00042207,CUST000475,25/05/2025,Not as described,156.25,11.94,Germany,Central
RET001746,ORD00016919,CUST002875,23/07/2022,Quality issue,113.01,7.45,Japan,South
RET001747,ORD00022911,CUST001341,09/03/2021,Quality issue,31.32,5.34,USA,West
RET001748,ORD00031714,CUST004952,30/12/2026,Not as described,930.62,78.59,Australia,East
RET001749,ORD00017087,CUST001419,06/07/2024,Changed mind,513.68,95.4,Japan,South
RET001750,ORD00021116,CUST001111,07/07/2026,Quality issue,14.68,0.65,India,East
RET001751,ORD00038991,CUST004866,25/02/2025,Damage in shipping,382.98,57.69,USA,Central
RET001752,ORD00002023,CUST003248,14/09/2024,Not as described,494.9,28.27,Japan,East
RET001753,ORD00039120,CUST003217,09/10/2024,Defective,70.39,1.13,Germany,South
RET001754,ORD00012255,CUST004744,02/04/2026,Changed mind,516.49,1.08,Germany,North
RET001755,ORD00030371,CUST002026,31/12/2024,Defective,34.78,1.43,Australia,South
RET001756,ORD00007299,CUST003898,13/05/2020,Defective,39.12,2.69,India,North
RET001757,ORD00006784,CUST004288,20/07/2024,No longer needed,656.71,30.49,France,West
RET001758,ORD00046738,CUST002072,21/10/2024,No longer needed,117.63,15.97,Japan,West
RET001759,ORD00031590,CUST003055,13/06/2020,Quality issue,9.81,0.43,Australia,South
RET001760,ORD00026086,CUST002739,05/07/2026,No longer needed,9.99,1.42,France,North
RET001761,ORD00007610,CUST000188,02/07/2022,Damage in shipping,71.1,10.76,India,Central
RET001762,ORD00027772,CUST001177,10/04/2020,Changed mind,121.09,5.42,India,West
RET001763,ORD00030226,CUST002908,24/07/2023,Changed mind,6.23,0.65,Canada,South
RET001764,ORD00034007,CUST003543,29/06/2022,No longer needed,151.45,22.48,Canada,West
RET001765,ORD00013358,CUST001600,05/01/2025,Better price found,98.16,4.78,UK,West
RET001766,ORD00041247,CUST002150,02/12/2026,No longer needed,308.58,50.91,Germany,East
RET001767,ORD00049225,CUST000140,19/05/2025,No longer needed,415.76,47,Australia,North
RET001768,ORD00022602,CUST003883,18/03/2023,Quality issue,164.87,13.89,Germany,East
RET001769,ORD00009086,CUST004048,13/01/2024,Better price found,94.72,1.68,Canada,East
RET001770,ORD00003866,CUST000879,08/06/2026,No longer needed,278.06,1.68,USA,North
RET001771,ORD00019401,CUST003201,07/06/2022,Wrong item,182.89,28.49,UK,North
RET001772,ORD00049526,CUST004119,08/10/2021,Better price found,278.22,19.29,Germany,North
RET001773,ORD00015354,CUST003148,23/03/2021,Damage in shipping,104.06,0.33,Japan,West
RET001774,ORD00006027,CUST002524,01/08/2024,Wrong item,48.77,4.69,France,North
RET001775,ORD00028265,CUST003473,10/07/2023,Defective,255.99,24.03,USA,West
RET001776,ORD00043942,CUST003594,17/02/2021,Better price found,58.76,6.17,India,East
RET001777,ORD00020165,CUST004486,23/06/2026,Changed mind,222.57,23.46,India,South
RET001778,ORD00009254,CUST004159,22/11/2020,Not as described,168.14,3.47,Canada,East
RET001779,ORD00043639,CUST001710,04/03/2023,Damage in shipping,133.6,1.81,France,North
RET001780,ORD00049656,CUST000935,24/08/2026,Better price found,1277.74,184.49,Canada,North
RET001781,ORD00019993,CUST004008,07/10/2023,Defective,62.64,4.37,Australia,South
RET001782,ORD00030868,CUST001470,12/06/2025,Changed mind,104.98,9.19,UK,Central
RET001783,ORD00001670,CUST002486,20/06/2026,Not as described,10.96,1.33,Germany,East
RET001784,ORD00048800,CUST004856,01/09/2021,No longer needed,842.56,8.65,Australia,West
RET001785,ORD00020939,CUST000869,22/05/2025,Damage in shipping,111.95,2.18,Australia,North
RET001786,ORD00037685,CUST002200,02/06/2025,Better price found,315.91,1.43,India,Central
RET001787,ORD00028632,CUST001548,10/02/2021,Damage in shipping,66.3,9.47,France,South
RET001788,ORD00013292,CUST004951,10/05/2025,Defective,693.54,68.1,Australia,South
RET001789,ORD00012191,CUST003051,13/12/2022,Not as described,52.51,6.33,Australia,Central
RET001790,ORD00021217,CUST002920,25/11/2026,Wrong item,110.73,20.49,Canada,Central
RET001791,ORD00002412,CUST004584,06/05/2023,No longer needed,141.22,6.98,Canada,West
RET001792,ORD00039545,CUST004591,13/01/2021,Wrong item,38.96,0.69,Australia,East
RET001793,ORD00003101,CUST002665,16/02/2026,Better price found,2.68,0.37,Germany,East
RET001794,ORD00011427,CUST003700,12/12/2020,Wrong item,26.73,3.86,Canada,Central
RET001795,ORD00017108,CUST001747,17/02/2022,No longer needed,242.97,18.86,Australia,Central
RET001796,ORD00047171,CUST003268,20/11/2026,No longer needed,224.2,5.04,Canada,North
RET001797,ORD00031499,CUST000562,29/03/2020,Wrong item,114.79,5.99,Japan,Central
RET001798,ORD00031820,CUST002211,16/07/2020,Defective,42.58,6.86,UK,North
RET001799,ORD00008132,CUST001638,15/05/2023,Wrong item,7.58,0.24,Japan,West
RET001800,ORD00018937,CUST003242,24/12/2026,Wrong item,44.78,5.99,USA,West
RET001801,ORD00044988,CUST003415,24/09/2025,Not as described,179.25,28.04,France,South
RET001802,ORD00016517,CUST001018,21/11/2020,No longer needed,8.56,1.47,France,East
RET001803,ORD00048926,CUST004276,31/01/2021,Better price found,9.15,0.95,Australia,East
RET001804,ORD00035687,CUST003717,28/11/2024,Damage in shipping,87.99,8.8,France,Central
RET001805,ORD00027105,CUST003494,27/11/2023,Not as described,98.03,3.79,France,West
RET001806,ORD00000246,CUST004450,31/10/2021,No longer needed,237.79,21.07,France,West
RET001807,ORD00008014,CUST002235,28/07/2022,Not as described,63.52,3.8,USA,East
RET001808,ORD00024737,CUST000950,06/02/2024,Better price found,113.14,0.8,USA,West
RET001809,ORD00010536,CUST003897,25/04/2022,Defective,4.25,0.46,Australia,Central
RET001810,ORD00032097,CUST003314,05/08/2020,No longer needed,1.21,0.08,Germany,Central
RET001811,ORD00042716,CUST003359,20/11/2023,Quality issue,227.34,3.98,USA,Central
RET001812,ORD00031729,CUST001048,26/12/2023,Better price found,195.06,13.87,UK,West
RET001813,ORD00042578,CUST000426,05/06/2024,Not as described,17.56,2.68,USA,East
RET001814,ORD00028564,CUST004624,30/05/2025,Damage in shipping,189.74,25.48,India,South
RET001815,ORD00010625,CUST004179,30/01/2026,Damage in shipping,244.33,4.26,Japan,Central
RET001816,ORD00049358,CUST002638,31/08/2021,Not as described,111.96,18.34,Australia,South
RET001817,ORD00004992,CUST001155,28/12/2026,Wrong item,144.39,9.59,USA,West
RET001818,ORD00043102,CUST003278,18/10/2023,Defective,242.43,36.92,Australia,Central
RET001819,ORD00027303,CUST001803,12/05/2026,Not as described,307.89,27.52,Germany,South
RET001820,ORD00036438,CUST003268,27/10/2026,No longer needed,26.04,1.94,Canada,North
RET001821,ORD00002980,CUST004331,30/05/2022,Better price found,69.13,9.06,Australia,Central
RET001822,ORD00007453,CUST001017,10/07/2025,Wrong item,296.3,38.67,Germany,Central
RET001823,ORD00036994,CUST003729,30/03/2022,Changed mind,5.33,0.34,Japan,South
RET001824,ORD00006488,CUST001085,13/08/2021,Wrong item,39.4,7.61,UK,Central
RET001825,ORD00042934,CUST002899,11/01/2022,No longer needed,110.1,6.52,France,South
RET001826,ORD00005331,CUST001283,19/06/2022,Changed mind,192.67,35.15,India,Central
RET001827,ORD00023089,CUST001943,09/01/2025,Defective,281.58,30.19,India,North
RET001828,ORD00037486,CUST003991,08/12/2025,Not as described,941.16,3.61,UK,North
RET001829,ORD00048400,CUST002087,25/03/2021,Quality issue,18.26,2.33,Canada,East
RET001830,ORD00024124,CUST003560,29/10/2022,Not as described,199.6,29.25,Japan,North
RET001831,ORD00034829,CUST002552,03/08/2026,Not as described,61.53,5.43,Australia,West
RET001832,ORD00010265,CUST000800,02/01/2023,Defective,0.06,0.01,Japan,South
RET001833,ORD00008247,CUST003871,18/08/2020,Wrong item,22.36,1.62,UK,North
RET001834,ORD00028700,CUST004226,07/10/2023,Damage in shipping,97.88,9.2,Australia,West
RET001835,ORD00031923,CUST001413,14/12/2021,No longer needed,372.59,12.24,France,Central
RET001836,ORD00039975,CUST003309,02/01/2025,No longer needed,902.07,126.89,India,North
RET001837,ORD00037245,CUST003163,09/05/2025,Damage in shipping,81.86,5.99,USA,North
RET001838,ORD00030996,CUST001083,02/12/2020,Changed mind,1.64,0.01,Germany,Central
RET001839,ORD00005289,CUST000435,24/02/2024,Changed mind,212.23,18.22,Germany,West
RET001840,ORD00037743,CUST001736,11/09/2022,Not as described,305.39,8.14,USA,West
RET001841,ORD00036997,CUST003836,14/02/2025,No longer needed,20.13,1.91,Australia,South
RET001842,ORD00025118,CUST003247,17/11/2023,Defective,97.91,2.25,India,North
RET001843,ORD00032816,CUST003287,03/05/2023,Quality issue,208.04,2.43,India,East
RET001844,ORD00040478,CUST000188,22/09/2021,Better price found,41.44,6.03,India,Central
RET001845,ORD00026893,CUST003276,21/05/2025,Damage in shipping,60.02,10.44,UK,East
RET001846,ORD00005993,CUST002519,02/07/2023,Defective,16.47,0.1,France,South
RET001847,ORD00001884,CUST003411,25/03/2022,No longer needed,15.35,2.3,Australia,Central
RET001848,ORD00000046,CUST003126,12/03/2021,Defective,103.27,14.94,Germany,South
RET001849,ORD00012393,CUST001407,23/01/2020,Not as described,35.07,2.24,Australia,East
RET001850,ORD00023043,CUST001695,23/02/2022,No longer needed,213.58,5.44,USA,South
RET001851,ORD00008523,CUST003614,01/02/2026,Wrong item,6.07,0.5,Japan,Central
RET001852,ORD00000579,CUST004633,04/06/2022,Not as described,295.93,6.67,USA,East
RET001853,ORD00024355,CUST000396,23/02/2021,Wrong item,9.57,0.45,Australia,East
RET001854,ORD00041125,CUST001075,01/06/2020,Better price found,36.61,5.71,Germany,South
RET001855,ORD00006427,CUST002416,16/03/2025,Better price found,496.31,73.18,USA,Central
RET001856,ORD00002692,CUST000287,08/10/2020,No longer needed,287.13,35.11,Canada,North
RET001857,ORD00036209,CUST003435,17/07/2026,Damage in shipping,35.4,5.29,France,Central
RET001858,ORD00022774,CUST001330,19/01/2021,Not as described,217.47,18.52,India,West
RET001859,ORD00008704,CUST004934,15/09/2022,Changed mind,48.32,6.73,Japan,South
RET001860,ORD00044049,CUST002758,05/02/2026,Changed mind,386.07,37.02,USA,South
RET001861,ORD00004830,CUST001961,13/11/2020,Damage in shipping,99.92,1.12,France,South
RET001862,ORD00040381,CUST000091,09/03/2022,No longer needed,212.82,4.41,Canada,Central
RET001863,ORD00030630,CUST003457,13/07/2026,Quality issue,180.54,13.66,Australia,North
RET001864,ORD00029759,CUST000765,01/12/2026,Not as described,184.77,33.36,Canada,Central
RET001865,ORD00009850,CUST000527,13/08/2024,Defective,21.24,2.27,Canada,Central
RET001866,ORD00022147,CUST002904,15/10/2025,Defective,303.96,45.38,India,South
RET001867,ORD00028991,CUST003763,06/07/2020,No longer needed,16.9,1.59,Germany,Central
RET001868,ORD00013773,CUST003824,24/12/2024,No longer needed,166.36,19.07,Canada,West
RET001869,ORD00032605,CUST003172,13/05/2024,Quality issue,224.01,29.13,USA,South
RET001870,ORD00043231,CUST002105,08/04/2024,Defective,591.12,29.13,India,East
RET001871,ORD00008395,CUST003307,27/01/2022,Better price found,292.2,3.41,UK,Central
RET001872,ORD00011712,CUST003142,26/04/2022,Damage in shipping,398.79,23.02,Japan,Central
RET001873,ORD00024442,CUST003599,21/07/2026,Defective,110.22,13.5,Australia,West
RET001874,ORD00017911,CUST004288,24/04/2021,Quality issue,10.95,0.29,France,West
RET001875,ORD00043069,CUST002979,11/07/2023,Changed mind,154.4,0.41,Australia,North
RET001876,ORD00018447,CUST004555,06/08/2025,No longer needed,40.3,0.01,Germany,South
RET001877,ORD00036749,CUST004189,07/11/2022,Quality issue,354.58,43.29,India,Central
RET001878,ORD00007831,CUST002927,30/11/2023,No longer needed,312.17,40.21,France,West
RET001879,ORD00048434,CUST004340,10/05/2021,Quality issue,48.66,2.12,India,North
RET001880,ORD00046543,CUST000083,25/12/2024,Defective,236.17,7.27,India,North
RET001881,ORD00009642,CUST001341,16/10/2022,Better price found,25.89,1.24,USA,West
RET001882,ORD00025369,CUST000220,29/04/2023,Quality issue,337.05,20.34,USA,Central
RET001883,ORD00010045,CUST002375,10/11/2026,Quality issue,0.4,0.01,Canada,North
RET001884,ORD00014705,CUST002233,15/07/2025,Wrong item,366.64,63,USA,Central
RET001885,ORD00011749,CUST002956,06/03/2024,No longer needed,398.08,29.53,Japan,East
RET001886,ORD00038931,CUST000793,20/02/2022,Quality issue,173.37,8.09,Australia,Central
RET001887,ORD00036714,CUST000822,03/12/2020,Wrong item,115.84,9.06,Germany,North
RET001888,ORD00011545,CUST002374,02/05/2020,Defective,141.37,10.36,USA,North
RET001889,ORD00047372,CUST004365,28/09/2022,Defective,145.71,5.16,France,Central
RET001890,ORD00032951,CUST004757,26/08/2025,Damage in shipping,309.21,31.69,Germany,Central
RET001891,ORD00011021,CUST004179,21/05/2021,Quality issue,77.91,7.53,Japan,Central
RET001892,ORD00038329,CUST002402,18/01/2027,Changed mind,1114.83,3.7,India,Central
RET001893,ORD00017126,CUST000432,24/01/2026,Changed mind,23.81,4.18,India,Central
RET001894,ORD00043547,CUST002432,09/04/2025,No longer needed,305.16,52.38,Australia,East
RET001895,ORD00014140,CUST002826,06/11/2026,Better price found,287.94,25.81,USA,Central
RET001896,ORD00044508,CUST003004,01/11/2022,No longer needed,168.16,24.82,UK,Central
RET001897,ORD00012230,CUST004377,28/02/2025,No longer needed,531.56,54.86,Japan,West
RET001898,ORD00014697,CUST001167,06/08/2024,Damage in shipping,357.34,71.66,Japan,Central
RET001899,ORD00046585,CUST001414,12/03/2024,No longer needed,4.32,0.5,Germany,South
RET001900,ORD00019625,CUST003188,05/05/2022,Defective,81.08,8.86,Australia,Central
RET001901,ORD00002770,CUST002700,24/01/2023,Damage in shipping,103.9,16,UK,Central
RET001902,ORD00007480,CUST002169,18/05/2022,Not as described,413.61,44.17,UK,North
RET001903,ORD00044793,CUST003525,26/06/2026,Not as described,83.32,6.43,Germany,North
RET001904,ORD00014455,CUST004649,31/12/2020,Better price found,302.78,20.14,India,East
RET001905,ORD00048805,CUST003683,02/03/2020,Wrong item,14.46,0.78,Japan,East
RET001906,ORD00033239,CUST002042,19/04/2023,Not as described,85.19,3.92,Canada,North
RET001907,ORD00043183,CUST001429,06/01/2022,Changed mind,230.17,18.95,India,West
RET001908,ORD00035239,CUST002751,15/08/2022,Better price found,86.26,8.46,Canada,South
RET001909,ORD00045512,CUST004929,04/02/2024,Better price found,21.38,0.98,Japan,South
RET001910,ORD00012517,CUST004877,16/04/2021,Better price found,32.31,3.25,UK,West
RET001911,ORD00046495,CUST003558,25/09/2026,Quality issue,34.82,5.37,Japan,East
RET001912,ORD00002232,CUST004514,17/12/2021,Changed mind,256.5,29.29,UK,South
RET001913,ORD00007972,CUST002481,20/04/2023,Not as described,12.42,1.26,Australia,South
RET001914,ORD00027156,CUST000545,03/04/2023,Defective,310.28,28.51,Germany,East
RET001915,ORD00048773,CUST000337,22/02/2020,No longer needed,368.56,9.29,India,West
RET001916,ORD00044816,CUST002600,28/07/2023,Wrong item,102.33,6.16,Japan,East
RET001917,ORD00024771,CUST002342,29/12/2026,Better price found,46.64,6.95,Australia,West
RET001918,ORD00031277,CUST002213,10/01/2025,Not as described,244.04,6.5,USA,Central
RET001919,ORD00049473,CUST004023,23/06/2026,Not as described,432.62,21.95,Australia,East
RET001920,ORD00023381,CUST000234,06/01/2026,No longer needed,85.01,0.71,Germany,North
RET001921,ORD00038299,CUST000489,06/03/2020,Wrong item,143.12,15.54,Australia,South
RET001922,ORD00043315,CUST003131,04/02/2023,Damage in shipping,27.7,1.8,France,East
RET001923,ORD00021250,CUST002683,26/05/2026,Better price found,106.44,9.42,USA,West
RET001924,ORD00026444,CUST002297,23/06/2023,Better price found,46.86,2.26,USA,Central
RET001925,ORD00007182,CUST002779,27/07/2020,Changed mind,77.86,9.88,India,Central
RET001926,ORD00011089,CUST003938,03/09/2024,Quality issue,100.67,2.81,UK,East
RET001927,ORD00001360,CUST002204,23/01/2025,No longer needed,274.39,43.57,USA,East
RET001928,ORD00047945,CUST000037,28/02/2022,No longer needed,95.79,9.12,France,South
RET001929,ORD00036753,CUST002642,24/06/2021,Wrong item,54.08,5.52,Australia,North
RET001930,ORD00043832,CUST004763,11/08/2021,Defective,262.23,47.34,Germany,West
RET001931,ORD00004567,CUST001439,25/06/2026,Better price found,31.09,3.41,USA,North
RET001932,ORD00022269,CUST000639,14/04/2023,Not as described,156.23,0.59,USA,South
RET001933,ORD00001236,CUST004870,29/12/2021,Quality issue,19.96,2.66,Australia,West
RET001934,ORD00013535,CUST004079,17/05/2020,Changed mind,137.09,3.02,Canada,East
RET001935,ORD00015043,CUST000030,30/06/2025,Quality issue,12.81,0.7,Japan,North
RET001936,ORD00017687,CUST001647,28/05/2020,Damage in shipping,111.37,3.31,Japan,South
RET001937,ORD00045265,CUST001019,18/03/2022,Defective,11.04,0.92,Australia,North
RET001938,ORD00032931,CUST002384,24/04/2026,Quality issue,2.97,0.43,Canada,North
RET001939,ORD00000248,CUST001440,13/04/2024,No longer needed,66.64,7.65,India,East
RET001940,ORD00049553,CUST000405,16/12/2020,Defective,49.67,1.04,Japan,North
RET001941,ORD00013297,CUST002446,10/06/2025,Quality issue,44.13,4.19,Germany,North
RET001942,ORD00010732,CUST001311,23/08/2022,Defective,323.13,56.88,Japan,East
RET001943,ORD00031278,CUST000273,05/04/2026,No longer needed,103.85,8.27,India,East
RET001944,ORD00029858,CUST000687,09/09/2021,Wrong item,73.66,13.73,Canada,East
RET001945,ORD00013424,CUST000333,12/02/2026,Quality issue,60.54,7.85,USA,North
RET001946,ORD00017543,CUST000367,19/10/2020,Damage in shipping,180.58,8.78,Canada,South
RET001947,ORD00020984,CUST003294,02/04/2024,Better price found,17.13,0.21,UK,South
RET001948,ORD00025187,CUST000942,15/07/2026,Better price found,406.74,31.17,India,Central
RET001949,ORD00013379,CUST000252,07/10/2022,Damage in shipping,37.37,5.02,Germany,South
RET001950,ORD00015432,CUST004860,04/06/2020,Better price found,192.18,9.48,Japan,South
RET001951,ORD00018124,CUST002038,03/07/2020,Wrong item,26.41,3.13,Canada,South
RET001952,ORD00006430,CUST004050,26/02/2023,No longer needed,358.84,27.31,India,North
RET001953,ORD00024742,CUST003909,16/01/2026,Damage in shipping,158.54,20.11,Germany,Central
RET001954,ORD00042965,CUST001405,18/10/2022,No longer needed,333.9,43.48,France,West
RET001955,ORD00034585,CUST004127,08/09/2020,Quality issue,437.42,64.13,France,West
RET001956,ORD00035478,CUST004483,07/11/2023,Damage in shipping,141.19,15.59,Germany,North
RET001957,ORD00037883,CUST001228,09/02/2026,No longer needed,43.01,0.71,UK,Central
RET001958,ORD00033662,CUST000972,10/08/2025,Wrong item,99.19,8.73,Canada,Central
RET001959,ORD00023145,CUST003145,12/09/2020,No longer needed,45.87,3.54,Canada,East
RET001960,ORD00044872,CUST002962,16/03/2022,No longer needed,14.98,0.25,France,North
RET001961,ORD00001973,CUST004993,07/08/2023,Not as described,257.71,17.46,Australia,West
RET001962,ORD00018195,CUST002824,18/11/2021,Not as described,117.23,6.09,Australia,North
RET001963,ORD00040063,CUST002239,07/06/2025,No longer needed,427.82,5.1,Australia,West
RET001964,ORD00017302,CUST002735,21/09/2020,Quality issue,8.07,1.07,Japan,South
RET001965,ORD00040146,CUST000504,04/01/2024,Not as described,550.62,74.07,Japan,South
RET001966,ORD00001320,CUST004941,13/09/2020,No longer needed,57.17,6.46,USA,East
RET001967,ORD00046212,CUST002482,21/07/2025,Quality issue,217.05,16.26,India,North
RET001968,ORD00012775,CUST004861,16/09/2025,Damage in shipping,52.98,3.82,USA,West
RET001969,ORD00041977,CUST001643,13/03/2021,Damage in shipping,167.62,6.45,UK,South
RET001970,ORD00044779,CUST001108,05/08/2024,Wrong item,111.58,9.09,Australia,North
RET001971,ORD00040849,CUST003164,30/12/2021,Quality issue,35.02,5.1,Germany,East
RET001972,ORD00028321,CUST004648,26/01/2023,Changed mind,113.73,5.03,Germany,Central
RET001973,ORD00023650,CUST002248,31/08/2022,Not as described,22.93,0.29,Canada,West
RET001974,ORD00035874,CUST000858,23/03/2021,No longer needed,56.21,5.96,Australia,East
RET001975,ORD00021536,CUST003235,02/09/2026,Damage in shipping,106.86,10.75,UK,South
RET001976,ORD00002703,CUST001063,06/07/2020,Changed mind,9.26,1.2,Germany,Central
RET001977,ORD00037359,CUST004637,08/09/2020,Better price found,53.19,4.88,USA,North
RET001978,ORD00011360,CUST004133,16/03/2026,Quality issue,353.87,35.33,Japan,Central
RET001979,ORD00010634,CUST004497,08/09/2024,Wrong item,425.62,28.06,USA,South
RET001980,ORD00029954,CUST000257,01/05/2020,Quality issue,28.69,3.33,Japan,East
RET001981,ORD00020199,CUST000099,07/08/2026,Changed mind,811.59,65.86,Canada,East
RET001982,ORD00027588,CUST002825,04/10/2023,Wrong item,12.27,1.11,France,North
RET001983,ORD00019555,CUST004373,17/10/2023,Wrong item,65.58,8.43,Australia,South
RET001984,ORD00044209,CUST003292,29/05/2023,Defective,301.73,40.36,UK,East
RET001985,ORD00036621,CUST001861,13/07/2022,Wrong item,185.55,25.42,UK,North
RET001986,ORD00027140,CUST001341,29/01/2021,Not as described,156.2,30.75,USA,West
RET001987,ORD00003106,CUST000612,18/04/2025,Damage in shipping,94.9,5.73,India,North
RET001988,ORD00030633,CUST004563,28/02/2025,Defective,247.63,15.99,Japan,West
RET001989,ORD00044163,CUST004573,27/08/2021,Not as described,139.19,19.12,Japan,Central
RET001990,ORD00033267,CUST001859,17/01/2021,Changed mind,80.83,5.72,Japan,Central
RET001991,ORD00021363,CUST002121,24/09/2024,Damage in shipping,671.65,45.86,Australia,Central
RET001992,ORD00000916,CUST001056,09/04/2023,Defective,28.01,0.5,Australia,Central
RET001993,ORD00036150,CUST001612,06/06/2025,Damage in shipping,747,78.73,USA,North
RET001994,ORD00022623,CUST002534,06/02/2025,Not as described,20.89,3.32,USA,South
RET001995,ORD00026630,CUST004412,28/05/2022,Defective,102.95,13.68,USA,West
RET001996,ORD00006544,CUST002768,01/08/2024,Quality issue,108.71,9.94,Germany,West
RET001997,ORD00040695,CUST003912,15/10/2021,Damage in shipping,121.25,0.22,Australia,North
RET001998,ORD00038271,CUST004649,16/09/2023,Defective,14.89,2.31,India,East
RET001999,ORD00028486,CUST002744,02/04/2021,No longer needed,242.15,20.3,UK,South
RET002000,ORD00021617,CUST002363,13/07/2024,Better price found,161.81,9.36,USA,West
RET002001,ORD00008212,CUST004094,06/05/2022,Better price found,57.95,9.28,Canada,South
RET002002,ORD00026234,CUST003604,20/08/2021,Changed mind,75.17,7.23,Japan,North
RET002003,ORD00036582,CUST003450,24/02/2026,Better price found,56.33,4.35,France,East
RET002004,ORD00045460,CUST001700,31/01/2023,Not as described,69.91,11.93,UK,Central
RET002005,ORD00014187,CUST001521,04/07/2020,Damage in shipping,168.17,6.03,France,West
RET002006,ORD00021538,CUST002370,03/06/2022,Damage in shipping,308.84,21.1,Japan,Central
RET002007,ORD00010763,CUST000590,01/12/2022,Better price found,233.67,5.46,Canada,North
RET002008,ORD00006694,CUST003061,18/10/2026,Damage in shipping,8.04,0.5,France,East
RET002009,ORD00018820,CUST002282,05/09/2024,Changed mind,335.34,50.09,UK,West
RET002010,ORD00005062,CUST004553,19/12/2022,Not as described,472.38,4.02,Australia,South
RET002011,ORD00015183,CUST001787,25/01/2025,Quality issue,6.81,1.06,Canada,Central
RET002012,ORD00011378,CUST001225,21/03/2024,Damage in shipping,27.4,1.69,France,North
RET002013,ORD00033531,CUST003407,16/09/2026,Defective,118.7,4.15,Australia,North
RET002014,ORD00030262,CUST001144,19/01/2021,No longer needed,63.39,1.38,Japan,West
RET002015,ORD00009580,CUST000715,14/09/2021,Wrong item,280.45,30.54,Germany,East
RET002016,ORD00008571,CUST004157,07/08/2024,Quality issue,361.99,23.04,India,South
RET002017,ORD00032817,CUST003378,28/01/2020,Better price found,87.71,11.93,USA,East
RET002018,ORD00027703,CUST004582,20/04/2026,Changed mind,431.63,24.38,Australia,South
RET002019,ORD00022240,CUST001650,26/05/2023,Better price found,144.17,15.9,Germany,West
RET002020,ORD00045725,CUST004377,27/07/2022,Damage in shipping,136.21,9.26,Japan,West
RET002021,ORD00021311,CUST004498,27/03/2026,No longer needed,224.14,0.42,UK,North
RET002022,ORD00007521,CUST003476,27/01/2025,Damage in shipping,80.44,16.75,Japan,East
RET002023,ORD00047648,CUST001650,25/08/2025,Defective,371.93,8.24,Germany,West
RET002024,ORD00038054,CUST003684,06/08/2025,Defective,92.58,19,Japan,West
RET002025,ORD00010902,CUST002749,15/11/2026,Defective,272.06,40.82,USA,West
RET002026,ORD00014493,CUST003116,20/04/2021,No longer needed,27,1.67,Australia,North
RET002027,ORD00004425,CUST000830,02/02/2022,No longer needed,148.22,11.38,UK,West
RET002028,ORD00035145,CUST001439,30/08/2025,Better price found,540.77,56.72,USA,North
RET002029,ORD00021581,CUST003952,15/09/2022,Quality issue,1385.48,72.65,Germany,West
RET002030,ORD00046898,CUST000284,17/10/2026,Quality issue,40.12,2.08,Australia,West
RET002031,ORD00048419,CUST004570,19/12/2025,Changed mind,548.38,56.13,USA,Central
RET002032,ORD00003234,CUST002348,27/06/2026,Damage in shipping,1015.51,39.18,USA,North
RET002033,ORD00023571,CUST002428,06/01/2027,Defective,6.86,0.84,Australia,East
RET002034,ORD00016389,CUST000925,13/12/2025,No longer needed,180.24,7.64,UK,East
RET002035,ORD00006853,CUST003415,16/02/2024,No longer needed,211.71,18.59,France,South
RET002036,ORD00007686,CUST001486,15/06/2022,Not as described,304.8,16.2,USA,East
RET002037,ORD00020020,CUST003215,14/06/2022,Changed mind,926.61,42.88,India,East
RET002038,ORD00006185,CUST003819,28/03/2025,Better price found,507.4,23.06,Australia,North
RET002039,ORD00004850,CUST000147,22/10/2026,Wrong item,352.41,54.51,Japan,North
RET002040,ORD00035690,CUST001108,06/09/2021,Defective,32.62,2.39,Australia,North
RET002041,ORD00049382,CUST002920,24/01/2026,Wrong item,139.12,18.98,Canada,Central
RET002042,ORD00023769,CUST001315,02/10/2026,Quality issue,489.57,40.13,Germany,West
RET002043,ORD00040309,CUST004438,02/08/2024,Quality issue,337.38,2.3,USA,Central
RET002044,ORD00025857,CUST004136,16/06/2023,Not as described,416.07,10.53,UK,North
RET002045,ORD00043127,CUST000114,27/04/2024,Quality issue,48.38,2.55,Australia,East
RET002046,ORD00015146,CUST002684,26/03/2023,Not as described,10.8,1.91,Canada,West
RET002047,ORD00028032,CUST001328,12/01/2027,Wrong item,679.56,85.69,UK,Central
RET002048,ORD00021076,CUST001582,02/05/2021,Not as described,109.26,11.05,USA,Central
RET002049,ORD00031291,CUST003729,16/02/2021,No longer needed,53.22,5.37,Japan,South
RET002050,ORD00048945,CUST002437,29/11/2020,No longer needed,48.88,3.06,France,Central
RET002051,ORD00026692,CUST001858,11/08/2021,Damage in shipping,124.55,17.08,Australia,South
RET002052,ORD00007740,CUST000505,21/04/2025,Wrong item,382.88,34.52,France,North
RET002053,ORD00023296,CUST001384,02/04/2022,Defective,202.04,35.03,Germany,Central
RET002054,ORD00004078,CUST000394,09/09/2023,Better price found,105.85,8.54,Canada,North
RET002055,ORD00017532,CUST003107,07/07/2023,Damage in shipping,231.78,30.87,UK,Central
RET002056,ORD00015914,CUST004522,22/07/2021,Wrong item,117.86,2.23,UK,North
RET002057,ORD00002520,CUST001948,25/07/2020,Not as described,115.36,4.87,Canada,West
RET002058,ORD00003310,CUST000560,14/11/2022,Not as described,208.83,9.03,Canada,North
RET002059,ORD00031758,CUST000032,05/02/2022,No longer needed,4.95,0.41,Germany,Central
RET002060,ORD00030861,CUST001531,01/07/2024,Defective,299.72,49.78,India,East
RET002061,ORD00000427,CUST003153,25/10/2026,Damage in shipping,552.72,86.48,Canada,Central
RET002062,ORD00035734,CUST001405,18/03/2023,Not as described,86.15,2.54,France,West
RET002063,ORD00030999,CUST004633,09/05/2020,Quality issue,138.44,17.34,USA,East
RET002064,ORD00018691,CUST000278,08/04/2026,Not as described,352.25,23.69,Canada,Central
RET002065,ORD00019273,CUST002265,10/01/2026,Defective,195.05,23.85,Japan,Central
RET002066,ORD00006317,CUST001680,13/04/2026,Damage in shipping,95.15,0.88,Japan,East
RET002067,ORD00030762,CUST002804,09/10/2025,No longer needed,180.15,16.88,France,West
RET002068,ORD00040049,CUST003072,04/07/2026,Damage in shipping,173.77,18.16,France,East
RET002069,ORD00035329,CUST000209,23/09/2021,No longer needed,45.02,7.48,UK,North
RET002070,ORD00027411,CUST004349,19/05/2021,Damage in shipping,20.91,0.9,Germany,East
RET002071,ORD00038002,CUST001073,10/11/2025,Wrong item,144.45,25.01,France,Central
RET002072,ORD00044256,CUST003395,30/04/2021,Better price found,90.43,13.37,Japan,North
RET002073,ORD00037732,CUST000271,17/11/2024,Damage in shipping,95.03,11.55,France,Central
RET002074,ORD00040036,CUST003093,19/05/2026,Changed mind,225.14,17.53,India,East
RET002075,ORD00001441,CUST002151,09/11/2026,Quality issue,818.64,130.11,Canada,South
RET002076,ORD00037260,CUST003709,13/06/2024,Quality issue,373.94,47.51,Canada,North
RET002077,ORD00005899,CUST004702,25/03/2024,Not as described,73.9,6.33,Canada,West
RET002078,ORD00027808,CUST003681,11/12/2020,Changed mind,204.89,8.22,Germany,North
RET002079,ORD00006943,CUST004219,18/11/2021,Wrong item,552.23,35.04,Japan,South
RET002080,ORD00029460,CUST001359,27/05/2026,Better price found,256.52,31.88,UK,South
RET002081,ORD00024140,CUST001585,06/03/2021,Damage in shipping,213.3,5.24,Australia,East
RET002082,ORD00006770,CUST003386,13/02/2026,Wrong item,235.24,25.88,India,North
RET002083,ORD00037221,CUST002379,09/11/2025,Not as described,602.76,20.09,Australia,West
RET002084,ORD00012166,CUST002463,26/12/2026,Defective,720.45,3.05,France,North
RET002085,ORD00028473,CUST000446,09/05/2020,Quality issue,23.94,3.4,India,South
RET002086,ORD00043095,CUST003037,10/09/2022,No longer needed,332.44,27.36,Japan,West
RET002087,ORD00002225,CUST001541,11/10/2024,Defective,145.33,9.49,UK,East
RET002088,ORD00038333,CUST002323,21/11/2026,No longer needed,118.85,11.18,France,South
RET002089,ORD00001446,CUST002911,15/08/2021,Changed mind,21.53,0.06,Australia,North
RET002090,ORD00043090,CUST001077,30/04/2022,Changed mind,508.77,1.07,UK,East
RET002091,ORD00016659,CUST004994,05/08/2022,Wrong item,63.41,6.64,Canada,South
RET002092,ORD00001111,CUST002283,07/11/2023,Wrong item,243.54,9.51,Australia,East
RET002093,ORD00038448,CUST003528,15/02/2022,Defective,179.22,16.21,India,West
RET002094,ORD00031979,CUST001958,06/08/2026,Wrong item,37.16,5.01,UK,West
RET002095,ORD00038353,CUST004753,07/05/2022,Changed mind,147.59,4.68,France,Central
RET002096,ORD00030523,CUST004128,04/03/2021,No longer needed,0.1,0.01,Germany,East
RET002097,ORD00005852,CUST002585,19/03/2022,No longer needed,2.11,0.28,France,South
RET002098,ORD00015090,CUST002323,11/04/2021,Wrong item,59.7,3.37,France,South
RET002099,ORD00027879,CUST003531,13/10/2023,Changed mind,42.58,0.68,UK,South
RET002100,ORD00004493,CUST003551,01/02/2023,Defective,188.67,29.27,Germany,South
RET002101,ORD00001049,CUST001310,16/04/2022,No longer needed,109.92,2.37,UK,South
RET002102,ORD00004750,CUST004375,13/02/2023,Not as described,225.3,25.81,USA,Central
RET002103,ORD00003760,CUST000864,06/08/2022,Better price found,144.83,17.76,Japan,West
RET002104,ORD00044817,CUST003403,27/05/2022,Damage in shipping,45.76,2.36,India,West
RET002105,ORD00035474,CUST003924,16/05/2024,Not as described,2.86,0.37,USA,North
RET002106,ORD00047848,CUST004955,06/06/2022,Better price found,491.48,71.96,USA,Central
RET002107,ORD00000340,CUST000712,06/02/2021,Quality issue,36.47,6.48,UK,Central
RET002108,ORD00031501,CUST000523,15/03/2021,Not as described,17.23,2.89,Japan,East
RET002109,ORD00027131,CUST001366,05/06/2021,No longer needed,121.86,7.3,UK,East
RET002110,ORD00029434,CUST001914,20/04/2025,Changed mind,397.22,7.66,Japan,West
RET002111,ORD00040472,CUST000100,11/08/2024,Changed mind,588.2,2.21,USA,North
RET002112,ORD00004624,CUST001386,23/02/2023,Better price found,50.37,8.28,India,North
RET002113,ORD00021128,CUST001234,02/04/2022,Not as described,92,10.99,Canada,South
RET002114,ORD00048844,CUST004515,12/07/2023,Quality issue,403.13,20.48,Canada,East
RET002115,ORD00002969,CUST002887,05/02/2025,Wrong item,396.69,18.43,Canada,South
RET002116,ORD00040632,CUST004376,05/03/2021,Damage in shipping,178.39,11.54,USA,North
RET002117,ORD00032711,CUST004041,25/11/2025,Changed mind,28.48,2.03,Japan,Central
RET002118,ORD00005546,CUST004696,08/10/2024,Better price found,247.18,31.74,France,West
RET002119,ORD00004933,CUST004992,23/09/2021,Not as described,38.97,3.42,Japan,Central
RET002120,ORD00041123,CUST002074,03/11/2022,Damage in shipping,90.98,10.72,Canada,East
RET002121,ORD00015561,CUST000944,01/09/2021,No longer needed,19.4,1.16,India,Central
RET002122,ORD00037303,CUST001364,28/05/2024,Better price found,44.43,0.09,Japan,East
RET002123,ORD00037315,CUST004365,22/04/2022,No longer needed,40.13,4.62,France,Central
RET002124,ORD00043260,CUST003061,01/04/2021,Damage in shipping,21.3,0.54,France,East
RET002125,ORD00002087,CUST004161,08/08/2025,Not as described,406.99,37.38,Japan,North
RET002126,ORD00045939,CUST000988,25/01/2021,Defective,49.83,1.56,India,Central
RET002127,ORD00048483,CUST003546,07/07/2025,Defective,319.65,64.01,USA,Central
RET002128,ORD00004486,CUST002578,04/06/2020,Defective,52.45,7.35,Germany,East
RET002129,ORD00033823,CUST003997,06/09/2022,No longer needed,1.57,0.23,Japan,Central
